{
  "experiment_name": "wst_popolar_k20_WithModel",
  "config": {
    "dataset_path": "/home/brusc/Projects/random_forest/datasets/dataset_rgb_speckle_55/mini",
    "area_name": "popolar",
    "feature_method": "wst",
    "k_features": 20,
    "output_dir": "/home/brusc/Projects/random_forest/experiments_organized/speckle_output/dataset_rgb_speckle_55/popolar/mini/k20/wst",
    "n_estimators": 3,
    "test_size": 0.2,
    "random_state": 42,
    "cv_folds": 5
  },
  "dataset_info": {
    "data_directory": "/home/brusc/Projects/random_forest/datasets/dataset_rgb_speckle_55/mini",
    "area_name": "popolar",
    "total_images": 15,
    "classes": {
      "low_veg": 5,
      "trees": 5,
      "water": 5
    },
    "image_shape": [
      3,
      128,
      128
    ],
    "total_features_available": 486,
    "feature_method": "wst",
    "dataset_type": "mini",
    "k_features": 20
  },
  "feature_selection": {
    "method": "SelectKBest_k20",
    "num_features": 20,
    "selected_features": [
      "R_wst_mean_8",
      "R_wst_mean_71",
      "R_wst_mean_79",
      "R_wst_std_17",
      "G_wst_std_0",
      "B_wst_mean_0",
      "B_wst_mean_1",
      "B_wst_mean_6",
      "B_wst_mean_8",
      "B_wst_mean_21",
      "B_wst_mean_53",
      "B_wst_mean_54",
      "B_wst_mean_66",
      "B_wst_mean_70",
      "B_wst_mean_71",
      "B_wst_mean_73",
      "B_wst_mean_75",
      "B_wst_mean_78",
      "B_wst_mean_79",
      "B_wst_std_70"
    ],
    "feature_scores": [
      0.8933564583564588,
      0.8168244718244724,
      0.8057133607133615,
      1.032673437673438,
      0.8279355829355832,
      0.9480149480149485,
      0.8384911384911387,
      0.8202371702371709,
      0.8640466940466947,
      0.8279355829355832,
      0.8069038369038373,
      0.8100784400784407,
      0.8555851555851561,
      0.8346816146816152,
      0.8251578051578055,
      0.98955340955341,
      0.9646816146816151,
      0.8980149480149484,
      0.8757927257927265,
      0.8804512154512156
    ]
  },
  "performance": {
    "test_accuracy": 0.6666666666666666,
    "cv_mean_accuracy": 0.9333333333333332,
    "cv_std_accuracy": 0.13333333333333336,
    "cv_scores": [
      1.0,
      1.0,
      1.0,
      0.6666666666666666,
      1.0
    ],
    "classification_report": {
      "low_veg": {
        "precision": 0.5,
        "recall": 1.0,
        "f1-score": 0.6666666666666666,
        "support": 1.0
      },
      "trees": {
        "precision": 1.0,
        "recall": 1.0,
        "f1-score": 1.0,
        "support": 1.0
      },
      "water": {
        "precision": 0.0,
        "recall": 0.0,
        "f1-score": 0.0,
        "support": 1.0
      },
      "accuracy": 0.6666666666666666,
      "macro avg": {
        "precision": 0.5,
        "recall": 0.6666666666666666,
        "f1-score": 0.5555555555555555,
        "support": 3.0
      },
      "weighted avg": {
        "precision": 0.5,
        "recall": 0.6666666666666666,
        "f1-score": 0.5555555555555555,
        "support": 3.0
      }
    },
    "confusion_matrix": [
      [
        1,
        0,
        0
      ],
      [
        0,
        1,
        0
      ],
      [
        1,
        0,
        0
      ]
    ]
  },
  "model_files": {
    "trained_model": "trained_model.joblib",
    "scaler": "scaler.joblib",
    "feature_selector": "feature_selector.joblib",
    "feature_names": "feature_names.json"
  },
  "timestamp": "2025-07-22T02:54:17.329572"
}