{
  "experiment_name": "advanced_stats_assatigue_k20_WithModel",
  "config": {
    "dataset_path": "/home/brusc/Projects/random_forest/datasets/dataset_rgb_gaussian_30/original",
    "area_name": "assatigue",
    "feature_method": "advanced_stats",
    "k_features": 20,
    "output_dir": "/home/brusc/Projects/random_forest/experiments_organized/gaussian_output/rgb_gaussian30/assatigue/original/k20/advanced_stats",
    "n_estimators": 50,
    "test_size": 0.2,
    "random_state": 42,
    "cv_folds": 5
  },
  "dataset_info": {
    "data_directory": "/home/brusc/Projects/random_forest/datasets/dataset_rgb_gaussian_30/original",
    "area_name": "assatigue",
    "total_images": 116,
    "classes": {
      "low_veg": 40,
      "water": 40,
      "trees": 36
    },
    "image_shape": [
      3,
      128,
      128
    ],
    "total_features_available": 54,
    "feature_method": "advanced_stats",
    "dataset_type": "original",
    "k_features": 20
  },
  "feature_selection": {
    "method": "SelectKBest_k20",
    "num_features": 20,
    "selected_features": [
      "R_p10",
      "R_p25",
      "R_p90",
      "G_mean",
      "G_skew",
      "G_cv",
      "G_p10",
      "G_p25",
      "G_p50",
      "G_p75",
      "G_p90",
      "G_iqr",
      "B_mean",
      "B_skew",
      "B_cv",
      "B_p10",
      "B_p25",
      "B_p50",
      "B_p75",
      "B_p90"
    ],
    "feature_scores": [
      0.6533743694885634,
      0.6495883814620236,
      0.6549882456508098,
      0.6569580583093211,
      0.6426760759238903,
      0.6598800405416483,
      0.6475813478550243,
      0.6714524480192283,
      0.6370374855870242,
      0.629425868277131,
      0.7205529491465485,
      0.8172351558455466,
      0.6604978066611786,
      0.6390519153877012,
      0.6979700515842451,
      0.6926889103117249,
      0.6935306810888404,
      0.672135522393722,
      0.6244802847253934,
      0.6395797317509166
    ]
  },
  "performance": {
    "test_accuracy": 0.875,
    "cv_mean_accuracy": 0.8028985507246377,
    "cv_std_accuracy": 0.07016648369223308,
    "cv_scores": [
      0.6666666666666666,
      0.8260869565217391,
      0.8260869565217391,
      0.8695652173913043,
      0.8260869565217391
    ],
    "classification_report": {
      "low_veg": {
        "precision": 0.7777777777777778,
        "recall": 0.875,
        "f1-score": 0.8235294117647058,
        "support": 8.0
      },
      "trees": {
        "precision": 1.0,
        "recall": 1.0,
        "f1-score": 1.0,
        "support": 8.0
      },
      "water": {
        "precision": 0.8571428571428571,
        "recall": 0.75,
        "f1-score": 0.8,
        "support": 8.0
      },
      "accuracy": 0.875,
      "macro avg": {
        "precision": 0.8783068783068783,
        "recall": 0.875,
        "f1-score": 0.8745098039215686,
        "support": 24.0
      },
      "weighted avg": {
        "precision": 0.8783068783068783,
        "recall": 0.875,
        "f1-score": 0.8745098039215686,
        "support": 24.0
      }
    },
    "confusion_matrix": [
      [
        7,
        0,
        1
      ],
      [
        0,
        8,
        0
      ],
      [
        2,
        0,
        6
      ]
    ]
  },
  "model_files": {
    "trained_model": "trained_model.joblib",
    "scaler": "scaler.joblib",
    "feature_selector": "feature_selector.joblib",
    "feature_names": "feature_names.json"
  },
  "timestamp": "2025-07-21T19:33:38.473685"
}