{
  "experiment_name": "wst_assatigue_k20_WithModel",
  "config": {
    "dataset_path": "/home/brusc/Projects/random_forest/datasets/dataset_rgb_salt_and_pepper_15/small",
    "area_name": "assatigue",
    "feature_method": "wst",
    "k_features": 20,
    "output_dir": "/home/brusc/Projects/random_forest/experiments_organized_2/salt_and_pepper_output/dataset_rgb_salt_and_pepper_15/assatigue/small/k20/wst",
    "n_estimators": 10,
    "test_size": 0.2,
    "random_state": 42,
    "cv_folds": 5
  },
  "dataset_info": {
    "data_directory": "/home/brusc/Projects/random_forest/datasets/dataset_rgb_salt_and_pepper_15/small",
    "area_name": "assatigue",
    "total_images": 45,
    "classes": {
      "low_veg": 15,
      "trees": 15,
      "water": 15
    },
    "image_shape": [
      3,
      128,
      128
    ],
    "total_features_available": 486,
    "feature_method": "wst",
    "dataset_type": "small",
    "k_features": 20
  },
  "feature_selection": {
    "method": "SelectKBest_k20",
    "num_features": 20,
    "selected_features": [
      "R_wst_mean_0",
      "R_wst_std_0",
      "G_wst_mean_0",
      "G_wst_std_0",
      "B_wst_mean_0",
      "B_wst_mean_20",
      "B_wst_mean_21",
      "B_wst_mean_24",
      "B_wst_mean_51",
      "B_wst_mean_52",
      "B_wst_mean_53",
      "B_wst_mean_54",
      "B_wst_mean_55",
      "B_wst_std_0",
      "B_wst_std_17",
      "B_wst_std_33",
      "B_wst_std_38",
      "B_wst_std_52",
      "B_wst_std_53",
      "B_wst_std_59"
    ],
    "feature_scores": [
      0.7120542193240926,
      0.8726402291748083,
      0.636366388636262,
      0.737205796142336,
      0.6313575702941103,
      0.4587967052332451,
      0.3898504800281697,
      0.4709968410693224,
      0.4731107857585546,
      0.5493246471101796,
      0.4423259845958576,
      0.5485442724808127,
      0.51623840163263,
      0.46966476963072123,
      0.43128055249745767,
      0.4625991065356463,
      0.4097190575079235,
      0.3943530764113068,
      0.4283000015012475,
      0.3908379898681593
    ]
  },
  "performance": {
    "test_accuracy": 0.8888888888888888,
    "cv_mean_accuracy": 0.8444444444444444,
    "cv_std_accuracy": 0.08888888888888888,
    "cv_scores": [
      0.7777777777777778,
      0.8888888888888888,
      0.7777777777777778,
      1.0,
      0.7777777777777778
    ],
    "classification_report": {
      "low_veg": {
        "precision": 0.75,
        "recall": 1.0,
        "f1-score": 0.8571428571428571,
        "support": 3.0
      },
      "trees": {
        "precision": 1.0,
        "recall": 1.0,
        "f1-score": 1.0,
        "support": 3.0
      },
      "water": {
        "precision": 1.0,
        "recall": 0.6666666666666666,
        "f1-score": 0.8,
        "support": 3.0
      },
      "accuracy": 0.8888888888888888,
      "macro avg": {
        "precision": 0.9166666666666666,
        "recall": 0.8888888888888888,
        "f1-score": 0.8857142857142858,
        "support": 9.0
      },
      "weighted avg": {
        "precision": 0.9166666666666666,
        "recall": 0.8888888888888888,
        "f1-score": 0.8857142857142857,
        "support": 9.0
      }
    },
    "confusion_matrix": [
      [
        3,
        0,
        0
      ],
      [
        0,
        3,
        0
      ],
      [
        1,
        0,
        2
      ]
    ]
  },
  "model_files": {
    "trained_model": "trained_model.joblib",
    "scaler": "scaler.joblib",
    "feature_selector": "feature_selector.joblib",
    "feature_names": "feature_names.json"
  },
  "timestamp": "2025-07-22T13:56:27.539358"
}