{
  "experiment_name": "wst_assatigue_k20_WithModel",
  "config": {
    "dataset_path": "/home/brusc/Projects/random_forest/datasets/dataset_rgb_poisson_60/mini",
    "area_name": "assatigue",
    "feature_method": "wst",
    "k_features": 20,
    "output_dir": "/home/brusc/Projects/random_forest/experiments_organized_2/poisson_output/dataset_rgb_poisson_60/assatigue/mini/k20/wst",
    "n_estimators": 3,
    "test_size": 0.2,
    "random_state": 42,
    "cv_folds": 5
  },
  "dataset_info": {
    "data_directory": "/home/brusc/Projects/random_forest/datasets/dataset_rgb_poisson_60/mini",
    "area_name": "assatigue",
    "total_images": 15,
    "classes": {
      "low_veg": 5,
      "trees": 5,
      "water": 5
    },
    "image_shape": [
      3,
      128,
      128
    ],
    "total_features_available": 486,
    "feature_method": "wst",
    "dataset_type": "mini",
    "k_features": 20
  },
  "feature_selection": {
    "method": "SelectKBest_k20",
    "num_features": 20,
    "selected_features": [
      "R_wst_std_40",
      "B_wst_mean_18",
      "B_wst_mean_19",
      "B_wst_mean_22",
      "B_wst_mean_23",
      "B_wst_mean_28",
      "B_wst_mean_29",
      "B_wst_mean_30",
      "B_wst_mean_33",
      "B_wst_mean_38",
      "B_wst_mean_45",
      "B_wst_mean_47",
      "B_wst_mean_48",
      "B_wst_mean_49",
      "B_wst_mean_50",
      "B_wst_mean_52",
      "B_wst_mean_56",
      "B_wst_mean_75",
      "B_wst_mean_78",
      "B_wst_std_47"
    ],
    "feature_scores": [
      0.9280149480149484,
      0.8742607392607396,
      0.9287051837051843,
      0.9598162948162954,
      0.917594072594073,
      0.8575940725940732,
      0.9348162948162952,
      0.967594072594073,
      0.9114035964035967,
      0.8764829614829619,
      0.920371850371851,
      1.0182289932289934,
      0.9675940725940728,
      0.8925940725940731,
      0.9292607392607395,
      0.9320385170385177,
      0.865371850371851,
      0.8898162948162953,
      0.9082289932289935,
      0.8848162948162952
    ]
  },
  "performance": {
    "test_accuracy": 1.0,
    "cv_mean_accuracy": 0.8666666666666666,
    "cv_std_accuracy": 0.16329931618554522,
    "cv_scores": [
      1.0,
      0.6666666666666666,
      1.0,
      1.0,
      0.6666666666666666
    ],
    "classification_report": {
      "low_veg": {
        "precision": 1.0,
        "recall": 1.0,
        "f1-score": 1.0,
        "support": 1.0
      },
      "trees": {
        "precision": 1.0,
        "recall": 1.0,
        "f1-score": 1.0,
        "support": 1.0
      },
      "water": {
        "precision": 1.0,
        "recall": 1.0,
        "f1-score": 1.0,
        "support": 1.0
      },
      "accuracy": 1.0,
      "macro avg": {
        "precision": 1.0,
        "recall": 1.0,
        "f1-score": 1.0,
        "support": 3.0
      },
      "weighted avg": {
        "precision": 1.0,
        "recall": 1.0,
        "f1-score": 1.0,
        "support": 3.0
      }
    },
    "confusion_matrix": [
      [
        1,
        0,
        0
      ],
      [
        0,
        1,
        0
      ],
      [
        0,
        0,
        1
      ]
    ]
  },
  "model_files": {
    "trained_model": "trained_model.joblib",
    "scaler": "scaler.joblib",
    "feature_selector": "feature_selector.joblib",
    "feature_names": "feature_names.json"
  },
  "timestamp": "2025-07-22T00:47:02.992732"
}