{
  "experiment_name": "hybrid_sunset_k10_WithModel",
  "config": {
    "dataset_path": "/home/brusc/Projects/random_forest/datasets/dataset_rgb_clean/small",
    "area_name": "sunset",
    "feature_method": "hybrid",
    "k_features": 10,
    "output_dir": "/home/brusc/Projects/random_forest/experiments_organized/gaussian_output/rgb_clean/sunset/small/k10/hybrid",
    "n_estimators": 10,
    "test_size": 0.2,
    "random_state": 42,
    "cv_folds": 5
  },
  "dataset_info": {
    "data_directory": "/home/brusc/Projects/random_forest/datasets/dataset_rgb_clean/small",
    "area_name": "sunset",
    "total_images": 45,
    "classes": {
      "garden": 15,
      "low_veg": 15,
      "trees": 15
    },
    "image_shape": [
      3,
      128,
      128
    ],
    "total_features_available": 540,
    "feature_method": "hybrid",
    "dataset_type": "small",
    "k_features": 10
  },
  "feature_selection": {
    "method": "SelectKBest_k10",
    "num_features": 10,
    "selected_features": [
      "R_wst_mean_20",
      "G_wst_mean_5",
      "G_wst_mean_11",
      "G_wst_mean_60",
      "G_wst_std_60",
      "B_wst_mean_5",
      "B_wst_mean_13",
      "B_wst_mean_37",
      "B_wst_mean_47",
      "B_wst_mean_56"
    ],
    "feature_scores": [
      0.9237381127726916,
      0.9029630635662702,
      0.8973683804715868,
      0.8959107241119699,
      0.9047967237332635,
      0.9386267734946858,
      0.9002317117662908,
      0.8943584492263614,
      0.9128360119686301,
      0.9152838201517324
    ]
  },
  "performance": {
    "test_accuracy": 0.8888888888888888,
    "cv_mean_accuracy": 0.888888888888889,
    "cv_std_accuracy": 0.09938079899999065,
    "cv_scores": [
      0.8888888888888888,
      1.0,
      1.0,
      0.7777777777777778,
      0.7777777777777778
    ],
    "classification_report": {
      "garden": {
        "precision": 1.0,
        "recall": 1.0,
        "f1-score": 1.0,
        "support": 3.0
      },
      "low_veg": {
        "precision": 0.75,
        "recall": 1.0,
        "f1-score": 0.8571428571428571,
        "support": 3.0
      },
      "trees": {
        "precision": 1.0,
        "recall": 0.6666666666666666,
        "f1-score": 0.8,
        "support": 3.0
      },
      "accuracy": 0.8888888888888888,
      "macro avg": {
        "precision": 0.9166666666666666,
        "recall": 0.8888888888888888,
        "f1-score": 0.8857142857142858,
        "support": 9.0
      },
      "weighted avg": {
        "precision": 0.9166666666666666,
        "recall": 0.8888888888888888,
        "f1-score": 0.8857142857142857,
        "support": 9.0
      }
    },
    "confusion_matrix": [
      [
        3,
        0,
        0
      ],
      [
        0,
        3,
        0
      ],
      [
        0,
        1,
        2
      ]
    ]
  },
  "model_files": {
    "trained_model": "trained_model.joblib",
    "scaler": "scaler.joblib",
    "feature_selector": "feature_selector.joblib",
    "feature_names": "feature_names.json"
  },
  "timestamp": "2025-07-21T18:33:55.697325"
}