{
  "experiment_name": "advanced_stats_popolar_k20_WithModel",
  "config": {
    "dataset_path": "/home/brusc/Projects/random_forest/datasets/dataset_rgb_speckle_35/small",
    "area_name": "popolar",
    "feature_method": "advanced_stats",
    "k_features": 20,
    "output_dir": "/home/brusc/Projects/random_forest/experiments_organized/speckle_output/dataset_rgb_speckle_35/popolar/small/k20/advanced_stats",
    "n_estimators": 10,
    "test_size": 0.2,
    "random_state": 42,
    "cv_folds": 5
  },
  "dataset_info": {
    "data_directory": "/home/brusc/Projects/random_forest/datasets/dataset_rgb_speckle_35/small",
    "area_name": "popolar",
    "total_images": 45,
    "classes": {
      "low_veg": 15,
      "trees": 15,
      "water": 15
    },
    "image_shape": [
      3,
      128,
      128
    ],
    "total_features_available": 54,
    "feature_method": "advanced_stats",
    "dataset_type": "small",
    "k_features": 20
  },
  "feature_selection": {
    "method": "SelectKBest_k20",
    "num_features": 20,
    "selected_features": [
      "R_mean",
      "R_skew",
      "R_cv",
      "R_p10",
      "R_p25",
      "R_p50",
      "R_p75",
      "R_p90",
      "R_grad_mean",
      "G_cv",
      "B_mean",
      "B_skew",
      "B_kurt",
      "B_cv",
      "B_p10",
      "B_p25",
      "B_p50",
      "B_p75",
      "B_p90",
      "B_grad_mean"
    ],
    "feature_scores": [
      0.7773380712746112,
      0.8064430095462161,
      0.8742679315378046,
      0.8611815117847184,
      0.803757824361031,
      0.7938504169536236,
      0.7440607004972404,
      0.653899472836013,
      0.7348044937410336,
      0.6586385878877221,
      0.8296333504326356,
      0.8751308558321018,
      0.717292892826815,
      1.0024721256733713,
      0.9339471230797414,
      0.9236737544730391,
      0.8520516510862304,
      0.7525505258498111,
      0.6913379424568085,
      0.7940825831171621
    ]
  },
  "performance": {
    "test_accuracy": 0.7777777777777778,
    "cv_mean_accuracy": 0.8666666666666666,
    "cv_std_accuracy": 0.04444444444444442,
    "cv_scores": [
      0.7777777777777778,
      0.8888888888888888,
      0.8888888888888888,
      0.8888888888888888,
      0.8888888888888888
    ],
    "classification_report": {
      "low_veg": {
        "precision": 0.6666666666666666,
        "recall": 0.6666666666666666,
        "f1-score": 0.6666666666666666,
        "support": 3.0
      },
      "trees": {
        "precision": 1.0,
        "recall": 0.6666666666666666,
        "f1-score": 0.8,
        "support": 3.0
      },
      "water": {
        "precision": 0.75,
        "recall": 1.0,
        "f1-score": 0.8571428571428571,
        "support": 3.0
      },
      "accuracy": 0.7777777777777778,
      "macro avg": {
        "precision": 0.8055555555555555,
        "recall": 0.7777777777777777,
        "f1-score": 0.7746031746031746,
        "support": 9.0
      },
      "weighted avg": {
        "precision": 0.8055555555555556,
        "recall": 0.7777777777777778,
        "f1-score": 0.7746031746031746,
        "support": 9.0
      }
    },
    "confusion_matrix": [
      [
        2,
        0,
        1
      ],
      [
        1,
        2,
        0
      ],
      [
        0,
        0,
        3
      ]
    ]
  },
  "model_files": {
    "trained_model": "trained_model.joblib",
    "scaler": "scaler.joblib",
    "feature_selector": "feature_selector.joblib",
    "feature_names": "feature_names.json"
  },
  "timestamp": "2025-07-22T02:13:08.063262"
}