{
  "experiment_name": "advanced_stats_sunset_k20_WithModel",
  "config": {
    "dataset_path": "/home/brusc/Projects/random_forest/datasets/dataset_rgb_poisson_60/original",
    "area_name": "sunset",
    "feature_method": "advanced_stats",
    "k_features": 20,
    "output_dir": "/home/brusc/Projects/random_forest/experiments_organized_2/poisson_output/dataset_rgb_poisson_60/sunset/original/k20/advanced_stats",
    "n_estimators": 50,
    "test_size": 0.2,
    "random_state": 42,
    "cv_folds": 5
  },
  "dataset_info": {
    "data_directory": "/home/brusc/Projects/random_forest/datasets/dataset_rgb_poisson_60/original",
    "area_name": "sunset",
    "total_images": 120,
    "classes": {
      "garden": 40,
      "low_veg": 40,
      "trees": 40
    },
    "image_shape": [
      3,
      128,
      128
    ],
    "total_features_available": 54,
    "feature_method": "advanced_stats",
    "dataset_type": "original",
    "k_features": 20
  },
  "feature_selection": {
    "method": "SelectKBest_k20",
    "num_features": 20,
    "selected_features": [
      "R_std",
      "R_var",
      "R_range",
      "R_iqr",
      "R_mad",
      "R_grad_mean",
      "G_std",
      "G_var",
      "G_iqr",
      "G_mad",
      "B_mean",
      "B_var",
      "B_skew",
      "B_p10",
      "B_p25",
      "B_p50",
      "B_p75",
      "B_iqr",
      "B_mad",
      "B_grad_mean"
    ],
    "feature_scores": [
      0.7545581065344378,
      0.7534581510551703,
      0.6709193739744164,
      0.8174550874413904,
      0.7505391818925686,
      0.6265167175158852,
      0.7264108641901359,
      0.722686174527946,
      0.6665463103933504,
      0.7134635915553629,
      0.6761350147395679,
      0.6257425304950126,
      0.7731486161752685,
      0.6667662356972324,
      0.6287649079944608,
      0.657081131380129,
      0.6576387660574015,
      0.6852820800979489,
      0.6546079371506826,
      0.6367555527498523
    ]
  },
  "performance": {
    "test_accuracy": 0.9583333333333334,
    "cv_mean_accuracy": 0.975,
    "cv_std_accuracy": 0.03333333333333334,
    "cv_scores": [
      0.9166666666666666,
      1.0,
      1.0,
      0.9583333333333334,
      1.0
    ],
    "classification_report": {
      "garden": {
        "precision": 1.0,
        "recall": 1.0,
        "f1-score": 1.0,
        "support": 8.0
      },
      "low_veg": {
        "precision": 1.0,
        "recall": 0.875,
        "f1-score": 0.9333333333333333,
        "support": 8.0
      },
      "trees": {
        "precision": 0.8888888888888888,
        "recall": 1.0,
        "f1-score": 0.9411764705882353,
        "support": 8.0
      },
      "accuracy": 0.9583333333333334,
      "macro avg": {
        "precision": 0.9629629629629629,
        "recall": 0.9583333333333334,
        "f1-score": 0.9581699346405229,
        "support": 24.0
      },
      "weighted avg": {
        "precision": 0.9629629629629629,
        "recall": 0.9583333333333334,
        "f1-score": 0.9581699346405229,
        "support": 24.0
      }
    },
    "confusion_matrix": [
      [
        8,
        0,
        0
      ],
      [
        0,
        7,
        1
      ],
      [
        0,
        0,
        8
      ]
    ]
  },
  "model_files": {
    "trained_model": "trained_model.joblib",
    "scaler": "scaler.joblib",
    "feature_selector": "feature_selector.joblib",
    "feature_names": "feature_names.json"
  },
  "timestamp": "2025-07-22T02:09:30.669800"
}