{
  "experiment_name": "hybrid_assatigue_k20_WithModel",
  "config": {
    "dataset_path": "/home/brusc/Projects/random_forest/datasets/dataset_rgb_speckle_15/mini",
    "area_name": "assatigue",
    "feature_method": "hybrid",
    "k_features": 20,
    "output_dir": "/home/brusc/Projects/random_forest/experiments_organized/speckle_output/dataset_rgb_speckle_15/assatigue/mini/k20/hybrid",
    "n_estimators": 3,
    "test_size": 0.2,
    "random_state": 42,
    "cv_folds": 5
  },
  "dataset_info": {
    "data_directory": "/home/brusc/Projects/random_forest/datasets/dataset_rgb_speckle_15/mini",
    "area_name": "assatigue",
    "total_images": 15,
    "classes": {
      "low_veg": 5,
      "trees": 5,
      "water": 5
    },
    "image_shape": [
      3,
      128,
      128
    ],
    "total_features_available": 540,
    "feature_method": "hybrid",
    "dataset_type": "mini",
    "k_features": 20
  },
  "feature_selection": {
    "method": "SelectKBest_k20",
    "num_features": 20,
    "selected_features": [
      "R_max",
      "R_cv",
      "B_max",
      "B_cv",
      "B_p10",
      "R_wst_std_78",
      "B_wst_mean_19",
      "B_wst_mean_20",
      "B_wst_mean_21",
      "B_wst_mean_30",
      "B_wst_mean_31",
      "B_wst_mean_40",
      "B_wst_mean_48",
      "B_wst_mean_49",
      "B_wst_mean_54",
      "B_wst_mean_55",
      "B_wst_mean_57",
      "B_wst_mean_62",
      "B_wst_mean_77",
      "B_wst_std_76"
    ],
    "feature_scores": [
      1.5103910903910909,
      0.8537051837051841,
      0.920489695489696,
      0.8307686757686761,
      0.8403718503718505,
      0.8947369297369301,
      0.8987051837051838,
      0.8542607392607395,
      0.8536258186258192,
      0.887594072594073,
      0.8598162948162953,
      0.9209274059274062,
      0.9453718503718507,
      0.9487051837051841,
      0.8725147075147079,
      0.9209274059274062,
      0.8842607392607398,
      0.8891813741813748,
      0.8409274059274066,
      0.9348162948162952
    ]
  },
  "performance": {
    "test_accuracy": 1.0,
    "cv_mean_accuracy": 0.8666666666666666,
    "cv_std_accuracy": 0.16329931618554522,
    "cv_scores": [
      1.0,
      0.6666666666666666,
      1.0,
      1.0,
      0.6666666666666666
    ],
    "classification_report": {
      "low_veg": {
        "precision": 1.0,
        "recall": 1.0,
        "f1-score": 1.0,
        "support": 1.0
      },
      "trees": {
        "precision": 1.0,
        "recall": 1.0,
        "f1-score": 1.0,
        "support": 1.0
      },
      "water": {
        "precision": 1.0,
        "recall": 1.0,
        "f1-score": 1.0,
        "support": 1.0
      },
      "accuracy": 1.0,
      "macro avg": {
        "precision": 1.0,
        "recall": 1.0,
        "f1-score": 1.0,
        "support": 3.0
      },
      "weighted avg": {
        "precision": 1.0,
        "recall": 1.0,
        "f1-score": 1.0,
        "support": 3.0
      }
    },
    "confusion_matrix": [
      [
        1,
        0,
        0
      ],
      [
        0,
        1,
        0
      ],
      [
        0,
        0,
        1
      ]
    ]
  },
  "model_files": {
    "trained_model": "trained_model.joblib",
    "scaler": "scaler.joblib",
    "feature_selector": "feature_selector.joblib",
    "feature_names": "feature_names.json"
  },
  "timestamp": "2025-07-22T01:10:41.510591"
}