{
  "experiment_name": "advanced_stats_popolar_k20_WithModel",
  "config": {
    "dataset_path": "/home/brusc/Projects/random_forest/datasets/dataset_rgb_speckle_55/small",
    "area_name": "popolar",
    "feature_method": "advanced_stats",
    "k_features": 20,
    "output_dir": "/home/brusc/Projects/random_forest/experiments_organized/speckle_output/dataset_rgb_speckle_55/popolar/small/k20/advanced_stats",
    "n_estimators": 10,
    "test_size": 0.2,
    "random_state": 42,
    "cv_folds": 5
  },
  "dataset_info": {
    "data_directory": "/home/brusc/Projects/random_forest/datasets/dataset_rgb_speckle_55/small",
    "area_name": "popolar",
    "total_images": 45,
    "classes": {
      "low_veg": 15,
      "trees": 15,
      "water": 15
    },
    "image_shape": [
      3,
      128,
      128
    ],
    "total_features_available": 54,
    "feature_method": "advanced_stats",
    "dataset_type": "small",
    "k_features": 20
  },
  "feature_selection": {
    "method": "SelectKBest_k20",
    "num_features": 20,
    "selected_features": [
      "R_mean",
      "R_skew",
      "R_cv",
      "R_p10",
      "R_p25",
      "R_p50",
      "R_p75",
      "R_p90",
      "R_grad_mean",
      "G_p10",
      "B_mean",
      "B_skew",
      "B_kurt",
      "B_cv",
      "B_p10",
      "B_p25",
      "B_p50",
      "B_p75",
      "B_iqr",
      "B_grad_mean"
    ],
    "feature_scores": [
      0.769357471627345,
      0.8058213164245229,
      0.8603583534615598,
      0.8025144381176448,
      0.8185456291488358,
      0.7798072070770803,
      0.7791055938754672,
      0.704607941612452,
      0.711527206395119,
      0.6655933913479015,
      0.8451889059881912,
      0.8751352650031774,
      0.685577157581668,
      0.9164162588822107,
      0.885019106651725,
      0.8829330137322988,
      0.8619980227973079,
      0.8229607419953213,
      0.679917247499715,
      0.8346442436788228
    ]
  },
  "performance": {
    "test_accuracy": 0.7777777777777778,
    "cv_mean_accuracy": 0.8666666666666666,
    "cv_std_accuracy": 0.0831479419283098,
    "cv_scores": [
      0.7777777777777778,
      0.8888888888888888,
      0.7777777777777778,
      1.0,
      0.8888888888888888
    ],
    "classification_report": {
      "low_veg": {
        "precision": 0.6666666666666666,
        "recall": 0.6666666666666666,
        "f1-score": 0.6666666666666666,
        "support": 3.0
      },
      "trees": {
        "precision": 1.0,
        "recall": 0.6666666666666666,
        "f1-score": 0.8,
        "support": 3.0
      },
      "water": {
        "precision": 0.75,
        "recall": 1.0,
        "f1-score": 0.8571428571428571,
        "support": 3.0
      },
      "accuracy": 0.7777777777777778,
      "macro avg": {
        "precision": 0.8055555555555555,
        "recall": 0.7777777777777777,
        "f1-score": 0.7746031746031746,
        "support": 9.0
      },
      "weighted avg": {
        "precision": 0.8055555555555556,
        "recall": 0.7777777777777778,
        "f1-score": 0.7746031746031746,
        "support": 9.0
      }
    },
    "confusion_matrix": [
      [
        2,
        0,
        1
      ],
      [
        1,
        2,
        0
      ],
      [
        0,
        0,
        3
      ]
    ]
  },
  "model_files": {
    "trained_model": "trained_model.joblib",
    "scaler": "scaler.joblib",
    "feature_selector": "feature_selector.joblib",
    "feature_names": "feature_names.json"
  },
  "timestamp": "2025-07-22T03:04:00.865823"
}