{
  "experiment_name": "wst_sunset_k20_WithModel",
  "config": {
    "dataset_path": "/home/brusc/Projects/random_forest/datasets/dataset_rgb_salt_and_pepper_25/mini",
    "area_name": "sunset",
    "feature_method": "wst",
    "k_features": 20,
    "output_dir": "/home/brusc/Projects/random_forest/experiments_organized_2/salt_and_pepper_output/dataset_rgb_salt_and_pepper_25/sunset/mini/k20/wst",
    "n_estimators": 3,
    "test_size": 0.2,
    "random_state": 42,
    "cv_folds": 5
  },
  "dataset_info": {
    "data_directory": "/home/brusc/Projects/random_forest/datasets/dataset_rgb_salt_and_pepper_25/mini",
    "area_name": "sunset",
    "total_images": 15,
    "classes": {
      "garden": 5,
      "low_veg": 5,
      "trees": 5
    },
    "image_shape": [
      3,
      128,
      128
    ],
    "total_features_available": 486,
    "feature_method": "wst",
    "dataset_type": "mini",
    "k_features": 20
  },
  "feature_selection": {
    "method": "SelectKBest_k20",
    "num_features": 20,
    "selected_features": [
      "R_wst_mean_1",
      "R_wst_mean_5",
      "R_wst_std_0",
      "G_wst_std_0",
      "B_wst_mean_0",
      "B_wst_mean_3",
      "B_wst_mean_5",
      "B_wst_mean_17",
      "B_wst_mean_34",
      "B_wst_mean_36",
      "B_wst_mean_42",
      "B_wst_mean_43",
      "B_wst_mean_47",
      "B_wst_mean_50",
      "B_wst_mean_51",
      "B_wst_mean_53",
      "B_wst_std_3",
      "B_wst_std_4",
      "B_wst_std_5",
      "B_wst_std_53"
    ],
    "feature_scores": [
      0.46595386095386115,
      0.4675628075628082,
      0.7829644429644431,
      0.5284670884670886,
      0.45922947422947424,
      0.46787786287786326,
      0.4899437599437604,
      0.4191501091501093,
      0.42936415436415465,
      0.43984034484034495,
      0.5931977281977285,
      0.4723776223776224,
      0.5785457135457137,
      0.5236258186258189,
      0.4509514559514567,
      0.4695204795204797,
      0.46941706441706477,
      0.5567715617715621,
      0.624393014393015,
      0.4563963813963816
    ]
  },
  "performance": {
    "test_accuracy": 0.6666666666666666,
    "cv_mean_accuracy": 0.8666666666666666,
    "cv_std_accuracy": 0.16329931618554522,
    "cv_scores": [
      1.0,
      0.6666666666666666,
      0.6666666666666666,
      1.0,
      1.0
    ],
    "classification_report": {
      "garden": {
        "precision": 1.0,
        "recall": 1.0,
        "f1-score": 1.0,
        "support": 1.0
      },
      "low_veg": {
        "precision": 0.0,
        "recall": 0.0,
        "f1-score": 0.0,
        "support": 1.0
      },
      "trees": {
        "precision": 0.5,
        "recall": 1.0,
        "f1-score": 0.6666666666666666,
        "support": 1.0
      },
      "accuracy": 0.6666666666666666,
      "macro avg": {
        "precision": 0.5,
        "recall": 0.6666666666666666,
        "f1-score": 0.5555555555555555,
        "support": 3.0
      },
      "weighted avg": {
        "precision": 0.5,
        "recall": 0.6666666666666666,
        "f1-score": 0.5555555555555555,
        "support": 3.0
      }
    },
    "confusion_matrix": [
      [
        1,
        0,
        0
      ],
      [
        0,
        0,
        1
      ],
      [
        0,
        0,
        1
      ]
    ]
  },
  "model_files": {
    "trained_model": "trained_model.joblib",
    "scaler": "scaler.joblib",
    "feature_selector": "feature_selector.joblib",
    "feature_names": "feature_names.json"
  },
  "timestamp": "2025-07-22T15:28:48.303978"
}