{
  "experiment_name": "wst_assatigue_k20_WithModel",
  "config": {
    "dataset_path": "/home/brusc/Projects/random_forest/datasets/dataset_rgb_speckle_35/small",
    "area_name": "assatigue",
    "feature_method": "wst",
    "k_features": 20,
    "output_dir": "/home/brusc/Projects/random_forest/experiments_organized/speckle_output/dataset_rgb_speckle_35/assatigue/small/k20/wst",
    "n_estimators": 10,
    "test_size": 0.2,
    "random_state": 42,
    "cv_folds": 5
  },
  "dataset_info": {
    "data_directory": "/home/brusc/Projects/random_forest/datasets/dataset_rgb_speckle_35/small",
    "area_name": "assatigue",
    "total_images": 45,
    "classes": {
      "low_veg": 15,
      "trees": 15,
      "water": 15
    },
    "image_shape": [
      3,
      128,
      128
    ],
    "total_features_available": 486,
    "feature_method": "wst",
    "dataset_type": "small",
    "k_features": 20
  },
  "feature_selection": {
    "method": "SelectKBest_k20",
    "num_features": 20,
    "selected_features": [
      "R_wst_mean_20",
      "R_wst_std_0",
      "G_wst_mean_1",
      "G_wst_mean_22",
      "G_wst_mean_23",
      "G_wst_mean_29",
      "G_wst_mean_30",
      "G_wst_mean_73",
      "G_wst_mean_78",
      "G_wst_std_0",
      "B_wst_mean_7",
      "B_wst_mean_22",
      "B_wst_mean_29",
      "B_wst_mean_45",
      "B_wst_mean_48",
      "B_wst_mean_55",
      "B_wst_mean_64",
      "B_wst_mean_71",
      "B_wst_mean_75",
      "B_wst_mean_79"
    ],
    "feature_scores": [
      0.7890271229636625,
      0.9485701725067122,
      0.7366573939272671,
      0.7718762491461226,
      0.8113862453227854,
      0.807997781934322,
      0.7521335844034578,
      0.7644600233965633,
      0.7403162042527442,
      0.9025942257954715,
      0.739488081757955,
      0.7471159477191542,
      0.7444079150111214,
      0.7439325262023995,
      0.7981637271002671,
      0.7404404627103358,
      0.7397871037236439,
      0.7356256478955214,
      0.7514449520481588,
      0.7688347227712629
    ]
  },
  "performance": {
    "test_accuracy": 1.0,
    "cv_mean_accuracy": 0.888888888888889,
    "cv_std_accuracy": 0.07027283689263066,
    "cv_scores": [
      1.0,
      0.8888888888888888,
      0.8888888888888888,
      0.8888888888888888,
      0.7777777777777778
    ],
    "classification_report": {
      "low_veg": {
        "precision": 1.0,
        "recall": 1.0,
        "f1-score": 1.0,
        "support": 3.0
      },
      "trees": {
        "precision": 1.0,
        "recall": 1.0,
        "f1-score": 1.0,
        "support": 3.0
      },
      "water": {
        "precision": 1.0,
        "recall": 1.0,
        "f1-score": 1.0,
        "support": 3.0
      },
      "accuracy": 1.0,
      "macro avg": {
        "precision": 1.0,
        "recall": 1.0,
        "f1-score": 1.0,
        "support": 9.0
      },
      "weighted avg": {
        "precision": 1.0,
        "recall": 1.0,
        "f1-score": 1.0,
        "support": 9.0
      }
    },
    "confusion_matrix": [
      [
        3,
        0,
        0
      ],
      [
        0,
        3,
        0
      ],
      [
        0,
        0,
        3
      ]
    ]
  },
  "model_files": {
    "trained_model": "trained_model.joblib",
    "scaler": "scaler.joblib",
    "feature_selector": "feature_selector.joblib",
    "feature_names": "feature_names.json"
  },
  "timestamp": "2025-07-22T02:08:30.389117"
}