{
  "experiment_name": "wst_assatigue_k2_WithModel",
  "config": {
    "dataset_path": "/home/brusc/Projects/random_forest/datasets/dataset_rgb_poisson_40/augmented",
    "area_name": "assatigue",
    "feature_method": "wst",
    "k_features": 2,
    "output_dir": "/home/brusc/Projects/random_forest/experiments_organized_2/poisson_output/dataset_rgb_poisson_40/assatigue/augmented/k2/wst",
    "n_estimators": 50,
    "test_size": 0.2,
    "random_state": 42,
    "cv_folds": 5
  },
  "dataset_info": {
    "data_directory": "/home/brusc/Projects/random_forest/datasets/dataset_rgb_poisson_40/augmented",
    "area_name": "assatigue",
    "total_images": 1624,
    "classes": {
      "low_veg": 560,
      "water": 560,
      "trees": 504
    },
    "image_shape": [
      3,
      128,
      128
    ],
    "total_features_available": 486,
    "feature_method": "wst",
    "dataset_type": "augmented",
    "k_features": 2
  },
  "feature_selection": {
    "method": "SelectKBest_k2",
    "num_features": 2,
    "selected_features": [
      "R_wst_std_0",
      "G_wst_std_0"
    ],
    "feature_scores": [
      0.8657308866420601,
      0.8557784325125166
    ]
  },
  "performance": {
    "test_accuracy": 0.9261538461538461,
    "cv_mean_accuracy": 0.9218081671415005,
    "cv_std_accuracy": 0.011879982200623295,
    "cv_scores": [
      0.9107692307692308,
      0.9076923076923077,
      0.9323076923076923,
      0.92,
      0.9382716049382716
    ],
    "classification_report": {
      "low_veg": {
        "precision": 0.9074074074074074,
        "recall": 0.875,
        "f1-score": 0.8909090909090909,
        "support": 112.0
      },
      "trees": {
        "precision": 0.9801980198019802,
        "recall": 0.9801980198019802,
        "f1-score": 0.9801980198019802,
        "support": 101.0
      },
      "water": {
        "precision": 0.896551724137931,
        "recall": 0.9285714285714286,
        "f1-score": 0.9122807017543859,
        "support": 112.0
      },
      "accuracy": 0.9261538461538461,
      "macro avg": {
        "precision": 0.9280523837824396,
        "recall": 0.927923149457803,
        "f1-score": 0.9277959374884857,
        "support": 325.0
      },
      "weighted avg": {
        "precision": 0.9262874545633167,
        "recall": 0.9261538461538461,
        "f1-score": 0.9260223285486443,
        "support": 325.0
      }
    },
    "confusion_matrix": [
      [
        98,
        2,
        12
      ],
      [
        2,
        99,
        0
      ],
      [
        8,
        0,
        104
      ]
    ]
  },
  "model_files": {
    "trained_model": "trained_model.joblib",
    "scaler": "scaler.joblib",
    "feature_selector": "feature_selector.joblib",
    "feature_names": "feature_names.json"
  },
  "timestamp": "2025-07-21T22:59:53.840881"
}