{
  "experiment_name": "hybrid_assatigue_k20_WithModel",
  "config": {
    "dataset_path": "/home/brusc/Projects/random_forest/datasets/dataset_rgb_poisson_40/mini",
    "area_name": "assatigue",
    "feature_method": "hybrid",
    "k_features": 20,
    "output_dir": "/home/brusc/Projects/random_forest/experiments_organized_2/poisson_output/dataset_rgb_poisson_40/assatigue/mini/k20/hybrid",
    "n_estimators": 3,
    "test_size": 0.2,
    "random_state": 42,
    "cv_folds": 5
  },
  "dataset_info": {
    "data_directory": "/home/brusc/Projects/random_forest/datasets/dataset_rgb_poisson_40/mini",
    "area_name": "assatigue",
    "total_images": 15,
    "classes": {
      "low_veg": 5,
      "trees": 5,
      "water": 5
    },
    "image_shape": [
      3,
      128,
      128
    ],
    "total_features_available": 540,
    "feature_method": "hybrid",
    "dataset_type": "mini",
    "k_features": 20
  },
  "feature_selection": {
    "method": "SelectKBest_k20",
    "num_features": 20,
    "selected_features": [
      "R_max",
      "R_range",
      "B_max",
      "B_p10",
      "B_wst_mean_0",
      "B_wst_mean_22",
      "B_wst_mean_23",
      "B_wst_mean_28",
      "B_wst_mean_40",
      "B_wst_mean_44",
      "B_wst_mean_46",
      "B_wst_mean_47",
      "B_wst_mean_48",
      "B_wst_mean_52",
      "B_wst_mean_56",
      "B_wst_mean_67",
      "B_wst_mean_74",
      "B_wst_mean_76",
      "B_wst_std_48",
      "B_wst_std_49"
    ],
    "feature_scores": [
      1.6979711029711033,
      1.0570385170385173,
      1.0430822880822885,
      0.8842607392607398,
      0.8687051837051842,
      0.9042607392607396,
      0.8709274059274061,
      0.8648956598956601,
      0.9070385170385171,
      0.96973692973693,
      0.9203718503718508,
      0.9030702630702634,
      0.8931496281496287,
      0.898705183705184,
      0.9598162948162952,
      0.9082289932289935,
      0.865371850371851,
      0.9209274059274062,
      0.9026734376734382,
      0.9026734376734378
    ]
  },
  "performance": {
    "test_accuracy": 1.0,
    "cv_mean_accuracy": 0.7999999999999999,
    "cv_std_accuracy": 0.16329931618554522,
    "cv_scores": [
      1.0,
      0.6666666666666666,
      1.0,
      0.6666666666666666,
      0.6666666666666666
    ],
    "classification_report": {
      "low_veg": {
        "precision": 1.0,
        "recall": 1.0,
        "f1-score": 1.0,
        "support": 1.0
      },
      "trees": {
        "precision": 1.0,
        "recall": 1.0,
        "f1-score": 1.0,
        "support": 1.0
      },
      "water": {
        "precision": 1.0,
        "recall": 1.0,
        "f1-score": 1.0,
        "support": 1.0
      },
      "accuracy": 1.0,
      "macro avg": {
        "precision": 1.0,
        "recall": 1.0,
        "f1-score": 1.0,
        "support": 3.0
      },
      "weighted avg": {
        "precision": 1.0,
        "recall": 1.0,
        "f1-score": 1.0,
        "support": 3.0
      }
    },
    "confusion_matrix": [
      [
        1,
        0,
        0
      ],
      [
        0,
        1,
        0
      ],
      [
        0,
        0,
        1
      ]
    ]
  },
  "model_files": {
    "trained_model": "trained_model.joblib",
    "scaler": "scaler.joblib",
    "feature_selector": "feature_selector.joblib",
    "feature_names": "feature_names.json"
  },
  "timestamp": "2025-07-21T20:59:34.853347"
}