{
  "experiment_name": "wst_assatigue_k20_WithModel",
  "config": {
    "dataset_path": "/home/brusc/Projects/random_forest/datasets/dataset_rgb_salt_and_pepper_15/original",
    "area_name": "assatigue",
    "feature_method": "wst",
    "k_features": 20,
    "output_dir": "/home/brusc/Projects/random_forest/experiments_organized_2/salt_and_pepper_output/dataset_rgb_salt_and_pepper_15/assatigue/original/k20/wst",
    "n_estimators": 50,
    "test_size": 0.2,
    "random_state": 42,
    "cv_folds": 5
  },
  "dataset_info": {
    "data_directory": "/home/brusc/Projects/random_forest/datasets/dataset_rgb_salt_and_pepper_15/original",
    "area_name": "assatigue",
    "total_images": 116,
    "classes": {
      "low_veg": 40,
      "water": 40,
      "trees": 36
    },
    "image_shape": [
      3,
      128,
      128
    ],
    "total_features_available": 486,
    "feature_method": "wst",
    "dataset_type": "original",
    "k_features": 20
  },
  "feature_selection": {
    "method": "SelectKBest_k20",
    "num_features": 20,
    "selected_features": [
      "R_wst_mean_0",
      "R_wst_std_0",
      "G_wst_mean_0",
      "G_wst_std_0",
      "B_wst_mean_0",
      "B_wst_mean_20",
      "B_wst_mean_31",
      "B_wst_mean_34",
      "B_wst_mean_35",
      "B_wst_mean_40",
      "B_wst_mean_52",
      "B_wst_mean_54",
      "B_wst_mean_63",
      "B_wst_mean_69",
      "B_wst_mean_73",
      "B_wst_std_0",
      "B_wst_std_1",
      "B_wst_std_5",
      "B_wst_std_28",
      "B_wst_std_68"
    ],
    "feature_scores": [
      0.6363804523171617,
      0.8882160491066673,
      0.6534855250954086,
      0.8537633821080022,
      0.6290109630312488,
      0.4326396581822314,
      0.38791690027098813,
      0.4145540247696091,
      0.3732346595711993,
      0.4083973062255626,
      0.3714641766034077,
      0.3731294359440753,
      0.3755428931056459,
      0.39233928119161465,
      0.3701589184568157,
      0.5888195309738384,
      0.377073189343873,
      0.3922429275859416,
      0.3658746498130174,
      0.38873680447778325
    ]
  },
  "performance": {
    "test_accuracy": 0.9166666666666666,
    "cv_mean_accuracy": 0.9050724637681158,
    "cv_std_accuracy": 0.0327613175520502,
    "cv_scores": [
      0.9166666666666666,
      0.8695652173913043,
      0.9130434782608695,
      0.8695652173913043,
      0.9565217391304348
    ],
    "classification_report": {
      "low_veg": {
        "precision": 1.0,
        "recall": 0.75,
        "f1-score": 0.8571428571428571,
        "support": 8.0
      },
      "trees": {
        "precision": 1.0,
        "recall": 1.0,
        "f1-score": 1.0,
        "support": 8.0
      },
      "water": {
        "precision": 0.8,
        "recall": 1.0,
        "f1-score": 0.8888888888888888,
        "support": 8.0
      },
      "accuracy": 0.9166666666666666,
      "macro avg": {
        "precision": 0.9333333333333332,
        "recall": 0.9166666666666666,
        "f1-score": 0.9153439153439153,
        "support": 24.0
      },
      "weighted avg": {
        "precision": 0.9333333333333332,
        "recall": 0.9166666666666666,
        "f1-score": 0.9153439153439153,
        "support": 24.0
      }
    },
    "confusion_matrix": [
      [
        6,
        0,
        2
      ],
      [
        0,
        8,
        0
      ],
      [
        0,
        0,
        8
      ]
    ]
  },
  "model_files": {
    "trained_model": "trained_model.joblib",
    "scaler": "scaler.joblib",
    "feature_selector": "feature_selector.joblib",
    "feature_names": "feature_names.json"
  },
  "timestamp": "2025-07-22T14:27:33.706682"
}