{
  "experiment_name": "wst_assatigue_k20_WithModel",
  "config": {
    "dataset_path": "/home/brusc/Projects/random_forest/datasets/dataset_rgb_salt_and_pepper_25/mini",
    "area_name": "assatigue",
    "feature_method": "wst",
    "k_features": 20,
    "output_dir": "/home/brusc/Projects/random_forest/experiments_organized_2/salt_and_pepper_output/dataset_rgb_salt_and_pepper_25/assatigue/mini/k20/wst",
    "n_estimators": 3,
    "test_size": 0.2,
    "random_state": 42,
    "cv_folds": 5
  },
  "dataset_info": {
    "data_directory": "/home/brusc/Projects/random_forest/datasets/dataset_rgb_salt_and_pepper_25/mini",
    "area_name": "assatigue",
    "total_images": 15,
    "classes": {
      "low_veg": 5,
      "trees": 5,
      "water": 5
    },
    "image_shape": [
      3,
      128,
      128
    ],
    "total_features_available": 486,
    "feature_method": "wst",
    "dataset_type": "mini",
    "k_features": 20
  },
  "feature_selection": {
    "method": "SelectKBest_k20",
    "num_features": 20,
    "selected_features": [
      "R_wst_mean_0",
      "R_wst_std_0",
      "R_wst_std_24",
      "G_wst_mean_0",
      "G_wst_mean_3",
      "G_wst_mean_7",
      "G_wst_mean_32",
      "G_wst_std_0",
      "G_wst_std_15",
      "G_wst_std_49",
      "B_wst_mean_0",
      "B_wst_mean_40",
      "B_wst_mean_52",
      "B_wst_mean_53",
      "B_wst_mean_59",
      "B_wst_mean_60",
      "B_wst_mean_70",
      "B_wst_mean_78",
      "B_wst_std_3",
      "B_wst_std_76"
    ],
    "feature_scores": [
      0.5729115329115333,
      0.5252131202131207,
      0.39833240833240846,
      0.5780702630702637,
      0.37016021016021083,
      0.6238615088615094,
      0.3878562178562188,
      0.5118797868797871,
      0.35825304325304397,
      0.41726939726939793,
      0.7347369297369304,
      0.49106134606134644,
      0.418652273652274,
      0.4220914270914271,
      0.40930883930883977,
      0.4424353424353429,
      0.5891813741813745,
      0.6223800273800275,
      0.7489673289673293,
      0.3936234136234136
    ]
  },
  "performance": {
    "test_accuracy": 0.0,
    "cv_mean_accuracy": 0.4666666666666666,
    "cv_std_accuracy": 0.33993463423951903,
    "cv_scores": [
      1.0,
      0.0,
      0.6666666666666666,
      0.3333333333333333,
      0.3333333333333333
    ],
    "classification_report": {
      "low_veg": {
        "precision": 0.0,
        "recall": 0.0,
        "f1-score": 0.0,
        "support": 1.0
      },
      "trees": {
        "precision": 0.0,
        "recall": 0.0,
        "f1-score": 0.0,
        "support": 1.0
      },
      "water": {
        "precision": 0.0,
        "recall": 0.0,
        "f1-score": 0.0,
        "support": 1.0
      },
      "accuracy": 0.0,
      "macro avg": {
        "precision": 0.0,
        "recall": 0.0,
        "f1-score": 0.0,
        "support": 3.0
      },
      "weighted avg": {
        "precision": 0.0,
        "recall": 0.0,
        "f1-score": 0.0,
        "support": 3.0
      }
    },
    "confusion_matrix": [
      [
        0,
        0,
        1
      ],
      [
        0,
        0,
        1
      ],
      [
        0,
        1,
        0
      ]
    ]
  },
  "model_files": {
    "trained_model": "trained_model.joblib",
    "scaler": "scaler.joblib",
    "feature_selector": "feature_selector.joblib",
    "feature_names": "feature_names.json"
  },
  "timestamp": "2025-07-22T15:21:34.149976"
}