{
  "experiment_name": "wst_assatigue_k20_WithModel",
  "config": {
    "dataset_path": "/home/brusc/Projects/random_forest/datasets/dataset_rgb_salt_and_pepper_25/small",
    "area_name": "assatigue",
    "feature_method": "wst",
    "k_features": 20,
    "output_dir": "/home/brusc/Projects/random_forest/experiments_organized_2/salt_and_pepper_output/dataset_rgb_salt_and_pepper_25/assatigue/small/k20/wst",
    "n_estimators": 10,
    "test_size": 0.2,
    "random_state": 42,
    "cv_folds": 5
  },
  "dataset_info": {
    "data_directory": "/home/brusc/Projects/random_forest/datasets/dataset_rgb_salt_and_pepper_25/small",
    "area_name": "assatigue",
    "total_images": 45,
    "classes": {
      "low_veg": 15,
      "trees": 15,
      "water": 15
    },
    "image_shape": [
      3,
      128,
      128
    ],
    "total_features_available": 486,
    "feature_method": "wst",
    "dataset_type": "small",
    "k_features": 20
  },
  "feature_selection": {
    "method": "SelectKBest_k20",
    "num_features": 20,
    "selected_features": [
      "R_wst_mean_0",
      "R_wst_mean_22",
      "R_wst_std_0",
      "G_wst_mean_0",
      "G_wst_mean_2",
      "G_wst_mean_5",
      "G_wst_mean_7",
      "G_wst_mean_8",
      "G_wst_std_0",
      "B_wst_mean_0",
      "B_wst_mean_17",
      "B_wst_mean_21",
      "B_wst_mean_22",
      "B_wst_mean_23",
      "B_wst_mean_51",
      "B_wst_mean_73",
      "B_wst_std_0",
      "B_wst_std_1",
      "B_wst_std_29",
      "B_wst_std_59"
    ],
    "feature_scores": [
      0.6477949600648334,
      0.29335155488613407,
      0.7224973564338966,
      0.6783064239096306,
      0.4806970579669312,
      0.38572160590685556,
      0.2903679998179556,
      0.29348478785236365,
      0.7342968532333931,
      0.6722217678249742,
      0.30054235145223895,
      0.2936585779998382,
      0.2976354474209799,
      0.3663700925869977,
      0.28136584374941553,
      0.2807579338952191,
      0.34046449459711314,
      0.292037062418391,
      0.2856794913143603,
      0.36405120611210084
    ]
  },
  "performance": {
    "test_accuracy": 0.7777777777777778,
    "cv_mean_accuracy": 0.8444444444444443,
    "cv_std_accuracy": 0.08888888888888889,
    "cv_scores": [
      0.8888888888888888,
      0.8888888888888888,
      0.6666666666666666,
      0.8888888888888888,
      0.8888888888888888
    ],
    "classification_report": {
      "low_veg": {
        "precision": 1.0,
        "recall": 0.3333333333333333,
        "f1-score": 0.5,
        "support": 3.0
      },
      "trees": {
        "precision": 1.0,
        "recall": 1.0,
        "f1-score": 1.0,
        "support": 3.0
      },
      "water": {
        "precision": 0.6,
        "recall": 1.0,
        "f1-score": 0.75,
        "support": 3.0
      },
      "accuracy": 0.7777777777777778,
      "macro avg": {
        "precision": 0.8666666666666667,
        "recall": 0.7777777777777777,
        "f1-score": 0.75,
        "support": 9.0
      },
      "weighted avg": {
        "precision": 0.8666666666666667,
        "recall": 0.7777777777777778,
        "f1-score": 0.75,
        "support": 9.0
      }
    },
    "confusion_matrix": [
      [
        1,
        0,
        2
      ],
      [
        0,
        3,
        0
      ],
      [
        0,
        0,
        3
      ]
    ]
  },
  "model_files": {
    "trained_model": "trained_model.joblib",
    "scaler": "scaler.joblib",
    "feature_selector": "feature_selector.joblib",
    "feature_names": "feature_names.json"
  },
  "timestamp": "2025-07-22T15:34:47.036990"
}