{
  "experiment_name": "advanced_stats_popolar_k20_WithModel",
  "config": {
    "dataset_path": "/home/brusc/Projects/random_forest/datasets/dataset_rgb_poisson_60/small",
    "area_name": "popolar",
    "feature_method": "advanced_stats",
    "k_features": 20,
    "output_dir": "/home/brusc/Projects/random_forest/experiments_organized_2/poisson_output/dataset_rgb_poisson_60/popolar/small/k20/advanced_stats",
    "n_estimators": 10,
    "test_size": 0.2,
    "random_state": 42,
    "cv_folds": 5
  },
  "dataset_info": {
    "data_directory": "/home/brusc/Projects/random_forest/datasets/dataset_rgb_poisson_60/small",
    "area_name": "popolar",
    "total_images": 45,
    "classes": {
      "low_veg": 15,
      "trees": 15,
      "water": 15
    },
    "image_shape": [
      3,
      128,
      128
    ],
    "total_features_available": 54,
    "feature_method": "advanced_stats",
    "dataset_type": "small",
    "k_features": 20
  },
  "feature_selection": {
    "method": "SelectKBest_k20",
    "num_features": 20,
    "selected_features": [
      "R_std",
      "R_var",
      "R_min",
      "R_range",
      "R_cv",
      "R_p10",
      "R_p25",
      "R_mad",
      "G_std",
      "G_var",
      "G_min",
      "G_range",
      "G_cv",
      "G_iqr",
      "G_mad",
      "B_mean",
      "B_min",
      "B_cv",
      "B_p10",
      "B_p25"
    ],
    "feature_scores": [
      0.9583681523046921,
      0.9516565922597986,
      0.9016966665645789,
      0.8924374073053196,
      0.9437787729113911,
      0.8437760160458891,
      0.8377966250664981,
      0.9692139114837843,
      1.042221767824974,
      1.031110656713863,
      0.9032642565635414,
      0.9106716639709487,
      0.831063820833694,
      0.8598563269172215,
      1.0593117149149212,
      0.8043789751782604,
      0.8534738218711457,
      1.0706549921895712,
      0.9321017553030009,
      0.9006137897464079
    ]
  },
  "performance": {
    "test_accuracy": 0.7777777777777778,
    "cv_mean_accuracy": 0.9333333333333332,
    "cv_std_accuracy": 0.08888888888888889,
    "cv_scores": [
      1.0,
      0.7777777777777778,
      1.0,
      1.0,
      0.8888888888888888
    ],
    "classification_report": {
      "low_veg": {
        "precision": 0.6,
        "recall": 1.0,
        "f1-score": 0.75,
        "support": 3.0
      },
      "trees": {
        "precision": 1.0,
        "recall": 0.3333333333333333,
        "f1-score": 0.5,
        "support": 3.0
      },
      "water": {
        "precision": 1.0,
        "recall": 1.0,
        "f1-score": 1.0,
        "support": 3.0
      },
      "accuracy": 0.7777777777777778,
      "macro avg": {
        "precision": 0.8666666666666667,
        "recall": 0.7777777777777777,
        "f1-score": 0.75,
        "support": 9.0
      },
      "weighted avg": {
        "precision": 0.8666666666666667,
        "recall": 0.7777777777777778,
        "f1-score": 0.75,
        "support": 9.0
      }
    },
    "confusion_matrix": [
      [
        3,
        0,
        0
      ],
      [
        2,
        1,
        0
      ],
      [
        0,
        0,
        3
      ]
    ]
  },
  "model_files": {
    "trained_model": "trained_model.joblib",
    "scaler": "scaler.joblib",
    "feature_selector": "feature_selector.joblib",
    "feature_names": "feature_names.json"
  },
  "timestamp": "2025-07-22T01:11:03.925289"
}