{
  "experiment_name": "wst_assatigue_k20_WithModel",
  "config": {
    "dataset_path": "/home/brusc/Projects/random_forest/datasets/dataset_rgb_uniform_10/mini",
    "area_name": "assatigue",
    "feature_method": "wst",
    "k_features": 20,
    "output_dir": "/home/brusc/Projects/random_forest/experiments_organized/uniform_output/dataset_rgb_uniform_10/assatigue/mini/k20/wst",
    "n_estimators": 3,
    "test_size": 0.2,
    "random_state": 42,
    "cv_folds": 5
  },
  "dataset_info": {
    "data_directory": "/home/brusc/Projects/random_forest/datasets/dataset_rgb_uniform_10/mini",
    "area_name": "assatigue",
    "total_images": 15,
    "classes": {
      "low_veg": 5,
      "trees": 5,
      "water": 5
    },
    "image_shape": [
      3,
      128,
      128
    ],
    "total_features_available": 486,
    "feature_method": "wst",
    "dataset_type": "mini",
    "k_features": 20
  },
  "feature_selection": {
    "method": "SelectKBest_k20",
    "num_features": 20,
    "selected_features": [
      "R_wst_mean_2",
      "R_wst_mean_6",
      "R_wst_mean_14",
      "R_wst_mean_15",
      "R_wst_mean_25",
      "R_wst_mean_27",
      "R_wst_mean_44",
      "R_wst_mean_55",
      "R_wst_mean_62",
      "R_wst_mean_68",
      "R_wst_mean_69",
      "G_wst_mean_1",
      "G_wst_mean_2",
      "G_wst_mean_7",
      "G_wst_mean_14",
      "G_wst_mean_15",
      "G_wst_mean_70",
      "G_wst_mean_71",
      "G_wst_mean_72",
      "G_wst_std_29"
    ],
    "feature_scores": [
      0.8431496281496287,
      0.9598162948162954,
      0.8709274059274061,
      0.8242607392607397,
      0.8120385170385174,
      0.815371850371851,
      0.8336258186258192,
      0.8020385170385176,
      0.829816294816295,
      0.8119591519591525,
      0.8075940725940731,
      0.8631496281496285,
      0.8502924852924858,
      0.8287051837051842,
      0.865371850371851,
      0.8731496281496287,
      0.8625940725940731,
      0.9987051837051841,
      0.8937051837051841,
      0.9209274059274064
    ]
  },
  "performance": {
    "test_accuracy": 0.6666666666666666,
    "cv_mean_accuracy": 0.8666666666666666,
    "cv_std_accuracy": 0.16329931618554522,
    "cv_scores": [
      0.6666666666666666,
      1.0,
      1.0,
      0.6666666666666666,
      1.0
    ],
    "classification_report": {
      "low_veg": {
        "precision": 0.0,
        "recall": 0.0,
        "f1-score": 0.0,
        "support": 1.0
      },
      "trees": {
        "precision": 1.0,
        "recall": 1.0,
        "f1-score": 1.0,
        "support": 1.0
      },
      "water": {
        "precision": 0.5,
        "recall": 1.0,
        "f1-score": 0.6666666666666666,
        "support": 1.0
      },
      "accuracy": 0.6666666666666666,
      "macro avg": {
        "precision": 0.5,
        "recall": 0.6666666666666666,
        "f1-score": 0.5555555555555555,
        "support": 3.0
      },
      "weighted avg": {
        "precision": 0.5,
        "recall": 0.6666666666666666,
        "f1-score": 0.5555555555555555,
        "support": 3.0
      }
    },
    "confusion_matrix": [
      [
        0,
        0,
        1
      ],
      [
        0,
        1,
        0
      ],
      [
        0,
        0,
        1
      ]
    ]
  },
  "model_files": {
    "trained_model": "trained_model.joblib",
    "scaler": "scaler.joblib",
    "feature_selector": "feature_selector.joblib",
    "feature_names": "feature_names.json"
  },
  "timestamp": "2025-07-22T03:43:14.486095"
}