{
  "experiment_name": "advanced_stats_sunset_k20_WithModel",
  "config": {
    "dataset_path": "/home/brusc/Projects/random_forest/datasets/dataset_rgb_speckle_55/small",
    "area_name": "sunset",
    "feature_method": "advanced_stats",
    "k_features": 20,
    "output_dir": "/home/brusc/Projects/random_forest/experiments_organized/speckle_output/dataset_rgb_speckle_55/sunset/small/k20/advanced_stats",
    "n_estimators": 10,
    "test_size": 0.2,
    "random_state": 42,
    "cv_folds": 5
  },
  "dataset_info": {
    "data_directory": "/home/brusc/Projects/random_forest/datasets/dataset_rgb_speckle_55/small",
    "area_name": "sunset",
    "total_images": 45,
    "classes": {
      "garden": 15,
      "low_veg": 15,
      "trees": 15
    },
    "image_shape": [
      3,
      128,
      128
    ],
    "total_features_available": 54,
    "feature_method": "advanced_stats",
    "dataset_type": "small",
    "k_features": 20
  },
  "feature_selection": {
    "method": "SelectKBest_k20",
    "num_features": 20,
    "selected_features": [
      "R_mean",
      "R_p25",
      "R_p50",
      "R_grad_mean",
      "B_mean",
      "B_std",
      "B_var",
      "B_max",
      "B_range",
      "B_skew",
      "B_kurt",
      "B_cv",
      "B_p10",
      "B_p25",
      "B_p50",
      "B_p75",
      "B_p90",
      "B_iqr",
      "B_mad",
      "B_grad_mean"
    ],
    "feature_scores": [
      0.3645648282923899,
      0.3322190363516544,
      0.33163542243470756,
      0.34517667650227724,
      0.5232675536053972,
      0.6286823712648388,
      0.6467155253867027,
      0.3786447198731149,
      0.3206533902151185,
      0.5168519524551591,
      0.5830573851182801,
      0.8037244448433107,
      0.5838134891513334,
      0.4882394952440057,
      0.5202075888787658,
      0.5487437440815879,
      0.502870728208572,
      0.5595528269740042,
      0.6051612925824699,
      0.5687239028117468
    ]
  },
  "performance": {
    "test_accuracy": 1.0,
    "cv_mean_accuracy": 0.9777777777777779,
    "cv_std_accuracy": 0.04444444444444447,
    "cv_scores": [
      1.0,
      0.8888888888888888,
      1.0,
      1.0,
      1.0
    ],
    "classification_report": {
      "garden": {
        "precision": 1.0,
        "recall": 1.0,
        "f1-score": 1.0,
        "support": 3.0
      },
      "low_veg": {
        "precision": 1.0,
        "recall": 1.0,
        "f1-score": 1.0,
        "support": 3.0
      },
      "trees": {
        "precision": 1.0,
        "recall": 1.0,
        "f1-score": 1.0,
        "support": 3.0
      },
      "accuracy": 1.0,
      "macro avg": {
        "precision": 1.0,
        "recall": 1.0,
        "f1-score": 1.0,
        "support": 9.0
      },
      "weighted avg": {
        "precision": 1.0,
        "recall": 1.0,
        "f1-score": 1.0,
        "support": 9.0
      }
    },
    "confusion_matrix": [
      [
        3,
        0,
        0
      ],
      [
        0,
        3,
        0
      ],
      [
        0,
        0,
        3
      ]
    ]
  },
  "model_files": {
    "trained_model": "trained_model.joblib",
    "scaler": "scaler.joblib",
    "feature_selector": "feature_selector.joblib",
    "feature_names": "feature_names.json"
  },
  "timestamp": "2025-07-22T03:08:26.684641"
}