{
  "experiment_name": "hybrid_popolar_k20_WithModel",
  "config": {
    "dataset_path": "/home/brusc/Projects/random_forest/datasets/dataset_rgb_uniform_10/original",
    "area_name": "popolar",
    "feature_method": "hybrid",
    "k_features": 20,
    "output_dir": "/home/brusc/Projects/random_forest/experiments_organized/uniform_output/dataset_rgb_uniform_10/popolar/original/k20/hybrid",
    "n_estimators": 50,
    "test_size": 0.2,
    "random_state": 42,
    "cv_folds": 5
  },
  "dataset_info": {
    "data_directory": "/home/brusc/Projects/random_forest/datasets/dataset_rgb_uniform_10/original",
    "area_name": "popolar",
    "total_images": 121,
    "classes": {
      "low_veg": 41,
      "trees": 40,
      "water": 40
    },
    "image_shape": [
      3,
      128,
      128
    ],
    "total_features_available": 540,
    "feature_method": "hybrid",
    "dataset_type": "original",
    "k_features": 20
  },
  "feature_selection": {
    "method": "SelectKBest_k20",
    "num_features": 20,
    "selected_features": [
      "R_std",
      "R_var",
      "R_min",
      "R_cv",
      "R_p10",
      "R_p25",
      "R_iqr",
      "R_mad",
      "G_std",
      "G_var",
      "G_min",
      "G_range",
      "G_cv",
      "G_iqr",
      "G_mad",
      "B_min",
      "B_cv",
      "B_p10",
      "B_p25",
      "B_iqr"
    ],
    "feature_scores": [
      0.9402361043196126,
      0.9424535838098191,
      1.0425462918294794,
      0.9642786954292817,
      1.0090521411910307,
      0.9515969656375753,
      1.0853151724723316,
      1.080296388388161,
      0.9562640616698841,
      0.9536434040905488,
      1.026750985561818,
      1.0069077595517903,
      0.9368106466950785,
      1.0978222968231603,
      1.0940344180352817,
      1.1003803448357539,
      1.0616385840956846,
      1.0505398372602606,
      0.9585176832209648,
      0.9594963595845389
    ]
  },
  "performance": {
    "test_accuracy": 0.96,
    "cv_mean_accuracy": 1.0,
    "cv_std_accuracy": 0.0,
    "cv_scores": [
      1.0,
      1.0,
      1.0,
      1.0,
      1.0
    ],
    "classification_report": {
      "low_veg": {
        "precision": 1.0,
        "recall": 0.8888888888888888,
        "f1-score": 0.9411764705882353,
        "support": 9.0
      },
      "trees": {
        "precision": 1.0,
        "recall": 1.0,
        "f1-score": 1.0,
        "support": 8.0
      },
      "water": {
        "precision": 0.8888888888888888,
        "recall": 1.0,
        "f1-score": 0.9411764705882353,
        "support": 8.0
      },
      "accuracy": 0.96,
      "macro avg": {
        "precision": 0.9629629629629629,
        "recall": 0.9629629629629629,
        "f1-score": 0.9607843137254902,
        "support": 25.0
      },
      "weighted avg": {
        "precision": 0.9644444444444444,
        "recall": 0.96,
        "f1-score": 0.96,
        "support": 25.0
      }
    },
    "confusion_matrix": [
      [
        8,
        0,
        1
      ],
      [
        0,
        8,
        0
      ],
      [
        0,
        0,
        8
      ]
    ]
  },
  "model_files": {
    "trained_model": "trained_model.joblib",
    "scaler": "scaler.joblib",
    "feature_selector": "feature_selector.joblib",
    "feature_names": "feature_names.json"
  },
  "timestamp": "2025-07-22T04:22:34.858915"
}