{
  "experiment_name": "hybrid_sunset_k20_WithModel",
  "config": {
    "dataset_path": "/home/brusc/Projects/random_forest/datasets/dataset_rgb_poisson_40/mini",
    "area_name": "sunset",
    "feature_method": "hybrid",
    "k_features": 20,
    "output_dir": "/home/brusc/Projects/random_forest/experiments_organized_2/poisson_output/dataset_rgb_poisson_40/sunset/mini/k20/hybrid",
    "n_estimators": 3,
    "test_size": 0.2,
    "random_state": 42,
    "cv_folds": 5
  },
  "dataset_info": {
    "data_directory": "/home/brusc/Projects/random_forest/datasets/dataset_rgb_poisson_40/mini",
    "area_name": "sunset",
    "total_images": 15,
    "classes": {
      "garden": 5,
      "low_veg": 5,
      "trees": 5
    },
    "image_shape": [
      3,
      128,
      128
    ],
    "total_features_available": 540,
    "feature_method": "hybrid",
    "dataset_type": "mini",
    "k_features": 20
  },
  "feature_selection": {
    "method": "SelectKBest_k20",
    "num_features": 20,
    "selected_features": [
      "R_max",
      "G_max",
      "R_wst_mean_10",
      "R_wst_mean_11",
      "R_wst_mean_13",
      "R_wst_std_0",
      "R_wst_std_10",
      "R_wst_std_11",
      "R_wst_std_12",
      "R_wst_std_13",
      "G_wst_mean_9",
      "G_wst_mean_10",
      "G_wst_mean_12",
      "G_wst_std_10",
      "G_wst_std_12",
      "G_wst_std_13",
      "G_wst_std_14",
      "B_wst_mean_14",
      "B_wst_std_12",
      "B_wst_std_13"
    ],
    "feature_scores": [
      1.5721435971435973,
      1.9271171421171422,
      0.746482961482962,
      0.7375147075147079,
      0.7362184112184116,
      0.9082289932289935,
      0.8764829614829617,
      0.8764829614829619,
      0.8718533318533321,
      0.9035705035705037,
      0.8947369297369303,
      0.7996575646575652,
      0.7245228845228848,
      0.7630702630702635,
      0.7402371702371706,
      0.8091260591260594,
      0.7140466940466943,
      0.7514035964035966,
      0.7347369297369304,
      0.7369038369038374
    ]
  },
  "performance": {
    "test_accuracy": 1.0,
    "cv_mean_accuracy": 0.9333333333333332,
    "cv_std_accuracy": 0.13333333333333336,
    "cv_scores": [
      1.0,
      0.6666666666666666,
      1.0,
      1.0,
      1.0
    ],
    "classification_report": {
      "garden": {
        "precision": 1.0,
        "recall": 1.0,
        "f1-score": 1.0,
        "support": 1.0
      },
      "low_veg": {
        "precision": 1.0,
        "recall": 1.0,
        "f1-score": 1.0,
        "support": 1.0
      },
      "trees": {
        "precision": 1.0,
        "recall": 1.0,
        "f1-score": 1.0,
        "support": 1.0
      },
      "accuracy": 1.0,
      "macro avg": {
        "precision": 1.0,
        "recall": 1.0,
        "f1-score": 1.0,
        "support": 3.0
      },
      "weighted avg": {
        "precision": 1.0,
        "recall": 1.0,
        "f1-score": 1.0,
        "support": 3.0
      }
    },
    "confusion_matrix": [
      [
        1,
        0,
        0
      ],
      [
        0,
        1,
        0
      ],
      [
        0,
        0,
        1
      ]
    ]
  },
  "model_files": {
    "trained_model": "trained_model.joblib",
    "scaler": "scaler.joblib",
    "feature_selector": "feature_selector.joblib",
    "feature_names": "feature_names.json"
  },
  "timestamp": "2025-07-21T21:06:24.119535"
}