{
  "experiment_name": "wst_assatigue_k20_WithModel",
  "config": {
    "dataset_path": "/home/brusc/Projects/random_forest/datasets/dataset_rgb_speckle_15/mini",
    "area_name": "assatigue",
    "feature_method": "wst",
    "k_features": 20,
    "output_dir": "/home/brusc/Projects/random_forest/experiments_organized/speckle_output/dataset_rgb_speckle_15/assatigue/mini/k20/wst",
    "n_estimators": 3,
    "test_size": 0.2,
    "random_state": 42,
    "cv_folds": 5
  },
  "dataset_info": {
    "data_directory": "/home/brusc/Projects/random_forest/datasets/dataset_rgb_speckle_15/mini",
    "area_name": "assatigue",
    "total_images": 15,
    "classes": {
      "low_veg": 5,
      "trees": 5,
      "water": 5
    },
    "image_shape": [
      3,
      128,
      128
    ],
    "total_features_available": 486,
    "feature_method": "wst",
    "dataset_type": "mini",
    "k_features": 20
  },
  "feature_selection": {
    "method": "SelectKBest_k20",
    "num_features": 20,
    "selected_features": [
      "R_wst_mean_49",
      "R_wst_std_78",
      "B_wst_mean_0",
      "B_wst_mean_18",
      "B_wst_mean_19",
      "B_wst_mean_20",
      "B_wst_mean_21",
      "B_wst_mean_30",
      "B_wst_mean_31",
      "B_wst_mean_40",
      "B_wst_mean_47",
      "B_wst_mean_48",
      "B_wst_mean_49",
      "B_wst_mean_54",
      "B_wst_mean_55",
      "B_wst_mean_56",
      "B_wst_mean_62",
      "B_wst_mean_64",
      "B_wst_mean_76",
      "B_wst_std_76"
    ],
    "feature_scores": [
      0.8109274059274063,
      0.8891813741813748,
      0.8202924852924858,
      0.812594072594073,
      0.9098162948162953,
      0.8275940725940729,
      0.829816294816295,
      0.9209274059274062,
      0.8209274059274063,
      0.8709274059274061,
      0.9131496281496287,
      0.9231496281496285,
      0.8375940725940729,
      0.8252924852924857,
      0.8764829614829619,
      0.8353718503718508,
      0.8252924852924861,
      0.8464829614829619,
      0.8487051837051844,
      0.9051866651866658
    ]
  },
  "performance": {
    "test_accuracy": 1.0,
    "cv_mean_accuracy": 0.8666666666666666,
    "cv_std_accuracy": 0.16329931618554522,
    "cv_scores": [
      1.0,
      0.6666666666666666,
      1.0,
      1.0,
      0.6666666666666666
    ],
    "classification_report": {
      "low_veg": {
        "precision": 1.0,
        "recall": 1.0,
        "f1-score": 1.0,
        "support": 1.0
      },
      "trees": {
        "precision": 1.0,
        "recall": 1.0,
        "f1-score": 1.0,
        "support": 1.0
      },
      "water": {
        "precision": 1.0,
        "recall": 1.0,
        "f1-score": 1.0,
        "support": 1.0
      },
      "accuracy": 1.0,
      "macro avg": {
        "precision": 1.0,
        "recall": 1.0,
        "f1-score": 1.0,
        "support": 3.0
      },
      "weighted avg": {
        "precision": 1.0,
        "recall": 1.0,
        "f1-score": 1.0,
        "support": 3.0
      }
    },
    "confusion_matrix": [
      [
        1,
        0,
        0
      ],
      [
        0,
        1,
        0
      ],
      [
        0,
        0,
        1
      ]
    ]
  },
  "model_files": {
    "trained_model": "trained_model.joblib",
    "scaler": "scaler.joblib",
    "feature_selector": "feature_selector.joblib",
    "feature_names": "feature_names.json"
  },
  "timestamp": "2025-07-22T01:09:29.112450"
}