{
  "experiment_name": "wst_popolar_k20_WithModel",
  "config": {
    "dataset_path": "/home/brusc/Projects/random_forest/datasets/dataset_rgb_gaussian_30/mini",
    "area_name": "popolar",
    "feature_method": "wst",
    "k_features": 20,
    "output_dir": "/home/brusc/Projects/random_forest/experiments_organized/gaussian_output/rgb_gaussian30/popolar/mini/k20/wst",
    "n_estimators": 3,
    "test_size": 0.2,
    "random_state": 42,
    "cv_folds": 5
  },
  "dataset_info": {
    "data_directory": "/home/brusc/Projects/random_forest/datasets/dataset_rgb_gaussian_30/mini",
    "area_name": "popolar",
    "total_images": 15,
    "classes": {
      "low_veg": 5,
      "trees": 5,
      "water": 5
    },
    "image_shape": [
      3,
      128,
      128
    ],
    "total_features_available": 486,
    "feature_method": "wst",
    "dataset_type": "mini",
    "k_features": 20
  },
  "feature_selection": {
    "method": "SelectKBest_k20",
    "num_features": 20,
    "selected_features": [
      "R_wst_mean_0",
      "R_wst_mean_78",
      "R_wst_std_0",
      "R_wst_std_2",
      "R_wst_std_15",
      "G_wst_std_0",
      "G_wst_std_9",
      "B_wst_mean_0",
      "B_wst_mean_1",
      "B_wst_mean_3",
      "B_wst_mean_4",
      "B_wst_mean_5",
      "B_wst_mean_12",
      "B_wst_mean_38",
      "B_wst_mean_39",
      "B_wst_mean_47",
      "B_wst_mean_63",
      "B_wst_mean_67",
      "B_wst_mean_71",
      "B_wst_std_23"
    ],
    "feature_scores": [
      0.8029355829355833,
      0.4752395752395757,
      0.8258480408480413,
      0.5550279350279357,
      0.7901073001073005,
      0.7814035964035968,
      0.5772212972212976,
      0.8842607392607398,
      0.5068220668220673,
      0.6585969585969591,
      0.6757133607133612,
      0.5474569874569881,
      0.46904428904428963,
      0.45518426018426017,
      0.568832648832649,
      0.49743534243534304,
      0.6123800273800277,
      0.5087027787027789,
      0.4623776223776226,
      0.5173800273800275
    ]
  },
  "performance": {
    "test_accuracy": 0.6666666666666666,
    "cv_mean_accuracy": 0.7999999999999999,
    "cv_std_accuracy": 0.16329931618554522,
    "cv_scores": [
      0.6666666666666666,
      1.0,
      0.6666666666666666,
      0.6666666666666666,
      1.0
    ],
    "classification_report": {
      "low_veg": {
        "precision": 0.5,
        "recall": 1.0,
        "f1-score": 0.6666666666666666,
        "support": 1.0
      },
      "trees": {
        "precision": 1.0,
        "recall": 1.0,
        "f1-score": 1.0,
        "support": 1.0
      },
      "water": {
        "precision": 0.0,
        "recall": 0.0,
        "f1-score": 0.0,
        "support": 1.0
      },
      "accuracy": 0.6666666666666666,
      "macro avg": {
        "precision": 0.5,
        "recall": 0.6666666666666666,
        "f1-score": 0.5555555555555555,
        "support": 3.0
      },
      "weighted avg": {
        "precision": 0.5,
        "recall": 0.6666666666666666,
        "f1-score": 0.5555555555555555,
        "support": 3.0
      }
    },
    "confusion_matrix": [
      [
        1,
        0,
        0
      ],
      [
        0,
        1,
        0
      ],
      [
        1,
        0,
        0
      ]
    ]
  },
  "model_files": {
    "trained_model": "trained_model.joblib",
    "scaler": "scaler.joblib",
    "feature_selector": "feature_selector.joblib",
    "feature_names": "feature_names.json"
  },
  "timestamp": "2025-07-21T19:11:28.599315"
}