{
  "experiment_name": "wst_popolar_k20_WithModel",
  "config": {
    "dataset_path": "/home/brusc/Projects/random_forest/datasets/dataset_rgb_salt_and_pepper_15/original",
    "area_name": "popolar",
    "feature_method": "wst",
    "k_features": 20,
    "output_dir": "/home/brusc/Projects/random_forest/experiments_organized_2/salt_and_pepper_output/dataset_rgb_salt_and_pepper_15/popolar/original/k20/wst",
    "n_estimators": 50,
    "test_size": 0.2,
    "random_state": 42,
    "cv_folds": 5
  },
  "dataset_info": {
    "data_directory": "/home/brusc/Projects/random_forest/datasets/dataset_rgb_salt_and_pepper_15/original",
    "area_name": "popolar",
    "total_images": 121,
    "classes": {
      "low_veg": 41,
      "trees": 40,
      "water": 40
    },
    "image_shape": [
      3,
      128,
      128
    ],
    "total_features_available": 486,
    "feature_method": "wst",
    "dataset_type": "original",
    "k_features": 20
  },
  "feature_selection": {
    "method": "SelectKBest_k20",
    "num_features": 20,
    "selected_features": [
      "R_wst_mean_0",
      "R_wst_mean_1",
      "R_wst_mean_2",
      "R_wst_mean_3",
      "R_wst_mean_5",
      "R_wst_mean_61",
      "R_wst_std_0",
      "G_wst_mean_0",
      "G_wst_std_0",
      "B_wst_mean_0",
      "B_wst_mean_2",
      "B_wst_mean_10",
      "B_wst_mean_45",
      "B_wst_mean_46",
      "B_wst_mean_50",
      "B_wst_mean_54",
      "B_wst_mean_60",
      "B_wst_mean_69",
      "B_wst_std_0",
      "B_wst_std_5"
    ],
    "feature_scores": [
      0.8529279250654007,
      0.2968789751788674,
      0.2718953490384042,
      0.2711202906705401,
      0.3015381608294201,
      0.2693829281153246,
      0.8571837546970789,
      0.5697455962323179,
      0.8924246378462599,
      0.8965311407189169,
      0.31228556666710006,
      0.2717419035240707,
      0.26850269575426533,
      0.3489456412169831,
      0.29629216210694764,
      0.2845372839613094,
      0.35288198559090933,
      0.2689767802227929,
      0.7623026445335557,
      0.2933496536556248
    ]
  },
  "performance": {
    "test_accuracy": 0.96,
    "cv_mean_accuracy": 0.9583333333333334,
    "cv_std_accuracy": 0.026352313834736508,
    "cv_scores": [
      1.0,
      0.9583333333333334,
      0.9166666666666666,
      0.9583333333333334,
      0.9583333333333334
    ],
    "classification_report": {
      "low_veg": {
        "precision": 1.0,
        "recall": 0.8888888888888888,
        "f1-score": 0.9411764705882353,
        "support": 9.0
      },
      "trees": {
        "precision": 1.0,
        "recall": 1.0,
        "f1-score": 1.0,
        "support": 8.0
      },
      "water": {
        "precision": 0.8888888888888888,
        "recall": 1.0,
        "f1-score": 0.9411764705882353,
        "support": 8.0
      },
      "accuracy": 0.96,
      "macro avg": {
        "precision": 0.9629629629629629,
        "recall": 0.9629629629629629,
        "f1-score": 0.9607843137254902,
        "support": 25.0
      },
      "weighted avg": {
        "precision": 0.9644444444444444,
        "recall": 0.96,
        "f1-score": 0.96,
        "support": 25.0
      }
    },
    "confusion_matrix": [
      [
        8,
        0,
        1
      ],
      [
        0,
        8,
        0
      ],
      [
        0,
        0,
        8
      ]
    ]
  },
  "model_files": {
    "trained_model": "trained_model.joblib",
    "scaler": "scaler.joblib",
    "feature_selector": "feature_selector.joblib",
    "feature_names": "feature_names.json"
  },
  "timestamp": "2025-07-22T14:47:50.700900"
}