{
  "experiment_name": "wst_sunset_k20_WithModel",
  "config": {
    "dataset_path": "/home/brusc/Projects/random_forest/datasets/dataset_rgb_salt_and_pepper_15/mini",
    "area_name": "sunset",
    "feature_method": "wst",
    "k_features": 20,
    "output_dir": "/home/brusc/Projects/random_forest/experiments_organized_2/salt_and_pepper_output/dataset_rgb_salt_and_pepper_15/sunset/mini/k20/wst",
    "n_estimators": 3,
    "test_size": 0.2,
    "random_state": 42,
    "cv_folds": 5
  },
  "dataset_info": {
    "data_directory": "/home/brusc/Projects/random_forest/datasets/dataset_rgb_salt_and_pepper_15/mini",
    "area_name": "sunset",
    "total_images": 15,
    "classes": {
      "garden": 5,
      "low_veg": 5,
      "trees": 5
    },
    "image_shape": [
      3,
      128,
      128
    ],
    "total_features_available": 486,
    "feature_method": "wst",
    "dataset_type": "mini",
    "k_features": 20
  },
  "feature_selection": {
    "method": "SelectKBest_k20",
    "num_features": 20,
    "selected_features": [
      "R_wst_mean_50",
      "R_wst_std_0",
      "R_wst_std_79",
      "G_wst_mean_6",
      "G_wst_mean_49",
      "G_wst_mean_80",
      "G_wst_std_0",
      "B_wst_mean_0",
      "B_wst_mean_9",
      "B_wst_mean_22",
      "B_wst_mean_38",
      "B_wst_mean_41",
      "B_wst_mean_56",
      "B_wst_mean_64",
      "B_wst_mean_73",
      "B_wst_mean_80",
      "B_wst_std_6",
      "B_wst_std_25",
      "B_wst_std_57",
      "B_wst_std_79"
    ],
    "feature_scores": [
      0.5096022496022505,
      0.7303718503718508,
      0.4826710326710333,
      0.4961606911606917,
      0.506139046139046,
      0.6668244718244725,
      0.5408480408480407,
      0.49547526547526566,
      0.4903141303141305,
      0.6089961889961895,
      0.5119856069856072,
      0.5550279350279355,
      0.4984382284382285,
      0.5478850778850783,
      0.8292607392607398,
      0.6612184112184116,
      0.4866946016946021,
      0.5264035964035971,
      0.6397650497650504,
      0.5620385170385178
    ]
  },
  "performance": {
    "test_accuracy": 1.0,
    "cv_mean_accuracy": 0.7333333333333332,
    "cv_std_accuracy": 0.13333333333333336,
    "cv_scores": [
      1.0,
      0.6666666666666666,
      0.6666666666666666,
      0.6666666666666666,
      0.6666666666666666
    ],
    "classification_report": {
      "garden": {
        "precision": 1.0,
        "recall": 1.0,
        "f1-score": 1.0,
        "support": 1.0
      },
      "low_veg": {
        "precision": 1.0,
        "recall": 1.0,
        "f1-score": 1.0,
        "support": 1.0
      },
      "trees": {
        "precision": 1.0,
        "recall": 1.0,
        "f1-score": 1.0,
        "support": 1.0
      },
      "accuracy": 1.0,
      "macro avg": {
        "precision": 1.0,
        "recall": 1.0,
        "f1-score": 1.0,
        "support": 3.0
      },
      "weighted avg": {
        "precision": 1.0,
        "recall": 1.0,
        "f1-score": 1.0,
        "support": 3.0
      }
    },
    "confusion_matrix": [
      [
        1,
        0,
        0
      ],
      [
        0,
        1,
        0
      ],
      [
        0,
        0,
        1
      ]
    ]
  },
  "model_files": {
    "trained_model": "trained_model.joblib",
    "scaler": "scaler.joblib",
    "feature_selector": "feature_selector.joblib",
    "feature_names": "feature_names.json"
  },
  "timestamp": "2025-07-22T13:50:22.180107"
}