{
  "experiment_name": "hybrid_assatigue_k10_WithModel",
  "config": {
    "dataset_path": "/home/brusc/Projects/random_forest/datasets/dataset_rgb_speckle_35/small",
    "area_name": "assatigue",
    "feature_method": "hybrid",
    "k_features": 10,
    "output_dir": "/home/brusc/Projects/random_forest/experiments_organized/speckle_output/dataset_rgb_speckle_35/assatigue/small/k10/hybrid",
    "n_estimators": 10,
    "test_size": 0.2,
    "random_state": 42,
    "cv_folds": 5
  },
  "dataset_info": {
    "data_directory": "/home/brusc/Projects/random_forest/datasets/dataset_rgb_speckle_35/small",
    "area_name": "assatigue",
    "total_images": 45,
    "classes": {
      "low_veg": 15,
      "trees": 15,
      "water": 15
    },
    "image_shape": [
      3,
      128,
      128
    ],
    "total_features_available": 540,
    "feature_method": "hybrid",
    "dataset_type": "small",
    "k_features": 10
  },
  "feature_selection": {
    "method": "SelectKBest_k10",
    "num_features": 10,
    "selected_features": [
      "G_skew",
      "G_cv",
      "G_p10",
      "B_skew",
      "B_cv",
      "B_grad_mean",
      "R_wst_std_0",
      "G_wst_mean_23",
      "G_wst_mean_29",
      "G_wst_std_0"
    ],
    "feature_scores": [
      0.8707047663079726,
      0.8428051967417367,
      0.8003247759279823,
      0.8419892842591576,
      0.8712122127467918,
      0.8077861417226817,
      0.9485701725067122,
      0.8113862453227854,
      0.807997781934322,
      0.9025942257954715
    ]
  },
  "performance": {
    "test_accuracy": 0.7777777777777778,
    "cv_mean_accuracy": 0.888888888888889,
    "cv_std_accuracy": 0.07027283689263066,
    "cv_scores": [
      0.8888888888888888,
      1.0,
      0.7777777777777778,
      0.8888888888888888,
      0.8888888888888888
    ],
    "classification_report": {
      "low_veg": {
        "precision": 0.6,
        "recall": 1.0,
        "f1-score": 0.75,
        "support": 3.0
      },
      "trees": {
        "precision": 1.0,
        "recall": 1.0,
        "f1-score": 1.0,
        "support": 3.0
      },
      "water": {
        "precision": 1.0,
        "recall": 0.3333333333333333,
        "f1-score": 0.5,
        "support": 3.0
      },
      "accuracy": 0.7777777777777778,
      "macro avg": {
        "precision": 0.8666666666666667,
        "recall": 0.7777777777777778,
        "f1-score": 0.75,
        "support": 9.0
      },
      "weighted avg": {
        "precision": 0.8666666666666667,
        "recall": 0.7777777777777778,
        "f1-score": 0.75,
        "support": 9.0
      }
    },
    "confusion_matrix": [
      [
        3,
        0,
        0
      ],
      [
        0,
        3,
        0
      ],
      [
        2,
        0,
        1
      ]
    ]
  },
  "model_files": {
    "trained_model": "trained_model.joblib",
    "scaler": "scaler.joblib",
    "feature_selector": "feature_selector.joblib",
    "feature_names": "feature_names.json"
  },
  "timestamp": "2025-07-22T02:10:18.764031"
}