{
  "experiment_name": "wst_assatigue_k20_WithModel",
  "config": {
    "dataset_path": "/home/brusc/Projects/random_forest/datasets/dataset_rgb_poisson_40/mini",
    "area_name": "assatigue",
    "feature_method": "wst",
    "k_features": 20,
    "output_dir": "/home/brusc/Projects/random_forest/experiments_organized_2/poisson_output/dataset_rgb_poisson_40/assatigue/mini/k20/wst",
    "n_estimators": 3,
    "test_size": 0.2,
    "random_state": 42,
    "cv_folds": 5
  },
  "dataset_info": {
    "data_directory": "/home/brusc/Projects/random_forest/datasets/dataset_rgb_poisson_40/mini",
    "area_name": "assatigue",
    "total_images": 15,
    "classes": {
      "low_veg": 5,
      "trees": 5,
      "water": 5
    },
    "image_shape": [
      3,
      128,
      128
    ],
    "total_features_available": 486,
    "feature_method": "wst",
    "dataset_type": "mini",
    "k_features": 20
  },
  "feature_selection": {
    "method": "SelectKBest_k20",
    "num_features": 20,
    "selected_features": [
      "R_wst_mean_55",
      "G_wst_std_31",
      "G_wst_std_58",
      "B_wst_mean_22",
      "B_wst_mean_38",
      "B_wst_mean_41",
      "B_wst_mean_43",
      "B_wst_mean_44",
      "B_wst_mean_46",
      "B_wst_mean_47",
      "B_wst_mean_48",
      "B_wst_mean_54",
      "B_wst_mean_67",
      "B_wst_mean_68",
      "B_wst_mean_75",
      "B_wst_mean_76",
      "B_wst_mean_77",
      "B_wst_mean_78",
      "B_wst_std_47",
      "B_wst_std_49"
    ],
    "feature_scores": [
      0.9159274059274063,
      0.8709274059274061,
      0.8931496281496287,
      0.8598162948162953,
      0.8607686757686761,
      0.8586258186258193,
      0.883784548784549,
      0.9475147075147079,
      0.8487051837051844,
      0.8641813741813744,
      0.9598162948162954,
      0.8464829614829619,
      0.9548956598956604,
      0.8514035964035966,
      0.8725147075147079,
      0.8947369297369303,
      0.9002924852924856,
      0.9114035964035969,
      0.8820385170385177,
      0.8948956598956603
    ]
  },
  "performance": {
    "test_accuracy": 1.0,
    "cv_mean_accuracy": 0.7999999999999999,
    "cv_std_accuracy": 0.16329931618554522,
    "cv_scores": [
      1.0,
      0.6666666666666666,
      1.0,
      0.6666666666666666,
      0.6666666666666666
    ],
    "classification_report": {
      "low_veg": {
        "precision": 1.0,
        "recall": 1.0,
        "f1-score": 1.0,
        "support": 1.0
      },
      "trees": {
        "precision": 1.0,
        "recall": 1.0,
        "f1-score": 1.0,
        "support": 1.0
      },
      "water": {
        "precision": 1.0,
        "recall": 1.0,
        "f1-score": 1.0,
        "support": 1.0
      },
      "accuracy": 1.0,
      "macro avg": {
        "precision": 1.0,
        "recall": 1.0,
        "f1-score": 1.0,
        "support": 3.0
      },
      "weighted avg": {
        "precision": 1.0,
        "recall": 1.0,
        "f1-score": 1.0,
        "support": 3.0
      }
    },
    "confusion_matrix": [
      [
        1,
        0,
        0
      ],
      [
        0,
        1,
        0
      ],
      [
        0,
        0,
        1
      ]
    ]
  },
  "model_files": {
    "trained_model": "trained_model.joblib",
    "scaler": "scaler.joblib",
    "feature_selector": "feature_selector.joblib",
    "feature_names": "feature_names.json"
  },
  "timestamp": "2025-07-21T20:57:42.690774"
}