{
  "experiment_name": "hybrid_sunset_k10_WithModel",
  "config": {
    "dataset_path": "/home/brusc/Projects/random_forest/datasets/dataset_rgb_uniform_25/small",
    "area_name": "sunset",
    "feature_method": "hybrid",
    "k_features": 10,
    "output_dir": "/home/brusc/Projects/random_forest/experiments_organized/uniform_output/dataset_rgb_uniform_25/sunset/small/k10/hybrid",
    "n_estimators": 10,
    "test_size": 0.2,
    "random_state": 42,
    "cv_folds": 5
  },
  "dataset_info": {
    "data_directory": "/home/brusc/Projects/random_forest/datasets/dataset_rgb_uniform_25/small",
    "area_name": "sunset",
    "total_images": 45,
    "classes": {
      "garden": 15,
      "low_veg": 15,
      "trees": 15
    },
    "image_shape": [
      3,
      128,
      128
    ],
    "total_features_available": 540,
    "feature_method": "hybrid",
    "dataset_type": "small",
    "k_features": 10
  },
  "feature_selection": {
    "method": "SelectKBest_k10",
    "num_features": 10,
    "selected_features": [
      "B_grad_mean",
      "R_wst_mean_11",
      "R_wst_mean_13",
      "G_wst_mean_11",
      "G_wst_mean_12",
      "G_wst_std_13",
      "B_wst_mean_10",
      "B_wst_mean_11",
      "B_wst_mean_12",
      "B_wst_mean_13"
    ],
    "feature_scores": [
      0.8685935877262057,
      0.8269853375885441,
      0.830459209395749,
      0.9079195268560665,
      0.8403776859808925,
      0.8505991928690659,
      0.8288589396582244,
      0.8669694801707257,
      0.8647522221201343,
      0.8649318881331338
    ]
  },
  "performance": {
    "test_accuracy": 0.7777777777777778,
    "cv_mean_accuracy": 0.8444444444444444,
    "cv_std_accuracy": 0.05443310539518171,
    "cv_scores": [
      0.8888888888888888,
      0.8888888888888888,
      0.8888888888888888,
      0.7777777777777778,
      0.7777777777777778
    ],
    "classification_report": {
      "garden": {
        "precision": 1.0,
        "recall": 1.0,
        "f1-score": 1.0,
        "support": 3.0
      },
      "low_veg": {
        "precision": 0.6,
        "recall": 1.0,
        "f1-score": 0.75,
        "support": 3.0
      },
      "trees": {
        "precision": 1.0,
        "recall": 0.3333333333333333,
        "f1-score": 0.5,
        "support": 3.0
      },
      "accuracy": 0.7777777777777778,
      "macro avg": {
        "precision": 0.8666666666666667,
        "recall": 0.7777777777777778,
        "f1-score": 0.75,
        "support": 9.0
      },
      "weighted avg": {
        "precision": 0.8666666666666667,
        "recall": 0.7777777777777778,
        "f1-score": 0.75,
        "support": 9.0
      }
    },
    "confusion_matrix": [
      [
        3,
        0,
        0
      ],
      [
        0,
        3,
        0
      ],
      [
        0,
        2,
        1
      ]
    ]
  },
  "model_files": {
    "trained_model": "trained_model.joblib",
    "scaler": "scaler.joblib",
    "feature_selector": "feature_selector.joblib",
    "feature_names": "feature_names.json"
  },
  "timestamp": "2025-07-22T04:51:57.615631"
}