{
  "experiment_name": "hybrid_assatigue_k20_WithModel",
  "config": {
    "dataset_path": "/home/brusc/Projects/random_forest/datasets/dataset_rgb_speckle_15/original",
    "area_name": "assatigue",
    "feature_method": "hybrid",
    "k_features": 20,
    "output_dir": "/home/brusc/Projects/random_forest/experiments_organized/speckle_output/dataset_rgb_speckle_15/assatigue/original/k20/hybrid",
    "n_estimators": 50,
    "test_size": 0.2,
    "random_state": 42,
    "cv_folds": 5
  },
  "dataset_info": {
    "data_directory": "/home/brusc/Projects/random_forest/datasets/dataset_rgb_speckle_15/original",
    "area_name": "assatigue",
    "total_images": 116,
    "classes": {
      "low_veg": 40,
      "water": 40,
      "trees": 36
    },
    "image_shape": [
      3,
      128,
      128
    ],
    "total_features_available": 540,
    "feature_method": "hybrid",
    "dataset_type": "original",
    "k_features": 20
  },
  "feature_selection": {
    "method": "SelectKBest_k20",
    "num_features": 20,
    "selected_features": [
      "R_std",
      "R_var",
      "R_min",
      "R_cv",
      "R_iqr",
      "R_mad",
      "G_std",
      "G_var",
      "G_cv",
      "G_p10",
      "G_iqr",
      "G_mad",
      "B_min",
      "B_cv",
      "B_p10",
      "B_p25",
      "R_wst_std_0",
      "G_wst_mean_6",
      "G_wst_mean_29",
      "G_wst_std_0"
    ],
    "feature_scores": [
      0.7695503083088748,
      0.7686578050531139,
      0.7264511747308162,
      0.989698065461472,
      0.7960830631812719,
      0.837464391865663,
      0.8464352274951623,
      0.8478720091043577,
      0.9516187142709918,
      0.7268348410093799,
      0.8976036026840395,
      0.9154287525578382,
      0.8180318878324304,
      0.9318444729032536,
      0.7473693436939834,
      0.7537002179014458,
      0.9233405912104287,
      0.7502793093081237,
      0.7315886001812426,
      0.9139801121301219
    ]
  },
  "performance": {
    "test_accuracy": 0.875,
    "cv_mean_accuracy": 0.9315217391304348,
    "cv_std_accuracy": 0.042876267224600056,
    "cv_scores": [
      0.875,
      0.9565217391304348,
      0.9130434782608695,
      0.9130434782608695,
      1.0
    ],
    "classification_report": {
      "low_veg": {
        "precision": 0.8571428571428571,
        "recall": 0.75,
        "f1-score": 0.8,
        "support": 8.0
      },
      "trees": {
        "precision": 1.0,
        "recall": 1.0,
        "f1-score": 1.0,
        "support": 8.0
      },
      "water": {
        "precision": 0.7777777777777778,
        "recall": 0.875,
        "f1-score": 0.8235294117647058,
        "support": 8.0
      },
      "accuracy": 0.875,
      "macro avg": {
        "precision": 0.8783068783068783,
        "recall": 0.875,
        "f1-score": 0.8745098039215686,
        "support": 24.0
      },
      "weighted avg": {
        "precision": 0.8783068783068783,
        "recall": 0.875,
        "f1-score": 0.8745098039215686,
        "support": 24.0
      }
    },
    "confusion_matrix": [
      [
        6,
        0,
        2
      ],
      [
        0,
        8,
        0
      ],
      [
        1,
        0,
        7
      ]
    ]
  },
  "model_files": {
    "trained_model": "trained_model.joblib",
    "scaler": "scaler.joblib",
    "feature_selector": "feature_selector.joblib",
    "feature_names": "feature_names.json"
  },
  "timestamp": "2025-07-22T01:39:00.818589"
}