{
  "experiment_name": "wst_sunset_k20_WithModel",
  "config": {
    "dataset_path": "/home/brusc/Projects/random_forest/datasets/dataset_rgb_speckle_55/small",
    "area_name": "sunset",
    "feature_method": "wst",
    "k_features": 20,
    "output_dir": "/home/brusc/Projects/random_forest/experiments_organized/speckle_output/dataset_rgb_speckle_55/sunset/small/k20/wst",
    "n_estimators": 10,
    "test_size": 0.2,
    "random_state": 42,
    "cv_folds": 5
  },
  "dataset_info": {
    "data_directory": "/home/brusc/Projects/random_forest/datasets/dataset_rgb_speckle_55/small",
    "area_name": "sunset",
    "total_images": 45,
    "classes": {
      "garden": 15,
      "low_veg": 15,
      "trees": 15
    },
    "image_shape": [
      3,
      128,
      128
    ],
    "total_features_available": 486,
    "feature_method": "wst",
    "dataset_type": "small",
    "k_features": 20
  },
  "feature_selection": {
    "method": "SelectKBest_k20",
    "num_features": 20,
    "selected_features": [
      "R_wst_std_0",
      "R_wst_std_3",
      "G_wst_std_0",
      "B_wst_mean_36",
      "B_wst_std_19",
      "B_wst_std_24",
      "B_wst_std_25",
      "B_wst_std_26",
      "B_wst_std_43",
      "B_wst_std_44",
      "B_wst_std_45",
      "B_wst_std_54",
      "B_wst_std_62",
      "B_wst_std_63",
      "B_wst_std_66",
      "B_wst_std_67",
      "B_wst_std_69",
      "B_wst_std_74",
      "B_wst_std_75",
      "B_wst_std_76"
    ],
    "feature_scores": [
      0.7423579909925158,
      0.7221607475142506,
      0.6793442441141171,
      0.6710519451397889,
      0.6589275709353257,
      0.7320611451800112,
      0.6660282496994268,
      0.7190000293411176,
      0.7034169087579969,
      0.6993075613153161,
      0.710558117979295,
      0.7136349177227612,
      0.6649075185786959,
      0.676105410193254,
      0.6663090207612201,
      0.6522694183882842,
      0.710559765900854,
      0.7217355448544107,
      0.6802070322147873,
      0.7039812826557041
    ]
  },
  "performance": {
    "test_accuracy": 1.0,
    "cv_mean_accuracy": 0.888888888888889,
    "cv_std_accuracy": 0.09938079899999065,
    "cv_scores": [
      1.0,
      0.7777777777777778,
      0.7777777777777778,
      1.0,
      0.8888888888888888
    ],
    "classification_report": {
      "garden": {
        "precision": 1.0,
        "recall": 1.0,
        "f1-score": 1.0,
        "support": 3.0
      },
      "low_veg": {
        "precision": 1.0,
        "recall": 1.0,
        "f1-score": 1.0,
        "support": 3.0
      },
      "trees": {
        "precision": 1.0,
        "recall": 1.0,
        "f1-score": 1.0,
        "support": 3.0
      },
      "accuracy": 1.0,
      "macro avg": {
        "precision": 1.0,
        "recall": 1.0,
        "f1-score": 1.0,
        "support": 9.0
      },
      "weighted avg": {
        "precision": 1.0,
        "recall": 1.0,
        "f1-score": 1.0,
        "support": 9.0
      }
    },
    "confusion_matrix": [
      [
        3,
        0,
        0
      ],
      [
        0,
        3,
        0
      ],
      [
        0,
        0,
        3
      ]
    ]
  },
  "model_files": {
    "trained_model": "trained_model.joblib",
    "scaler": "scaler.joblib",
    "feature_selector": "feature_selector.joblib",
    "feature_names": "feature_names.json"
  },
  "timestamp": "2025-07-22T03:08:13.544738"
}