{
  "experiment_name": "wst_assatigue_k20_WithModel",
  "config": {
    "dataset_path": "/home/brusc/Projects/random_forest/datasets/dataset_rgb_clean/original",
    "area_name": "assatigue",
    "feature_method": "wst",
    "k_features": 20,
    "output_dir": "/home/brusc/Projects/random_forest/experiments_organized/gaussian_output/rgb_clean/assatigue/original/k20/wst",
    "n_estimators": 50,
    "test_size": 0.2,
    "random_state": 42,
    "cv_folds": 5
  },
  "dataset_info": {
    "data_directory": "/home/brusc/Projects/random_forest/datasets/dataset_rgb_clean/original",
    "area_name": "assatigue",
    "total_images": 116,
    "classes": {
      "low_veg": 40,
      "water": 40,
      "trees": 36
    },
    "image_shape": [
      3,
      128,
      128
    ],
    "total_features_available": 486,
    "feature_method": "wst",
    "dataset_type": "original",
    "k_features": 20
  },
  "feature_selection": {
    "method": "SelectKBest_k20",
    "num_features": 20,
    "selected_features": [
      "R_wst_mean_7",
      "R_wst_mean_15",
      "R_wst_mean_44",
      "R_wst_mean_52",
      "R_wst_mean_53",
      "R_wst_mean_54",
      "R_wst_mean_60",
      "R_wst_mean_61",
      "R_wst_mean_62",
      "R_wst_mean_63",
      "R_wst_mean_70",
      "R_wst_mean_71",
      "R_wst_std_0",
      "G_wst_mean_15",
      "G_wst_mean_44",
      "G_wst_mean_45",
      "G_wst_mean_61",
      "G_wst_mean_62",
      "G_wst_std_0",
      "B_wst_mean_61"
    ],
    "feature_scores": [
      0.8865277051615954,
      0.9117923506875902,
      0.8864784645769059,
      0.8751730323934428,
      0.907110809415876,
      0.8776283123210962,
      0.916514076159912,
      0.9242710972181916,
      0.9070122007238142,
      0.90249688058831,
      0.8984452258125868,
      0.8725888585499184,
      0.8919893470472517,
      0.8942735529267831,
      0.8800501059977064,
      0.8751830333938861,
      0.8938211163691339,
      0.8754273643227346,
      0.9048212343416044,
      0.8874969627827891
    ]
  },
  "performance": {
    "test_accuracy": 0.9583333333333334,
    "cv_mean_accuracy": 0.9652173913043478,
    "cv_std_accuracy": 0.04259982161362051,
    "cv_scores": [
      1.0,
      0.9130434782608695,
      0.9130434782608695,
      1.0,
      1.0
    ],
    "classification_report": {
      "low_veg": {
        "precision": 0.8888888888888888,
        "recall": 1.0,
        "f1-score": 0.9411764705882353,
        "support": 8.0
      },
      "trees": {
        "precision": 1.0,
        "recall": 1.0,
        "f1-score": 1.0,
        "support": 8.0
      },
      "water": {
        "precision": 1.0,
        "recall": 0.875,
        "f1-score": 0.9333333333333333,
        "support": 8.0
      },
      "accuracy": 0.9583333333333334,
      "macro avg": {
        "precision": 0.9629629629629629,
        "recall": 0.9583333333333334,
        "f1-score": 0.9581699346405229,
        "support": 24.0
      },
      "weighted avg": {
        "precision": 0.9629629629629629,
        "recall": 0.9583333333333334,
        "f1-score": 0.9581699346405229,
        "support": 24.0
      }
    },
    "confusion_matrix": [
      [
        8,
        0,
        0
      ],
      [
        0,
        8,
        0
      ],
      [
        1,
        0,
        7
      ]
    ]
  },
  "model_files": {
    "trained_model": "trained_model.joblib",
    "scaler": "scaler.joblib",
    "feature_selector": "feature_selector.joblib",
    "feature_names": "feature_names.json"
  },
  "timestamp": "2025-07-21T18:40:26.963537"
}