{
  "experiment_name": "advanced_stats_sunset_k20_WithModel",
  "config": {
    "dataset_path": "/home/brusc/Projects/random_forest/datasets/dataset_rgb_uniform_40/mini",
    "area_name": "sunset",
    "feature_method": "advanced_stats",
    "k_features": 20,
    "output_dir": "/home/brusc/Projects/random_forest/experiments_organized/uniform_output/dataset_rgb_uniform_40/sunset/mini/k20/advanced_stats",
    "n_estimators": 3,
    "test_size": 0.2,
    "random_state": 42,
    "cv_folds": 5
  },
  "dataset_info": {
    "data_directory": "/home/brusc/Projects/random_forest/datasets/dataset_rgb_uniform_40/mini",
    "area_name": "sunset",
    "total_images": 15,
    "classes": {
      "garden": 5,
      "low_veg": 5,
      "trees": 5
    },
    "image_shape": [
      3,
      128,
      128
    ],
    "total_features_available": 54,
    "feature_method": "advanced_stats",
    "dataset_type": "mini",
    "k_features": 20
  },
  "feature_selection": {
    "method": "SelectKBest_k20",
    "num_features": 20,
    "selected_features": [
      "R_std",
      "R_var",
      "R_min",
      "R_kurt",
      "R_iqr",
      "R_mad",
      "R_grad_mean",
      "G_var",
      "G_min",
      "G_range",
      "G_kurt",
      "G_iqr",
      "G_mad",
      "G_grad_mean",
      "B_max",
      "B_skew",
      "B_kurt",
      "B_p90",
      "B_iqr",
      "B_grad_mean"
    ],
    "feature_scores": [
      0.767038517038517,
      0.7809274059274061,
      1.4776349576349581,
      0.5813242313242315,
      0.6786258186258192,
      0.7587051837051839,
      0.7787051837051842,
      0.58473692973693,
      0.8846262996262999,
      0.5669591519591521,
      0.5574353424353424,
      0.692038517038517,
      0.5441020091020095,
      1.0509274059274065,
      0.5334887334887337,
      0.627300662300663,
      0.5674346024346029,
      0.5397345247345249,
      0.525504125504126,
      0.5223776223776224
    ]
  },
  "performance": {
    "test_accuracy": 1.0,
    "cv_mean_accuracy": 0.7333333333333333,
    "cv_std_accuracy": 0.24944382578492943,
    "cv_scores": [
      0.6666666666666666,
      0.6666666666666666,
      0.3333333333333333,
      1.0,
      1.0
    ],
    "classification_report": {
      "garden": {
        "precision": 1.0,
        "recall": 1.0,
        "f1-score": 1.0,
        "support": 1.0
      },
      "low_veg": {
        "precision": 1.0,
        "recall": 1.0,
        "f1-score": 1.0,
        "support": 1.0
      },
      "trees": {
        "precision": 1.0,
        "recall": 1.0,
        "f1-score": 1.0,
        "support": 1.0
      },
      "accuracy": 1.0,
      "macro avg": {
        "precision": 1.0,
        "recall": 1.0,
        "f1-score": 1.0,
        "support": 3.0
      },
      "weighted avg": {
        "precision": 1.0,
        "recall": 1.0,
        "f1-score": 1.0,
        "support": 3.0
      }
    },
    "confusion_matrix": [
      [
        1,
        0,
        0
      ],
      [
        0,
        1,
        0
      ],
      [
        0,
        0,
        1
      ]
    ]
  },
  "model_files": {
    "trained_model": "trained_model.joblib",
    "scaler": "scaler.joblib",
    "feature_selector": "feature_selector.joblib",
    "feature_names": "feature_names.json"
  },
  "timestamp": "2025-07-22T05:29:15.927521"
}