{
  "experiment_name": "wst_popolar_k20_WithModel",
  "config": {
    "dataset_path": "/home/brusc/Projects/random_forest/datasets/dataset_rgb_clean/small",
    "area_name": "popolar",
    "feature_method": "wst",
    "k_features": 20,
    "output_dir": "/home/brusc/Projects/random_forest/experiments_organized/gaussian_output/rgb_clean/popolar/small/k20/wst",
    "n_estimators": 10,
    "test_size": 0.2,
    "random_state": 42,
    "cv_folds": 5
  },
  "dataset_info": {
    "data_directory": "/home/brusc/Projects/random_forest/datasets/dataset_rgb_clean/small",
    "area_name": "popolar",
    "total_images": 45,
    "classes": {
      "low_veg": 15,
      "trees": 15,
      "water": 15
    },
    "image_shape": [
      3,
      128,
      128
    ],
    "total_features_available": 486,
    "feature_method": "wst",
    "dataset_type": "small",
    "k_features": 20
  },
  "feature_selection": {
    "method": "SelectKBest_k20",
    "num_features": 20,
    "selected_features": [
      "R_wst_mean_1",
      "R_wst_mean_7",
      "R_wst_mean_8",
      "R_wst_mean_9",
      "R_wst_mean_10",
      "R_wst_mean_15",
      "R_wst_mean_16",
      "R_wst_mean_24",
      "R_wst_mean_65",
      "R_wst_mean_71",
      "R_wst_mean_72",
      "R_wst_mean_78",
      "R_wst_std_0",
      "G_wst_mean_1",
      "G_wst_mean_8",
      "G_wst_mean_9",
      "G_wst_mean_12",
      "G_wst_mean_16",
      "G_wst_std_0",
      "B_wst_std_0"
    ],
    "feature_scores": [
      0.9040471646503709,
      0.849673821943695,
      0.9371600394299124,
      0.9163479502844898,
      0.8700067606099668,
      0.9241182663881393,
      0.9758020147385542,
      0.8285995168007623,
      0.8658859146134756,
      0.8481754769030381,
      0.8682931477453466,
      0.8183734887677168,
      0.9642440574453031,
      0.8449554538919934,
      0.8596548285913683,
      0.9175728981761044,
      0.8265946171978236,
      0.9541970764669494,
      0.9837426851792248,
      0.8529670433612715
    ]
  },
  "performance": {
    "test_accuracy": 0.7777777777777778,
    "cv_mean_accuracy": 0.9555555555555555,
    "cv_std_accuracy": 0.054433105395181765,
    "cv_scores": [
      0.8888888888888888,
      0.8888888888888888,
      1.0,
      1.0,
      1.0
    ],
    "classification_report": {
      "low_veg": {
        "precision": 0.6666666666666666,
        "recall": 0.6666666666666666,
        "f1-score": 0.6666666666666666,
        "support": 3.0
      },
      "trees": {
        "precision": 1.0,
        "recall": 0.6666666666666666,
        "f1-score": 0.8,
        "support": 3.0
      },
      "water": {
        "precision": 0.75,
        "recall": 1.0,
        "f1-score": 0.8571428571428571,
        "support": 3.0
      },
      "accuracy": 0.7777777777777778,
      "macro avg": {
        "precision": 0.8055555555555555,
        "recall": 0.7777777777777777,
        "f1-score": 0.7746031746031746,
        "support": 9.0
      },
      "weighted avg": {
        "precision": 0.8055555555555556,
        "recall": 0.7777777777777778,
        "f1-score": 0.7746031746031746,
        "support": 9.0
      }
    },
    "confusion_matrix": [
      [
        2,
        0,
        1
      ],
      [
        1,
        2,
        0
      ],
      [
        0,
        0,
        3
      ]
    ]
  },
  "model_files": {
    "trained_model": "trained_model.joblib",
    "scaler": "scaler.joblib",
    "feature_selector": "feature_selector.joblib",
    "feature_names": "feature_names.json"
  },
  "timestamp": "2025-07-21T18:26:50.413062"
}