{
  "experiment_name": "advanced_stats_sunset_k20_WithModel",
  "config": {
    "dataset_path": "/home/brusc/Projects/random_forest/datasets/dataset_rgb_poisson_40/mini",
    "area_name": "sunset",
    "feature_method": "advanced_stats",
    "k_features": 20,
    "output_dir": "/home/brusc/Projects/random_forest/experiments_organized_2/poisson_output/dataset_rgb_poisson_40/sunset/mini/k20/advanced_stats",
    "n_estimators": 3,
    "test_size": 0.2,
    "random_state": 42,
    "cv_folds": 5
  },
  "dataset_info": {
    "data_directory": "/home/brusc/Projects/random_forest/datasets/dataset_rgb_poisson_40/mini",
    "area_name": "sunset",
    "total_images": 15,
    "classes": {
      "garden": 5,
      "low_veg": 5,
      "trees": 5
    },
    "image_shape": [
      3,
      128,
      128
    ],
    "total_features_available": 54,
    "feature_method": "advanced_stats",
    "dataset_type": "mini",
    "k_features": 20
  },
  "feature_selection": {
    "method": "SelectKBest_k20",
    "num_features": 20,
    "selected_features": [
      "R_std",
      "R_var",
      "R_max",
      "R_mad",
      "R_grad_mean",
      "G_var",
      "G_max",
      "G_range",
      "G_iqr",
      "G_mad",
      "G_grad_mean",
      "B_std",
      "B_var",
      "B_range",
      "B_skew",
      "B_kurt",
      "B_p10",
      "B_p50",
      "B_p75",
      "B_grad_mean"
    ],
    "feature_scores": [
      0.6297369297369297,
      0.6380702630702635,
      1.5772718022718024,
      0.5141813741813746,
      0.6118004218004223,
      0.5698162948162953,
      1.7592030192030195,
      0.5163242313242313,
      0.5093136493136494,
      0.5285464535464539,
      0.5801337551337555,
      0.5612448662448668,
      0.5318004218004222,
      0.6118797868797872,
      0.6578562178562182,
      0.6356339956339958,
      0.521956746956747,
      0.5189673289673293,
      0.5225628075628077,
      0.5343641543641546
    ]
  },
  "performance": {
    "test_accuracy": 0.6666666666666666,
    "cv_mean_accuracy": 0.6666666666666666,
    "cv_std_accuracy": 0.21081851067789195,
    "cv_scores": [
      1.0,
      0.6666666666666666,
      0.6666666666666666,
      0.3333333333333333,
      0.6666666666666666
    ],
    "classification_report": {
      "garden": {
        "precision": 0.5,
        "recall": 1.0,
        "f1-score": 0.6666666666666666,
        "support": 1.0
      },
      "low_veg": {
        "precision": 1.0,
        "recall": 1.0,
        "f1-score": 1.0,
        "support": 1.0
      },
      "trees": {
        "precision": 0.0,
        "recall": 0.0,
        "f1-score": 0.0,
        "support": 1.0
      },
      "accuracy": 0.6666666666666666,
      "macro avg": {
        "precision": 0.5,
        "recall": 0.6666666666666666,
        "f1-score": 0.5555555555555555,
        "support": 3.0
      },
      "weighted avg": {
        "precision": 0.5,
        "recall": 0.6666666666666666,
        "f1-score": 0.5555555555555555,
        "support": 3.0
      }
    },
    "confusion_matrix": [
      [
        1,
        0,
        0
      ],
      [
        0,
        1,
        0
      ],
      [
        1,
        0,
        0
      ]
    ]
  },
  "model_files": {
    "trained_model": "trained_model.joblib",
    "scaler": "scaler.joblib",
    "feature_selector": "feature_selector.joblib",
    "feature_names": "feature_names.json"
  },
  "timestamp": "2025-07-21T21:04:51.091968"
}