{
  "experiment_name": "wst_popolar_k20_WithModel",
  "config": {
    "dataset_path": "/home/brusc/Projects/random_forest/datasets/dataset_rgb_poisson_60/original",
    "area_name": "popolar",
    "feature_method": "wst",
    "k_features": 20,
    "output_dir": "/home/brusc/Projects/random_forest/experiments_organized_2/poisson_output/dataset_rgb_poisson_60/popolar/original/k20/wst",
    "n_estimators": 50,
    "test_size": 0.2,
    "random_state": 42,
    "cv_folds": 5
  },
  "dataset_info": {
    "data_directory": "/home/brusc/Projects/random_forest/datasets/dataset_rgb_poisson_60/original",
    "area_name": "popolar",
    "total_images": 121,
    "classes": {
      "low_veg": 41,
      "trees": 40,
      "water": 40
    },
    "image_shape": [
      3,
      128,
      128
    ],
    "total_features_available": 486,
    "feature_method": "wst",
    "dataset_type": "original",
    "k_features": 20
  },
  "feature_selection": {
    "method": "SelectKBest_k20",
    "num_features": 20,
    "selected_features": [
      "R_wst_mean_0",
      "R_wst_mean_49",
      "R_wst_std_0",
      "G_wst_std_0",
      "B_wst_mean_0",
      "B_wst_mean_29",
      "B_wst_mean_39",
      "B_wst_mean_40",
      "B_wst_mean_46",
      "B_wst_mean_47",
      "B_wst_mean_50",
      "B_wst_mean_51",
      "B_wst_mean_56",
      "B_wst_mean_57",
      "B_wst_mean_58",
      "B_wst_mean_59",
      "B_wst_mean_75",
      "B_wst_mean_76",
      "B_wst_mean_77",
      "B_wst_std_0"
    ],
    "feature_scores": [
      0.8387432948010334,
      0.8344749410188621,
      0.982058282438582,
      0.9826921454582649,
      0.9006614647166626,
      0.8332298645371752,
      0.9095507394764939,
      0.8509131705035486,
      0.8490975946271395,
      0.8391457319966826,
      0.8368907255088778,
      0.8354746523945029,
      0.8424213373029177,
      0.8384406917920457,
      0.8535487504047932,
      0.8476061172406006,
      0.8337682322759563,
      0.8478678573200762,
      0.8686065495819344,
      0.8858331564965976
    ]
  },
  "performance": {
    "test_accuracy": 0.96,
    "cv_mean_accuracy": 0.9666666666666668,
    "cv_std_accuracy": 0.0485912657903775,
    "cv_scores": [
      1.0,
      1.0,
      0.9583333333333334,
      0.875,
      1.0
    ],
    "classification_report": {
      "low_veg": {
        "precision": 0.9,
        "recall": 1.0,
        "f1-score": 0.9473684210526315,
        "support": 9.0
      },
      "trees": {
        "precision": 1.0,
        "recall": 1.0,
        "f1-score": 1.0,
        "support": 8.0
      },
      "water": {
        "precision": 1.0,
        "recall": 0.875,
        "f1-score": 0.9333333333333333,
        "support": 8.0
      },
      "accuracy": 0.96,
      "macro avg": {
        "precision": 0.9666666666666667,
        "recall": 0.9583333333333334,
        "f1-score": 0.9602339181286549,
        "support": 25.0
      },
      "weighted avg": {
        "precision": 0.9640000000000001,
        "recall": 0.96,
        "f1-score": 0.9597192982456142,
        "support": 25.0
      }
    },
    "confusion_matrix": [
      [
        9,
        0,
        0
      ],
      [
        0,
        8,
        0
      ],
      [
        1,
        0,
        7
      ]
    ]
  },
  "model_files": {
    "trained_model": "trained_model.joblib",
    "scaler": "scaler.joblib",
    "feature_selector": "feature_selector.joblib",
    "feature_names": "feature_names.json"
  },
  "timestamp": "2025-07-22T01:49:06.587411"
}