{
  "experiment_name": "advanced_stats_assatigue_k20_WithModel",
  "config": {
    "dataset_path": "/home/brusc/Projects/random_forest/datasets/dataset_rgb_gaussian_50/original",
    "area_name": "assatigue",
    "feature_method": "advanced_stats",
    "k_features": 20,
    "output_dir": "/home/brusc/Projects/random_forest/experiments_organized/gaussian_output/rgb_gaussian50/assatigue/original/k20/advanced_stats",
    "n_estimators": 50,
    "test_size": 0.2,
    "random_state": 42,
    "cv_folds": 5
  },
  "dataset_info": {
    "data_directory": "/home/brusc/Projects/random_forest/datasets/dataset_rgb_gaussian_50/original",
    "area_name": "assatigue",
    "total_images": 116,
    "classes": {
      "low_veg": 40,
      "water": 40,
      "trees": 36
    },
    "image_shape": [
      3,
      128,
      128
    ],
    "total_features_available": 54,
    "feature_method": "advanced_stats",
    "dataset_type": "original",
    "k_features": 20
  },
  "feature_selection": {
    "method": "SelectKBest_k20",
    "num_features": 20,
    "selected_features": [
      "R_mean",
      "R_skew",
      "R_cv",
      "R_p25",
      "R_p50",
      "R_p75",
      "G_mean",
      "G_skew",
      "G_cv",
      "G_p25",
      "G_p50",
      "G_p75",
      "B_mean",
      "B_skew",
      "B_cv",
      "B_p25",
      "B_p50",
      "B_p75",
      "B_iqr",
      "B_grad_mean"
    ],
    "feature_scores": [
      0.6123078295376423,
      0.6074585600331999,
      0.6473562984109749,
      0.6331021608542857,
      0.6067907926248142,
      0.6119692423136485,
      0.6732555778395992,
      0.6471297879207059,
      0.6632320046694746,
      0.6943525364365581,
      0.6643814299568309,
      0.6444959036057869,
      0.6552888591452599,
      0.663787945640973,
      0.655121460998586,
      0.7042281732518498,
      0.6676081729731942,
      0.5767413062882687,
      0.5203150960406231,
      0.500911228054834
    ]
  },
  "performance": {
    "test_accuracy": 0.7916666666666666,
    "cv_mean_accuracy": 0.8028985507246376,
    "cv_std_accuracy": 0.09726354629311604,
    "cv_scores": [
      0.6666666666666666,
      0.9130434782608695,
      0.7391304347826086,
      0.782608695652174,
      0.9130434782608695
    ],
    "classification_report": {
      "low_veg": {
        "precision": 0.6666666666666666,
        "recall": 0.75,
        "f1-score": 0.7058823529411765,
        "support": 8.0
      },
      "trees": {
        "precision": 1.0,
        "recall": 1.0,
        "f1-score": 1.0,
        "support": 8.0
      },
      "water": {
        "precision": 0.7142857142857143,
        "recall": 0.625,
        "f1-score": 0.6666666666666666,
        "support": 8.0
      },
      "accuracy": 0.7916666666666666,
      "macro avg": {
        "precision": 0.7936507936507936,
        "recall": 0.7916666666666666,
        "f1-score": 0.7908496732026143,
        "support": 24.0
      },
      "weighted avg": {
        "precision": 0.7936507936507936,
        "recall": 0.7916666666666666,
        "f1-score": 0.7908496732026143,
        "support": 24.0
      }
    },
    "confusion_matrix": [
      [
        6,
        0,
        2
      ],
      [
        0,
        8,
        0
      ],
      [
        3,
        0,
        5
      ]
    ]
  },
  "model_files": {
    "trained_model": "trained_model.joblib",
    "scaler": "scaler.joblib",
    "feature_selector": "feature_selector.joblib",
    "feature_names": "feature_names.json"
  },
  "timestamp": "2025-07-21T20:25:41.189541"
}