{
  "experiment_name": "wst_popolar_k20_WithModel",
  "config": {
    "dataset_path": "/home/brusc/Projects/random_forest/datasets/dataset_rgb_uniform_25/small",
    "area_name": "popolar",
    "feature_method": "wst",
    "k_features": 20,
    "output_dir": "/home/brusc/Projects/random_forest/experiments_organized/uniform_output/dataset_rgb_uniform_25/popolar/small/k20/wst",
    "n_estimators": 10,
    "test_size": 0.2,
    "random_state": 42,
    "cv_folds": 5
  },
  "dataset_info": {
    "data_directory": "/home/brusc/Projects/random_forest/datasets/dataset_rgb_uniform_25/small",
    "area_name": "popolar",
    "total_images": 45,
    "classes": {
      "low_veg": 15,
      "trees": 15,
      "water": 15
    },
    "image_shape": [
      3,
      128,
      128
    ],
    "total_features_available": 486,
    "feature_method": "wst",
    "dataset_type": "small",
    "k_features": 20
  },
  "feature_selection": {
    "method": "SelectKBest_k20",
    "num_features": 20,
    "selected_features": [
      "R_wst_mean_0",
      "R_wst_mean_1",
      "R_wst_mean_7",
      "R_wst_mean_8",
      "R_wst_mean_9",
      "R_wst_mean_10",
      "R_wst_mean_15",
      "R_wst_mean_16",
      "R_wst_std_0",
      "R_wst_std_7",
      "G_wst_mean_2",
      "G_wst_mean_7",
      "G_wst_mean_9",
      "G_wst_mean_10",
      "G_wst_mean_15",
      "G_wst_mean_16",
      "G_wst_std_0",
      "B_wst_mean_0",
      "B_wst_mean_16",
      "B_wst_std_0"
    ],
    "feature_scores": [
      0.75616443010097,
      0.7711464850830247,
      0.7524243430275492,
      0.751149127683707,
      0.8282003571368968,
      0.7696035835401231,
      0.8561980384679113,
      0.8786142642174706,
      0.9999912822611552,
      0.7438561980994187,
      0.7348325521024253,
      0.7726916991282387,
      0.8243365666064393,
      0.7264874404239801,
      0.8055027461059523,
      0.8680579069944467,
      0.9931702946068344,
      0.7892996100988952,
      0.7357664947030345,
      0.8927129147738095
    ]
  },
  "performance": {
    "test_accuracy": 0.7777777777777778,
    "cv_mean_accuracy": 0.9333333333333332,
    "cv_std_accuracy": 0.0888888888888889,
    "cv_scores": [
      0.7777777777777778,
      0.8888888888888888,
      1.0,
      1.0,
      1.0
    ],
    "classification_report": {
      "low_veg": {
        "precision": 0.6666666666666666,
        "recall": 0.6666666666666666,
        "f1-score": 0.6666666666666666,
        "support": 3.0
      },
      "trees": {
        "precision": 1.0,
        "recall": 0.6666666666666666,
        "f1-score": 0.8,
        "support": 3.0
      },
      "water": {
        "precision": 0.75,
        "recall": 1.0,
        "f1-score": 0.8571428571428571,
        "support": 3.0
      },
      "accuracy": 0.7777777777777778,
      "macro avg": {
        "precision": 0.8055555555555555,
        "recall": 0.7777777777777777,
        "f1-score": 0.7746031746031746,
        "support": 9.0
      },
      "weighted avg": {
        "precision": 0.8055555555555556,
        "recall": 0.7777777777777778,
        "f1-score": 0.7746031746031746,
        "support": 9.0
      }
    },
    "confusion_matrix": [
      [
        2,
        0,
        1
      ],
      [
        1,
        2,
        0
      ],
      [
        0,
        0,
        3
      ]
    ]
  },
  "model_files": {
    "trained_model": "trained_model.joblib",
    "scaler": "scaler.joblib",
    "feature_selector": "feature_selector.joblib",
    "feature_names": "feature_names.json"
  },
  "timestamp": "2025-07-22T04:45:44.113455"
}