{
  "experiment_name": "hybrid_popolar_k20_WithModel",
  "config": {
    "dataset_path": "/home/brusc/Projects/random_forest/datasets/dataset_rgb_poisson_60/original",
    "area_name": "popolar",
    "feature_method": "hybrid",
    "k_features": 20,
    "output_dir": "/home/brusc/Projects/random_forest/experiments_organized_2/poisson_output/dataset_rgb_poisson_60/popolar/original/k20/hybrid",
    "n_estimators": 50,
    "test_size": 0.2,
    "random_state": 42,
    "cv_folds": 5
  },
  "dataset_info": {
    "data_directory": "/home/brusc/Projects/random_forest/datasets/dataset_rgb_poisson_60/original",
    "area_name": "popolar",
    "total_images": 121,
    "classes": {
      "low_veg": 41,
      "trees": 40,
      "water": 40
    },
    "image_shape": [
      3,
      128,
      128
    ],
    "total_features_available": 540,
    "feature_method": "hybrid",
    "dataset_type": "original",
    "k_features": 20
  },
  "feature_selection": {
    "method": "SelectKBest_k20",
    "num_features": 20,
    "selected_features": [
      "R_std",
      "R_var",
      "R_min",
      "R_cv",
      "R_p10",
      "R_p25",
      "R_mad",
      "G_std",
      "G_var",
      "G_cv",
      "G_iqr",
      "G_mad",
      "B_min",
      "B_cv",
      "B_p10",
      "B_p25",
      "R_wst_std_0",
      "G_wst_std_0",
      "B_wst_mean_0",
      "B_wst_mean_39"
    ],
    "feature_scores": [
      1.0565521574125252,
      1.0565521574125252,
      0.9794418348549248,
      1.0257072491684527,
      0.9660143311657181,
      0.9316810425164341,
      0.9946867500925725,
      1.0805190995612854,
      1.0777642786246462,
      0.9355441444852108,
      0.9404331753844519,
      1.068313123718946,
      0.9608168023442616,
      1.0832130291709894,
      0.9873998547594733,
      0.9699404825472007,
      0.982058282438582,
      0.9826921454582649,
      0.9006614647166626,
      0.9095507394764939
    ]
  },
  "performance": {
    "test_accuracy": 1.0,
    "cv_mean_accuracy": 0.9833333333333334,
    "cv_std_accuracy": 0.020412414523193135,
    "cv_scores": [
      1.0,
      0.9583333333333334,
      0.9583333333333334,
      1.0,
      1.0
    ],
    "classification_report": {
      "low_veg": {
        "precision": 1.0,
        "recall": 1.0,
        "f1-score": 1.0,
        "support": 9.0
      },
      "trees": {
        "precision": 1.0,
        "recall": 1.0,
        "f1-score": 1.0,
        "support": 8.0
      },
      "water": {
        "precision": 1.0,
        "recall": 1.0,
        "f1-score": 1.0,
        "support": 8.0
      },
      "accuracy": 1.0,
      "macro avg": {
        "precision": 1.0,
        "recall": 1.0,
        "f1-score": 1.0,
        "support": 25.0
      },
      "weighted avg": {
        "precision": 1.0,
        "recall": 1.0,
        "f1-score": 1.0,
        "support": 25.0
      }
    },
    "confusion_matrix": [
      [
        9,
        0,
        0
      ],
      [
        0,
        8,
        0
      ],
      [
        0,
        0,
        8
      ]
    ]
  },
  "model_files": {
    "trained_model": "trained_model.joblib",
    "scaler": "scaler.joblib",
    "feature_selector": "feature_selector.joblib",
    "feature_names": "feature_names.json"
  },
  "timestamp": "2025-07-22T01:59:31.049639"
}