{
  "experiment_name": "wst_popolar_k20_WithModel",
  "config": {
    "dataset_path": "/home/brusc/Projects/random_forest/datasets/dataset_rgb_salt_and_pepper_5/small",
    "area_name": "popolar",
    "feature_method": "wst",
    "k_features": 20,
    "output_dir": "/home/brusc/Projects/random_forest/experiments_organized_2/salt_and_pepper_output/dataset_rgb_salt_and_pepper_5/popolar/small/k20/wst",
    "n_estimators": 10,
    "test_size": 0.2,
    "random_state": 42,
    "cv_folds": 5
  },
  "dataset_info": {
    "data_directory": "/home/brusc/Projects/random_forest/datasets/dataset_rgb_salt_and_pepper_5/small",
    "area_name": "popolar",
    "total_images": 45,
    "classes": {
      "low_veg": 15,
      "trees": 15,
      "water": 15
    },
    "image_shape": [
      3,
      128,
      128
    ],
    "total_features_available": 486,
    "feature_method": "wst",
    "dataset_type": "small",
    "k_features": 20
  },
  "feature_selection": {
    "method": "SelectKBest_k20",
    "num_features": 20,
    "selected_features": [
      "R_wst_mean_0",
      "R_wst_mean_9",
      "R_wst_mean_10",
      "R_wst_mean_12",
      "R_wst_mean_15",
      "R_wst_std_0",
      "G_wst_mean_0",
      "G_wst_mean_9",
      "G_wst_mean_10",
      "G_wst_mean_11",
      "G_wst_mean_12",
      "G_wst_mean_15",
      "G_wst_mean_16",
      "G_wst_std_0",
      "B_wst_mean_0",
      "B_wst_mean_10",
      "B_wst_mean_11",
      "B_wst_mean_12",
      "B_wst_mean_13",
      "B_wst_std_0"
    ],
    "feature_scores": [
      0.7655920395285793,
      0.593438818521286,
      0.605266985134898,
      0.5810935750301149,
      0.5702158877924421,
      0.9826103298802029,
      0.5678438270929611,
      0.570096791475657,
      0.6567784648973307,
      0.6971676397441937,
      0.5954057443422842,
      0.5719303039805426,
      0.5411214481246684,
      1.04159622053276,
      0.7861250069242922,
      0.5350112532124991,
      0.6071594419449744,
      0.6554718819084215,
      0.5424326063691463,
      0.8550505631694287
    ]
  },
  "performance": {
    "test_accuracy": 0.8888888888888888,
    "cv_mean_accuracy": 0.888888888888889,
    "cv_std_accuracy": 1.1102230246251565e-16,
    "cv_scores": [
      0.8888888888888888,
      0.8888888888888888,
      0.8888888888888888,
      0.8888888888888888,
      0.8888888888888888
    ],
    "classification_report": {
      "low_veg": {
        "precision": 0.75,
        "recall": 1.0,
        "f1-score": 0.8571428571428571,
        "support": 3.0
      },
      "trees": {
        "precision": 1.0,
        "recall": 0.6666666666666666,
        "f1-score": 0.8,
        "support": 3.0
      },
      "water": {
        "precision": 1.0,
        "recall": 1.0,
        "f1-score": 1.0,
        "support": 3.0
      },
      "accuracy": 0.8888888888888888,
      "macro avg": {
        "precision": 0.9166666666666666,
        "recall": 0.8888888888888888,
        "f1-score": 0.8857142857142857,
        "support": 9.0
      },
      "weighted avg": {
        "precision": 0.9166666666666666,
        "recall": 0.8888888888888888,
        "f1-score": 0.8857142857142857,
        "support": 9.0
      }
    },
    "confusion_matrix": [
      [
        3,
        0,
        0
      ],
      [
        1,
        2,
        0
      ],
      [
        0,
        0,
        3
      ]
    ]
  },
  "model_files": {
    "trained_model": "trained_model.joblib",
    "scaler": "scaler.joblib",
    "feature_selector": "feature_selector.joblib",
    "feature_names": "feature_names.json"
  },
  "timestamp": "2025-07-22T12:27:22.409628"
}