{
  "experiment_name": "advanced_stats_popolar_k20_WithModel",
  "config": {
    "dataset_path": "/home/brusc/Projects/random_forest/datasets/dataset_rgb_speckle_15/mini",
    "area_name": "popolar",
    "feature_method": "advanced_stats",
    "k_features": 20,
    "output_dir": "/home/brusc/Projects/random_forest/experiments_organized/speckle_output/dataset_rgb_speckle_15/popolar/mini/k20/advanced_stats",
    "n_estimators": 3,
    "test_size": 0.2,
    "random_state": 42,
    "cv_folds": 5
  },
  "dataset_info": {
    "data_directory": "/home/brusc/Projects/random_forest/datasets/dataset_rgb_speckle_15/mini",
    "area_name": "popolar",
    "total_images": 15,
    "classes": {
      "low_veg": 5,
      "trees": 5,
      "water": 5
    },
    "image_shape": [
      3,
      128,
      128
    ],
    "total_features_available": 54,
    "feature_method": "advanced_stats",
    "dataset_type": "mini",
    "k_features": 20
  },
  "feature_selection": {
    "method": "SelectKBest_k20",
    "num_features": 20,
    "selected_features": [
      "R_mean",
      "R_min",
      "R_max",
      "R_p10",
      "R_p50",
      "R_p75",
      "R_p90",
      "R_mad",
      "G_std",
      "G_var",
      "G_mad",
      "B_mean",
      "B_min",
      "B_max",
      "B_cv",
      "B_p10",
      "B_p25",
      "B_p50",
      "B_p75",
      "B_p90"
    ],
    "feature_scores": [
      0.8555851555851561,
      0.9791813741813746,
      1.1068653568653573,
      0.8197369297369304,
      0.7521724571724577,
      0.7523800273800278,
      0.7912689162689168,
      0.7811390461390466,
      0.8448956598956603,
      0.8591813741813747,
      0.8613482813482816,
      0.9203718503718508,
      1.41473692973693,
      1.0191669441669444,
      0.7927215377215382,
      0.9682289932289936,
      0.967594072594073,
      0.8218533318533325,
      0.875792725792726,
      0.8507133607133612
    ]
  },
  "performance": {
    "test_accuracy": 1.0,
    "cv_mean_accuracy": 0.9333333333333332,
    "cv_std_accuracy": 0.13333333333333336,
    "cv_scores": [
      1.0,
      1.0,
      1.0,
      0.6666666666666666,
      1.0
    ],
    "classification_report": {
      "low_veg": {
        "precision": 1.0,
        "recall": 1.0,
        "f1-score": 1.0,
        "support": 1.0
      },
      "trees": {
        "precision": 1.0,
        "recall": 1.0,
        "f1-score": 1.0,
        "support": 1.0
      },
      "water": {
        "precision": 1.0,
        "recall": 1.0,
        "f1-score": 1.0,
        "support": 1.0
      },
      "accuracy": 1.0,
      "macro avg": {
        "precision": 1.0,
        "recall": 1.0,
        "f1-score": 1.0,
        "support": 3.0
      },
      "weighted avg": {
        "precision": 1.0,
        "recall": 1.0,
        "f1-score": 1.0,
        "support": 3.0
      }
    },
    "confusion_matrix": [
      [
        1,
        0,
        0
      ],
      [
        0,
        1,
        0
      ],
      [
        0,
        0,
        1
      ]
    ]
  },
  "model_files": {
    "trained_model": "trained_model.joblib",
    "scaler": "scaler.joblib",
    "feature_selector": "feature_selector.joblib",
    "feature_names": "feature_names.json"
  },
  "timestamp": "2025-07-22T01:11:49.049818"
}