{
  "experiment_name": "wst_assatigue_k20_WithModel",
  "config": {
    "dataset_path": "/home/brusc/Projects/random_forest/datasets/dataset_rgb_clean/mini",
    "area_name": "assatigue",
    "feature_method": "wst",
    "k_features": 20,
    "output_dir": "/home/brusc/Projects/random_forest/experiments_organized/gaussian_output/rgb_clean/assatigue/mini/k20/wst",
    "n_estimators": 3,
    "test_size": 0.2,
    "random_state": 42,
    "cv_folds": 5
  },
  "dataset_info": {
    "data_directory": "/home/brusc/Projects/random_forest/datasets/dataset_rgb_clean/mini",
    "area_name": "assatigue",
    "total_images": 15,
    "classes": {
      "low_veg": 5,
      "trees": 5,
      "water": 5
    },
    "image_shape": [
      3,
      128,
      128
    ],
    "total_features_available": 486,
    "feature_method": "wst",
    "dataset_type": "mini",
    "k_features": 20
  },
  "feature_selection": {
    "method": "SelectKBest_k20",
    "num_features": 20,
    "selected_features": [
      "R_wst_mean_6",
      "R_wst_mean_26",
      "R_wst_mean_35",
      "R_wst_mean_51",
      "R_wst_mean_52",
      "R_wst_mean_54",
      "R_wst_mean_61",
      "R_wst_mean_63",
      "R_wst_mean_69",
      "R_wst_mean_70",
      "R_wst_mean_72",
      "G_wst_mean_2",
      "G_wst_mean_18",
      "G_wst_mean_23",
      "G_wst_mean_24",
      "G_wst_mean_64",
      "G_wst_mean_65",
      "G_wst_mean_72",
      "G_wst_mean_74",
      "G_wst_mean_78"
    ],
    "feature_scores": [
      0.9431496281496285,
      0.9060067710067714,
      0.9082289932289935,
      0.9070385170385173,
      0.957594072594073,
      0.904816294816295,
      0.898705183705184,
      0.9020385170385172,
      0.8987051837051843,
      0.9542607392607398,
      0.9098162948162951,
      0.9030702630702634,
      0.9064829614829617,
      0.8964829614829619,
      0.9020385170385175,
      0.9020385170385175,
      0.9287051837051843,
      0.9509274059274064,
      0.9509274059274064,
      0.9209274059274062
    ]
  },
  "performance": {
    "test_accuracy": 0.6666666666666666,
    "cv_mean_accuracy": 0.8666666666666666,
    "cv_std_accuracy": 0.16329931618554522,
    "cv_scores": [
      0.6666666666666666,
      1.0,
      1.0,
      0.6666666666666666,
      1.0
    ],
    "classification_report": {
      "low_veg": {
        "precision": 0.0,
        "recall": 0.0,
        "f1-score": 0.0,
        "support": 1.0
      },
      "trees": {
        "precision": 1.0,
        "recall": 1.0,
        "f1-score": 1.0,
        "support": 1.0
      },
      "water": {
        "precision": 0.5,
        "recall": 1.0,
        "f1-score": 0.6666666666666666,
        "support": 1.0
      },
      "accuracy": 0.6666666666666666,
      "macro avg": {
        "precision": 0.5,
        "recall": 0.6666666666666666,
        "f1-score": 0.5555555555555555,
        "support": 3.0
      },
      "weighted avg": {
        "precision": 0.5,
        "recall": 0.6666666666666666,
        "f1-score": 0.5555555555555555,
        "support": 3.0
      }
    },
    "confusion_matrix": [
      [
        0,
        0,
        1
      ],
      [
        0,
        1,
        0
      ],
      [
        0,
        0,
        1
      ]
    ]
  },
  "model_files": {
    "trained_model": "trained_model.joblib",
    "scaler": "scaler.joblib",
    "feature_selector": "feature_selector.joblib",
    "feature_names": "feature_names.json"
  },
  "timestamp": "2025-07-21T18:14:42.889889"
}