{
  "experiment_name": "wst_assatigue_k20_WithModel",
  "config": {
    "dataset_path": "/home/brusc/Projects/random_forest/datasets/dataset_rgb_uniform_40/mini",
    "area_name": "assatigue",
    "feature_method": "wst",
    "k_features": 20,
    "output_dir": "/home/brusc/Projects/random_forest/experiments_organized/uniform_output/dataset_rgb_uniform_40/assatigue/mini/k20/wst",
    "n_estimators": 3,
    "test_size": 0.2,
    "random_state": 42,
    "cv_folds": 5
  },
  "dataset_info": {
    "data_directory": "/home/brusc/Projects/random_forest/datasets/dataset_rgb_uniform_40/mini",
    "area_name": "assatigue",
    "total_images": 15,
    "classes": {
      "low_veg": 5,
      "trees": 5,
      "water": 5
    },
    "image_shape": [
      3,
      128,
      128
    ],
    "total_features_available": 486,
    "feature_method": "wst",
    "dataset_type": "mini",
    "k_features": 20
  },
  "feature_selection": {
    "method": "SelectKBest_k20",
    "num_features": 20,
    "selected_features": [
      "R_wst_mean_10",
      "R_wst_mean_11",
      "R_wst_mean_12",
      "R_wst_mean_13",
      "R_wst_mean_14",
      "R_wst_mean_15",
      "R_wst_std_0",
      "R_wst_std_10",
      "R_wst_std_11",
      "R_wst_std_13",
      "R_wst_std_15",
      "G_wst_mean_4",
      "G_wst_mean_10",
      "G_wst_mean_11",
      "G_wst_mean_12",
      "G_wst_mean_13",
      "G_wst_std_0",
      "B_wst_mean_0",
      "B_wst_mean_11",
      "B_wst_mean_12"
    ],
    "feature_scores": [
      0.7869591519591526,
      0.7702924852924855,
      0.7814035964035968,
      0.8070385170385177,
      0.8598162948162948,
      0.7209274059274067,
      0.6620385170385175,
      0.7758480408480415,
      0.6928073778073784,
      0.8280149480149486,
      0.6729908979908981,
      0.6234406334406337,
      0.761403596403597,
      0.8480702630702635,
      0.7201578051578053,
      0.6460837310837317,
      0.6509274059274059,
      0.8075940725940731,
      0.6457133607133609,
      0.6834911384911388
    ]
  },
  "performance": {
    "test_accuracy": 0.6666666666666666,
    "cv_mean_accuracy": 0.8,
    "cv_std_accuracy": 0.2666666666666667,
    "cv_scores": [
      0.3333333333333333,
      0.6666666666666666,
      1.0,
      1.0,
      1.0
    ],
    "classification_report": {
      "low_veg": {
        "precision": 0.5,
        "recall": 1.0,
        "f1-score": 0.6666666666666666,
        "support": 1.0
      },
      "trees": {
        "precision": 1.0,
        "recall": 1.0,
        "f1-score": 1.0,
        "support": 1.0
      },
      "water": {
        "precision": 0.0,
        "recall": 0.0,
        "f1-score": 0.0,
        "support": 1.0
      },
      "accuracy": 0.6666666666666666,
      "macro avg": {
        "precision": 0.5,
        "recall": 0.6666666666666666,
        "f1-score": 0.5555555555555555,
        "support": 3.0
      },
      "weighted avg": {
        "precision": 0.5,
        "recall": 0.6666666666666666,
        "f1-score": 0.5555555555555555,
        "support": 3.0
      }
    },
    "confusion_matrix": [
      [
        1,
        0,
        0
      ],
      [
        0,
        1,
        0
      ],
      [
        1,
        0,
        0
      ]
    ]
  },
  "model_files": {
    "trained_model": "trained_model.joblib",
    "scaler": "scaler.joblib",
    "feature_selector": "feature_selector.joblib",
    "feature_names": "feature_names.json"
  },
  "timestamp": "2025-07-22T05:25:09.978977"
}