{
  "experiment_name": "hybrid_sunset_k20_WithModel",
  "config": {
    "dataset_path": "/home/brusc/Projects/random_forest/datasets/dataset_rgb_salt_and_pepper_25/small",
    "area_name": "sunset",
    "feature_method": "hybrid",
    "k_features": 20,
    "output_dir": "/home/brusc/Projects/random_forest/experiments_organized_2/salt_and_pepper_output/dataset_rgb_salt_and_pepper_25/sunset/small/k20/hybrid",
    "n_estimators": 10,
    "test_size": 0.2,
    "random_state": 42,
    "cv_folds": 5
  },
  "dataset_info": {
    "data_directory": "/home/brusc/Projects/random_forest/datasets/dataset_rgb_salt_and_pepper_25/small",
    "area_name": "sunset",
    "total_images": 45,
    "classes": {
      "garden": 15,
      "low_veg": 15,
      "trees": 15
    },
    "image_shape": [
      3,
      128,
      128
    ],
    "total_features_available": 540,
    "feature_method": "hybrid",
    "dataset_type": "small",
    "k_features": 20
  },
  "feature_selection": {
    "method": "SelectKBest_k20",
    "num_features": 20,
    "selected_features": [
      "R_std",
      "R_var",
      "R_mad",
      "G_mad",
      "B_mean",
      "B_std",
      "B_var",
      "B_skew",
      "B_kurt",
      "B_cv",
      "B_p50",
      "B_p75",
      "B_iqr",
      "B_mad",
      "R_wst_std_0",
      "G_wst_std_0",
      "B_wst_mean_0",
      "B_wst_mean_4",
      "B_wst_mean_8",
      "B_wst_mean_61"
    ],
    "feature_scores": [
      0.509914669560704,
      0.509914669560704,
      0.5728873186866039,
      0.48820649526739013,
      0.5164774301486073,
      0.47099332411218997,
      0.47099332411218997,
      0.5294933031644804,
      0.6065656135701241,
      0.4971479797304472,
      0.5332410985789422,
      0.5597909222120994,
      0.5809020333232102,
      0.5085304413159739,
      0.8372630139530948,
      0.6918203057725048,
      0.5354897758276196,
      0.46936002401895816,
      0.5370512284877682,
      0.45781958007655343
    ]
  },
  "performance": {
    "test_accuracy": 1.0,
    "cv_mean_accuracy": 0.9555555555555555,
    "cv_std_accuracy": 0.054433105395181765,
    "cv_scores": [
      1.0,
      0.8888888888888888,
      0.8888888888888888,
      1.0,
      1.0
    ],
    "classification_report": {
      "garden": {
        "precision": 1.0,
        "recall": 1.0,
        "f1-score": 1.0,
        "support": 3.0
      },
      "low_veg": {
        "precision": 1.0,
        "recall": 1.0,
        "f1-score": 1.0,
        "support": 3.0
      },
      "trees": {
        "precision": 1.0,
        "recall": 1.0,
        "f1-score": 1.0,
        "support": 3.0
      },
      "accuracy": 1.0,
      "macro avg": {
        "precision": 1.0,
        "recall": 1.0,
        "f1-score": 1.0,
        "support": 9.0
      },
      "weighted avg": {
        "precision": 1.0,
        "recall": 1.0,
        "f1-score": 1.0,
        "support": 9.0
      }
    },
    "confusion_matrix": [
      [
        3,
        0,
        0
      ],
      [
        0,
        3,
        0
      ],
      [
        0,
        0,
        3
      ]
    ]
  },
  "model_files": {
    "trained_model": "trained_model.joblib",
    "scaler": "scaler.joblib",
    "feature_selector": "feature_selector.joblib",
    "feature_names": "feature_names.json"
  },
  "timestamp": "2025-07-22T15:55:45.260332"
}