{
  "experiment_name": "advanced_stats_assatigue_k20_WithModel",
  "config": {
    "dataset_path": "/home/brusc/Projects/random_forest/datasets/dataset_rgb_speckle_55/original",
    "area_name": "assatigue",
    "feature_method": "advanced_stats",
    "k_features": 20,
    "output_dir": "/home/brusc/Projects/random_forest/experiments_organized/speckle_output/dataset_rgb_speckle_55/assatigue/original/k20/advanced_stats",
    "n_estimators": 50,
    "test_size": 0.2,
    "random_state": 42,
    "cv_folds": 5
  },
  "dataset_info": {
    "data_directory": "/home/brusc/Projects/random_forest/datasets/dataset_rgb_speckle_55/original",
    "area_name": "assatigue",
    "total_images": 116,
    "classes": {
      "low_veg": 40,
      "water": 40,
      "trees": 36
    },
    "image_shape": [
      3,
      128,
      128
    ],
    "total_features_available": 54,
    "feature_method": "advanced_stats",
    "dataset_type": "original",
    "k_features": 20
  },
  "feature_selection": {
    "method": "SelectKBest_k20",
    "num_features": 20,
    "selected_features": [
      "R_p25",
      "R_p50",
      "R_p90",
      "G_mean",
      "G_skew",
      "G_cv",
      "G_p25",
      "G_p50",
      "G_p75",
      "G_iqr",
      "G_grad_mean",
      "B_mean",
      "B_skew",
      "B_kurt",
      "B_cv",
      "B_p10",
      "B_p25",
      "B_p50",
      "B_p90",
      "B_grad_mean"
    ],
    "feature_scores": [
      0.6874248855433895,
      0.6481257711745492,
      0.6483551995781094,
      0.6424257276131973,
      0.6873008955487101,
      0.6584639996859523,
      0.7387653554183427,
      0.6811136201804002,
      0.6697964172683699,
      0.6548011430504159,
      0.6607177564655711,
      0.6708471625001493,
      0.7405461536431059,
      0.636218123362686,
      0.7599379806857953,
      0.7348168135387658,
      0.7629492414556767,
      0.7337305195645409,
      0.6396692973577236,
      0.7298785764884603
    ]
  },
  "performance": {
    "test_accuracy": 0.7916666666666666,
    "cv_mean_accuracy": 0.8456521739130436,
    "cv_std_accuracy": 0.06749641172286967,
    "cv_scores": [
      0.75,
      0.8695652173913043,
      0.8260869565217391,
      0.9565217391304348,
      0.8260869565217391
    ],
    "classification_report": {
      "low_veg": {
        "precision": 0.8,
        "recall": 0.5,
        "f1-score": 0.6153846153846154,
        "support": 8.0
      },
      "trees": {
        "precision": 1.0,
        "recall": 1.0,
        "f1-score": 1.0,
        "support": 8.0
      },
      "water": {
        "precision": 0.6363636363636364,
        "recall": 0.875,
        "f1-score": 0.7368421052631579,
        "support": 8.0
      },
      "accuracy": 0.7916666666666666,
      "macro avg": {
        "precision": 0.8121212121212121,
        "recall": 0.7916666666666666,
        "f1-score": 0.7840755735492578,
        "support": 24.0
      },
      "weighted avg": {
        "precision": 0.8121212121212121,
        "recall": 0.7916666666666666,
        "f1-score": 0.7840755735492578,
        "support": 24.0
      }
    },
    "confusion_matrix": [
      [
        4,
        0,
        4
      ],
      [
        0,
        8,
        0
      ],
      [
        1,
        0,
        7
      ]
    ]
  },
  "model_files": {
    "trained_model": "trained_model.joblib",
    "scaler": "scaler.joblib",
    "feature_selector": "feature_selector.joblib",
    "feature_names": "feature_names.json"
  },
  "timestamp": "2025-07-22T03:15:50.212154"
}