{
  "experiment_name": "wst_sunset_k20_WithModel",
  "config": {
    "dataset_path": "/home/brusc/Projects/random_forest/datasets/dataset_rgb_salt_and_pepper_15/small",
    "area_name": "sunset",
    "feature_method": "wst",
    "k_features": 20,
    "output_dir": "/home/brusc/Projects/random_forest/experiments_organized_2/salt_and_pepper_output/dataset_rgb_salt_and_pepper_15/sunset/small/k20/wst",
    "n_estimators": 10,
    "test_size": 0.2,
    "random_state": 42,
    "cv_folds": 5
  },
  "dataset_info": {
    "data_directory": "/home/brusc/Projects/random_forest/datasets/dataset_rgb_salt_and_pepper_15/small",
    "area_name": "sunset",
    "total_images": 45,
    "classes": {
      "garden": 15,
      "low_veg": 15,
      "trees": 15
    },
    "image_shape": [
      3,
      128,
      128
    ],
    "total_features_available": 486,
    "feature_method": "wst",
    "dataset_type": "small",
    "k_features": 20
  },
  "feature_selection": {
    "method": "SelectKBest_k20",
    "num_features": 20,
    "selected_features": [
      "R_wst_std_0",
      "G_wst_std_0",
      "B_wst_mean_0",
      "B_wst_mean_2",
      "B_wst_mean_8",
      "B_wst_mean_17",
      "B_wst_mean_18",
      "B_wst_mean_24",
      "B_wst_mean_27",
      "B_wst_mean_37",
      "B_wst_mean_45",
      "B_wst_mean_48",
      "B_wst_mean_49",
      "B_wst_mean_52",
      "B_wst_mean_65",
      "B_wst_mean_68",
      "B_wst_std_0",
      "B_wst_std_2",
      "B_wst_std_5",
      "B_wst_std_35"
    ],
    "feature_scores": [
      0.7360594269693148,
      0.7255380194745595,
      0.47644215678000057,
      0.4752251085776582,
      0.5100778669297834,
      0.45974817878242136,
      0.4778800423322416,
      0.49993328084908173,
      0.4843946518158291,
      0.446215983485857,
      0.4484934497366704,
      0.48118582818904865,
      0.47176794423389623,
      0.4467643968965065,
      0.5171610480177955,
      0.4715657375311806,
      0.5343586958932749,
      0.4574580608106107,
      0.46124157069152627,
      0.4429875782177275
    ]
  },
  "performance": {
    "test_accuracy": 0.8888888888888888,
    "cv_mean_accuracy": 0.9111111111111111,
    "cv_std_accuracy": 0.08314794192830981,
    "cv_scores": [
      1.0,
      1.0,
      0.7777777777777778,
      0.8888888888888888,
      0.8888888888888888
    ],
    "classification_report": {
      "garden": {
        "precision": 1.0,
        "recall": 1.0,
        "f1-score": 1.0,
        "support": 3.0
      },
      "low_veg": {
        "precision": 0.75,
        "recall": 1.0,
        "f1-score": 0.8571428571428571,
        "support": 3.0
      },
      "trees": {
        "precision": 1.0,
        "recall": 0.6666666666666666,
        "f1-score": 0.8,
        "support": 3.0
      },
      "accuracy": 0.8888888888888888,
      "macro avg": {
        "precision": 0.9166666666666666,
        "recall": 0.8888888888888888,
        "f1-score": 0.8857142857142858,
        "support": 9.0
      },
      "weighted avg": {
        "precision": 0.9166666666666666,
        "recall": 0.8888888888888888,
        "f1-score": 0.8857142857142857,
        "support": 9.0
      }
    },
    "confusion_matrix": [
      [
        3,
        0,
        0
      ],
      [
        0,
        3,
        0
      ],
      [
        0,
        1,
        2
      ]
    ]
  },
  "model_files": {
    "trained_model": "trained_model.joblib",
    "scaler": "scaler.joblib",
    "feature_selector": "feature_selector.joblib",
    "feature_names": "feature_names.json"
  },
  "timestamp": "2025-07-22T14:13:22.855624"
}