{
  "experiment_name": "hybrid_assatigue_k20_WithModel",
  "config": {
    "dataset_path": "/home/brusc/Projects/random_forest/datasets/dataset_rgb_gaussian_30/original",
    "area_name": "assatigue",
    "feature_method": "hybrid",
    "k_features": 20,
    "output_dir": "/home/brusc/Projects/random_forest/experiments_organized/gaussian_output/rgb_gaussian30/assatigue/original/k20/hybrid",
    "n_estimators": 50,
    "test_size": 0.2,
    "random_state": 42,
    "cv_folds": 5
  },
  "dataset_info": {
    "data_directory": "/home/brusc/Projects/random_forest/datasets/dataset_rgb_gaussian_30/original",
    "area_name": "assatigue",
    "total_images": 116,
    "classes": {
      "low_veg": 40,
      "water": 40,
      "trees": 36
    },
    "image_shape": [
      3,
      128,
      128
    ],
    "total_features_available": 540,
    "feature_method": "hybrid",
    "dataset_type": "original",
    "k_features": 20
  },
  "feature_selection": {
    "method": "SelectKBest_k20",
    "num_features": 20,
    "selected_features": [
      "R_p10",
      "R_p25",
      "R_p90",
      "R_iqr",
      "G_mean",
      "G_skew",
      "G_cv",
      "G_p10",
      "G_p25",
      "G_p50",
      "G_iqr",
      "B_mean",
      "B_skew",
      "B_cv",
      "B_p10",
      "B_p25",
      "B_p50",
      "R_wst_std_0",
      "G_wst_std_0",
      "B_wst_mean_0"
    ],
    "feature_scores": [
      0.6478111946365956,
      0.6490210369291616,
      0.6831064038336239,
      0.654129420988214,
      0.6569580583093211,
      0.6426760759238903,
      0.6598800405416483,
      0.6476528759437941,
      0.6608134222939959,
      0.6431136412321454,
      0.740959168383013,
      0.6604978066611786,
      0.6390519153877012,
      0.6979700515842451,
      0.6991753955697617,
      0.6900721425009917,
      0.6438377665097594,
      0.8843930919756184,
      0.9198168420053223,
      0.6619891298335363
    ]
  },
  "performance": {
    "test_accuracy": 0.875,
    "cv_mean_accuracy": 0.9402173913043479,
    "cv_std_accuracy": 0.042655254065975194,
    "cv_scores": [
      0.875,
      0.9565217391304348,
      0.9130434782608695,
      0.9565217391304348,
      1.0
    ],
    "classification_report": {
      "low_veg": {
        "precision": 0.8571428571428571,
        "recall": 0.75,
        "f1-score": 0.8,
        "support": 8.0
      },
      "trees": {
        "precision": 1.0,
        "recall": 1.0,
        "f1-score": 1.0,
        "support": 8.0
      },
      "water": {
        "precision": 0.7777777777777778,
        "recall": 0.875,
        "f1-score": 0.8235294117647058,
        "support": 8.0
      },
      "accuracy": 0.875,
      "macro avg": {
        "precision": 0.8783068783068783,
        "recall": 0.875,
        "f1-score": 0.8745098039215686,
        "support": 24.0
      },
      "weighted avg": {
        "precision": 0.8783068783068783,
        "recall": 0.875,
        "f1-score": 0.8745098039215686,
        "support": 24.0
      }
    },
    "confusion_matrix": [
      [
        6,
        0,
        2
      ],
      [
        0,
        8,
        0
      ],
      [
        1,
        0,
        7
      ]
    ]
  },
  "model_files": {
    "trained_model": "trained_model.joblib",
    "scaler": "scaler.joblib",
    "feature_selector": "feature_selector.joblib",
    "feature_names": "feature_names.json"
  },
  "timestamp": "2025-07-21T19:38:49.517993"
}