{
  "experiment_name": "hybrid_sunset_k20_WithModel",
  "config": {
    "dataset_path": "/home/brusc/Projects/random_forest/datasets/dataset_rgb_speckle_15/original",
    "area_name": "sunset",
    "feature_method": "hybrid",
    "k_features": 20,
    "output_dir": "/home/brusc/Projects/random_forest/experiments_organized/speckle_output/dataset_rgb_speckle_15/sunset/original/k20/hybrid",
    "n_estimators": 50,
    "test_size": 0.2,
    "random_state": 42,
    "cv_folds": 5
  },
  "dataset_info": {
    "data_directory": "/home/brusc/Projects/random_forest/datasets/dataset_rgb_speckle_15/original",
    "area_name": "sunset",
    "total_images": 120,
    "classes": {
      "garden": 40,
      "low_veg": 40,
      "trees": 40
    },
    "image_shape": [
      3,
      128,
      128
    ],
    "total_features_available": 540,
    "feature_method": "hybrid",
    "dataset_type": "original",
    "k_features": 20
  },
  "feature_selection": {
    "method": "SelectKBest_k20",
    "num_features": 20,
    "selected_features": [
      "B_cv",
      "B_grad_mean",
      "R_wst_mean_11",
      "R_wst_std_0",
      "R_wst_std_11",
      "R_wst_std_12",
      "R_wst_std_16",
      "G_wst_mean_9",
      "G_wst_mean_13",
      "G_wst_std_11",
      "G_wst_std_12",
      "G_wst_std_13",
      "B_wst_mean_10",
      "B_wst_mean_11",
      "B_wst_mean_12",
      "B_wst_mean_13",
      "B_wst_mean_14",
      "B_wst_std_10",
      "B_wst_std_11",
      "B_wst_std_12"
    ],
    "feature_scores": [
      0.8245834462644881,
      0.7664601582657062,
      0.739947760749827,
      0.887432366872867,
      0.7458404614281107,
      0.7364359763185759,
      0.7369800995534361,
      0.7772189055004619,
      0.788277660308371,
      0.7238901167110579,
      0.8059360305465182,
      0.8108359052948997,
      0.7329424079220539,
      0.7885625216425718,
      0.7784461174465049,
      0.803740113765335,
      0.7255508170946829,
      0.7543910763904904,
      0.7646706422427441,
      0.7471698568620688
    ]
  },
  "performance": {
    "test_accuracy": 1.0,
    "cv_mean_accuracy": 0.975,
    "cv_std_accuracy": 0.020412414523193135,
    "cv_scores": [
      0.9583333333333334,
      1.0,
      0.9583333333333334,
      0.9583333333333334,
      1.0
    ],
    "classification_report": {
      "garden": {
        "precision": 1.0,
        "recall": 1.0,
        "f1-score": 1.0,
        "support": 8.0
      },
      "low_veg": {
        "precision": 1.0,
        "recall": 1.0,
        "f1-score": 1.0,
        "support": 8.0
      },
      "trees": {
        "precision": 1.0,
        "recall": 1.0,
        "f1-score": 1.0,
        "support": 8.0
      },
      "accuracy": 1.0,
      "macro avg": {
        "precision": 1.0,
        "recall": 1.0,
        "f1-score": 1.0,
        "support": 24.0
      },
      "weighted avg": {
        "precision": 1.0,
        "recall": 1.0,
        "f1-score": 1.0,
        "support": 24.0
      }
    },
    "confusion_matrix": [
      [
        8,
        0,
        0
      ],
      [
        0,
        8,
        0
      ],
      [
        0,
        0,
        8
      ]
    ]
  },
  "model_files": {
    "trained_model": "trained_model.joblib",
    "scaler": "scaler.joblib",
    "feature_selector": "feature_selector.joblib",
    "feature_names": "feature_names.json"
  },
  "timestamp": "2025-07-22T02:00:35.151760"
}