{
  "experiment_name": "hybrid_popolar_k20_WithModel",
  "config": {
    "dataset_path": "/home/brusc/Projects/random_forest/datasets/dataset_rgb_poisson_40/mini",
    "area_name": "popolar",
    "feature_method": "hybrid",
    "k_features": 20,
    "output_dir": "/home/brusc/Projects/random_forest/experiments_organized_2/poisson_output/dataset_rgb_poisson_40/popolar/mini/k20/hybrid",
    "n_estimators": 3,
    "test_size": 0.2,
    "random_state": 42,
    "cv_folds": 5
  },
  "dataset_info": {
    "data_directory": "/home/brusc/Projects/random_forest/datasets/dataset_rgb_poisson_40/mini",
    "area_name": "popolar",
    "total_images": 15,
    "classes": {
      "low_veg": 5,
      "trees": 5,
      "water": 5
    },
    "image_shape": [
      3,
      128,
      128
    ],
    "total_features_available": 540,
    "feature_method": "hybrid",
    "dataset_type": "mini",
    "k_features": 20
  },
  "feature_selection": {
    "method": "SelectKBest_k20",
    "num_features": 20,
    "selected_features": [
      "R_min",
      "R_max",
      "R_p10",
      "R_p90",
      "G_var",
      "G_min",
      "B_mean",
      "B_min",
      "B_p10",
      "B_p25",
      "B_p50",
      "G_wst_std_0",
      "B_wst_mean_0",
      "B_wst_mean_40",
      "B_wst_mean_50",
      "B_wst_mean_56",
      "B_wst_mean_58",
      "B_wst_mean_68",
      "B_wst_std_36",
      "B_wst_std_42"
    ],
    "feature_scores": [
      1.1318797868797872,
      1.6315954415954421,
      1.222514707514708,
      0.8829355829355829,
      0.8742607392607398,
      1.3545781995782002,
      0.8981496281496288,
      1.1441020091020095,
      1.0126734376734383,
      0.9653718503718507,
      0.9125940725940729,
      0.9226734376734382,
      0.9370385170385174,
      0.884681614681615,
      0.967594072594073,
      0.8734406334406339,
      1.0271178821178826,
      0.8869038369038371,
      0.9160067710067716,
      0.9280149480149484
    ]
  },
  "performance": {
    "test_accuracy": 1.0,
    "cv_mean_accuracy": 0.9333333333333333,
    "cv_std_accuracy": 0.13333333333333336,
    "cv_scores": [
      1.0,
      1.0,
      1.0,
      1.0,
      0.6666666666666666
    ],
    "classification_report": {
      "low_veg": {
        "precision": 1.0,
        "recall": 1.0,
        "f1-score": 1.0,
        "support": 1.0
      },
      "trees": {
        "precision": 1.0,
        "recall": 1.0,
        "f1-score": 1.0,
        "support": 1.0
      },
      "water": {
        "precision": 1.0,
        "recall": 1.0,
        "f1-score": 1.0,
        "support": 1.0
      },
      "accuracy": 1.0,
      "macro avg": {
        "precision": 1.0,
        "recall": 1.0,
        "f1-score": 1.0,
        "support": 3.0
      },
      "weighted avg": {
        "precision": 1.0,
        "recall": 1.0,
        "f1-score": 1.0,
        "support": 3.0
      }
    },
    "confusion_matrix": [
      [
        1,
        0,
        0
      ],
      [
        0,
        1,
        0
      ],
      [
        0,
        0,
        1
      ]
    ]
  },
  "model_files": {
    "trained_model": "trained_model.joblib",
    "scaler": "scaler.joblib",
    "feature_selector": "feature_selector.joblib",
    "feature_names": "feature_names.json"
  },
  "timestamp": "2025-07-21T21:03:00.336222"
}