{
  "experiment_name": "wst_popolar_k20_WithModel",
  "config": {
    "dataset_path": "/home/brusc/Projects/random_forest/datasets/dataset_rgb_poisson_40/original",
    "area_name": "popolar",
    "feature_method": "wst",
    "k_features": 20,
    "output_dir": "/home/brusc/Projects/random_forest/experiments_organized_2/poisson_output/dataset_rgb_poisson_40/popolar/original/k20/wst",
    "n_estimators": 50,
    "test_size": 0.2,
    "random_state": 42,
    "cv_folds": 5
  },
  "dataset_info": {
    "data_directory": "/home/brusc/Projects/random_forest/datasets/dataset_rgb_poisson_40/original",
    "area_name": "popolar",
    "total_images": 121,
    "classes": {
      "low_veg": 41,
      "trees": 40,
      "water": 40
    },
    "image_shape": [
      3,
      128,
      128
    ],
    "total_features_available": 486,
    "feature_method": "wst",
    "dataset_type": "original",
    "k_features": 20
  },
  "feature_selection": {
    "method": "SelectKBest_k20",
    "num_features": 20,
    "selected_features": [
      "R_wst_mean_0",
      "R_wst_mean_50",
      "R_wst_mean_75",
      "R_wst_std_0",
      "G_wst_std_0",
      "B_wst_mean_0",
      "B_wst_mean_20",
      "B_wst_mean_21",
      "B_wst_mean_22",
      "B_wst_mean_27",
      "B_wst_mean_30",
      "B_wst_mean_31",
      "B_wst_mean_38",
      "B_wst_mean_39",
      "B_wst_mean_49",
      "B_wst_mean_75",
      "B_wst_mean_76",
      "B_wst_mean_77",
      "B_wst_mean_78",
      "B_wst_std_0"
    ],
    "feature_scores": [
      0.8457961797829414,
      0.8470064137512043,
      0.8461963727328452,
      0.9911459119807571,
      1.0029997075013644,
      0.8934415381785543,
      0.8680257755986658,
      0.8625998675465036,
      0.9740155630353986,
      0.8332780275455969,
      0.8442474414876195,
      0.8490448063978131,
      0.8235877336181279,
      0.8672566499456402,
      0.8270348203448521,
      0.8263888442914764,
      0.8537686476663155,
      0.8666117436102103,
      0.833573465608719,
      0.9150759106402764
    ]
  },
  "performance": {
    "test_accuracy": 0.96,
    "cv_mean_accuracy": 0.9666666666666668,
    "cv_std_accuracy": 0.031180478223116186,
    "cv_scores": [
      1.0,
      0.9583333333333334,
      0.9583333333333334,
      0.9166666666666666,
      1.0
    ],
    "classification_report": {
      "low_veg": {
        "precision": 1.0,
        "recall": 0.8888888888888888,
        "f1-score": 0.9411764705882353,
        "support": 9.0
      },
      "trees": {
        "precision": 0.8888888888888888,
        "recall": 1.0,
        "f1-score": 0.9411764705882353,
        "support": 8.0
      },
      "water": {
        "precision": 1.0,
        "recall": 1.0,
        "f1-score": 1.0,
        "support": 8.0
      },
      "accuracy": 0.96,
      "macro avg": {
        "precision": 0.9629629629629629,
        "recall": 0.9629629629629629,
        "f1-score": 0.9607843137254902,
        "support": 25.0
      },
      "weighted avg": {
        "precision": 0.9644444444444444,
        "recall": 0.96,
        "f1-score": 0.96,
        "support": 25.0
      }
    },
    "confusion_matrix": [
      [
        8,
        1,
        0
      ],
      [
        0,
        8,
        0
      ],
      [
        0,
        0,
        8
      ]
    ]
  },
  "model_files": {
    "trained_model": "trained_model.joblib",
    "scaler": "scaler.joblib",
    "feature_selector": "feature_selector.joblib",
    "feature_names": "feature_names.json"
  },
  "timestamp": "2025-07-21T21:59:19.820182"
}