{
  "experiment_name": "advanced_stats_assatigue_k20_WithModel",
  "config": {
    "dataset_path": "/home/brusc/Projects/random_forest/datasets/dataset_rgb_salt_and_pepper_25/mini",
    "area_name": "assatigue",
    "feature_method": "advanced_stats",
    "k_features": 20,
    "output_dir": "/home/brusc/Projects/random_forest/experiments_organized_2/salt_and_pepper_output/dataset_rgb_salt_and_pepper_25/assatigue/mini/k20/advanced_stats",
    "n_estimators": 3,
    "test_size": 0.2,
    "random_state": 42,
    "cv_folds": 5
  },
  "dataset_info": {
    "data_directory": "/home/brusc/Projects/random_forest/datasets/dataset_rgb_salt_and_pepper_25/mini",
    "area_name": "assatigue",
    "total_images": 15,
    "classes": {
      "low_veg": 5,
      "trees": 5,
      "water": 5
    },
    "image_shape": [
      3,
      128,
      128
    ],
    "total_features_available": 54,
    "feature_method": "advanced_stats",
    "dataset_type": "mini",
    "k_features": 20
  },
  "feature_selection": {
    "method": "SelectKBest_k20",
    "num_features": 20,
    "selected_features": [
      "R_mean",
      "R_skew",
      "R_kurt",
      "R_cv",
      "R_p50",
      "R_p75",
      "R_iqr",
      "R_grad_mean",
      "R_edge_density",
      "G_mean",
      "G_skew",
      "G_kurt",
      "G_cv",
      "G_p50",
      "G_grad_mean",
      "B_mean",
      "B_skew",
      "B_kurt",
      "B_cv",
      "B_p50"
    ],
    "feature_scores": [
      0.5101337551337553,
      0.6098162948162953,
      0.37513375513375524,
      0.532435342435343,
      0.5681496281496285,
      0.44410200910200937,
      0.5147369297369302,
      0.35034058534058543,
      0.3279259629259632,
      0.5236258186258185,
      0.5607686757686761,
      0.34200725200725257,
      0.4258961408961419,
      0.5286258186258188,
      0.43042476042476085,
      0.6902924852924857,
      0.8725147075147079,
      0.5083324083324088,
      0.8558480408480413,
      0.8258480408480411
    ]
  },
  "performance": {
    "test_accuracy": 0.6666666666666666,
    "cv_mean_accuracy": 0.7333333333333332,
    "cv_std_accuracy": 0.13333333333333336,
    "cv_scores": [
      0.6666666666666666,
      0.6666666666666666,
      1.0,
      0.6666666666666666,
      0.6666666666666666
    ],
    "classification_report": {
      "low_veg": {
        "precision": 0.5,
        "recall": 1.0,
        "f1-score": 0.6666666666666666,
        "support": 1.0
      },
      "trees": {
        "precision": 1.0,
        "recall": 1.0,
        "f1-score": 1.0,
        "support": 1.0
      },
      "water": {
        "precision": 0.0,
        "recall": 0.0,
        "f1-score": 0.0,
        "support": 1.0
      },
      "accuracy": 0.6666666666666666,
      "macro avg": {
        "precision": 0.5,
        "recall": 0.6666666666666666,
        "f1-score": 0.5555555555555555,
        "support": 3.0
      },
      "weighted avg": {
        "precision": 0.5,
        "recall": 0.6666666666666666,
        "f1-score": 0.5555555555555555,
        "support": 3.0
      }
    },
    "confusion_matrix": [
      [
        1,
        0,
        0
      ],
      [
        0,
        1,
        0
      ],
      [
        1,
        0,
        0
      ]
    ]
  },
  "model_files": {
    "trained_model": "trained_model.joblib",
    "scaler": "scaler.joblib",
    "feature_selector": "feature_selector.joblib",
    "feature_names": "feature_names.json"
  },
  "timestamp": "2025-07-22T15:21:53.490454"
}