{
  "experiment_name": "advanced_stats_sunset_k20_WithModel",
  "config": {
    "dataset_path": "/home/brusc/Projects/random_forest/datasets/dataset_rgb_uniform_25/mini",
    "area_name": "sunset",
    "feature_method": "advanced_stats",
    "k_features": 20,
    "output_dir": "/home/brusc/Projects/random_forest/experiments_organized/uniform_output/dataset_rgb_uniform_25/sunset/mini/k20/advanced_stats",
    "n_estimators": 3,
    "test_size": 0.2,
    "random_state": 42,
    "cv_folds": 5
  },
  "dataset_info": {
    "data_directory": "/home/brusc/Projects/random_forest/datasets/dataset_rgb_uniform_25/mini",
    "area_name": "sunset",
    "total_images": 15,
    "classes": {
      "garden": 5,
      "low_veg": 5,
      "trees": 5
    },
    "image_shape": [
      3,
      128,
      128
    ],
    "total_features_available": 54,
    "feature_method": "advanced_stats",
    "dataset_type": "mini",
    "k_features": 20
  },
  "feature_selection": {
    "method": "SelectKBest_k20",
    "num_features": 20,
    "selected_features": [
      "R_std",
      "R_var",
      "R_range",
      "R_iqr",
      "R_mad",
      "R_grad_mean",
      "G_var",
      "G_iqr",
      "G_mad",
      "G_grad_mean",
      "B_mean",
      "B_std",
      "B_var",
      "B_skew",
      "B_kurt",
      "B_p75",
      "B_p90",
      "B_iqr",
      "B_mad",
      "B_grad_mean"
    ],
    "feature_scores": [
      0.8164829614829616,
      0.8825940725940733,
      0.5898162948162955,
      0.6692607392607393,
      0.727594072594073,
      0.9682289932289936,
      0.5047369297369297,
      0.5075940725940729,
      0.519657564657565,
      0.9937845487845489,
      0.49973452473452484,
      0.5068004218004221,
      0.492911532911533,
      0.72460224960225,
      0.5361871461871466,
      0.5469062419062418,
      0.5114805564805567,
      0.7730702630702635,
      0.6029115329115335,
      0.8947369297369301
    ]
  },
  "performance": {
    "test_accuracy": 1.0,
    "cv_mean_accuracy": 0.8,
    "cv_std_accuracy": 0.16329931618554522,
    "cv_scores": [
      0.6666666666666666,
      0.6666666666666666,
      0.6666666666666666,
      1.0,
      1.0
    ],
    "classification_report": {
      "garden": {
        "precision": 1.0,
        "recall": 1.0,
        "f1-score": 1.0,
        "support": 1.0
      },
      "low_veg": {
        "precision": 1.0,
        "recall": 1.0,
        "f1-score": 1.0,
        "support": 1.0
      },
      "trees": {
        "precision": 1.0,
        "recall": 1.0,
        "f1-score": 1.0,
        "support": 1.0
      },
      "accuracy": 1.0,
      "macro avg": {
        "precision": 1.0,
        "recall": 1.0,
        "f1-score": 1.0,
        "support": 3.0
      },
      "weighted avg": {
        "precision": 1.0,
        "recall": 1.0,
        "f1-score": 1.0,
        "support": 3.0
      }
    },
    "confusion_matrix": [
      [
        1,
        0,
        0
      ],
      [
        0,
        1,
        0
      ],
      [
        0,
        0,
        1
      ]
    ]
  },
  "model_files": {
    "trained_model": "trained_model.joblib",
    "scaler": "scaler.joblib",
    "feature_selector": "feature_selector.joblib",
    "feature_names": "feature_names.json"
  },
  "timestamp": "2025-07-22T04:38:20.876235"
}