{
  "experiment_name": "wst_popolar_k20_WithModel",
  "config": {
    "dataset_path": "/home/brusc/Projects/random_forest/datasets/dataset_rgb_poisson_60/small",
    "area_name": "popolar",
    "feature_method": "wst",
    "k_features": 20,
    "output_dir": "/home/brusc/Projects/random_forest/experiments_organized_2/poisson_output/dataset_rgb_poisson_60/popolar/small/k20/wst",
    "n_estimators": 10,
    "test_size": 0.2,
    "random_state": 42,
    "cv_folds": 5
  },
  "dataset_info": {
    "data_directory": "/home/brusc/Projects/random_forest/datasets/dataset_rgb_poisson_60/small",
    "area_name": "popolar",
    "total_images": 45,
    "classes": {
      "low_veg": 15,
      "trees": 15,
      "water": 15
    },
    "image_shape": [
      3,
      128,
      128
    ],
    "total_features_available": 486,
    "feature_method": "wst",
    "dataset_type": "small",
    "k_features": 20
  },
  "feature_selection": {
    "method": "SelectKBest_k20",
    "num_features": 20,
    "selected_features": [
      "R_wst_mean_16",
      "R_wst_mean_21",
      "R_wst_std_0",
      "G_wst_mean_16",
      "G_wst_std_0",
      "B_wst_mean_20",
      "B_wst_mean_30",
      "B_wst_mean_31",
      "B_wst_mean_32",
      "B_wst_mean_38",
      "B_wst_mean_39",
      "B_wst_mean_46",
      "B_wst_mean_47",
      "B_wst_mean_48",
      "B_wst_mean_50",
      "B_wst_mean_55",
      "B_wst_mean_68",
      "B_wst_mean_69",
      "B_wst_mean_75",
      "B_wst_std_0"
    ],
    "feature_scores": [
      0.8162072485751608,
      0.8492645833972017,
      0.9810230282929013,
      0.8642930298962361,
      0.9931394304093033,
      0.820180629950503,
      0.8280333636365702,
      0.8712785135483867,
      0.8336600209298939,
      0.8387024476389875,
      0.8135357008055739,
      0.824498267336111,
      0.8386849049541212,
      0.9556806803289579,
      0.8580567661599725,
      0.8538932098090104,
      0.8105333108743991,
      0.8218920072862355,
      0.8680251581076253,
      0.9174571828514109
    ]
  },
  "performance": {
    "test_accuracy": 0.7777777777777778,
    "cv_mean_accuracy": 0.9111111111111111,
    "cv_std_accuracy": 0.08314794192830981,
    "cv_scores": [
      0.7777777777777778,
      0.8888888888888888,
      1.0,
      1.0,
      0.8888888888888888
    ],
    "classification_report": {
      "low_veg": {
        "precision": 0.6666666666666666,
        "recall": 0.6666666666666666,
        "f1-score": 0.6666666666666666,
        "support": 3.0
      },
      "trees": {
        "precision": 1.0,
        "recall": 0.6666666666666666,
        "f1-score": 0.8,
        "support": 3.0
      },
      "water": {
        "precision": 0.75,
        "recall": 1.0,
        "f1-score": 0.8571428571428571,
        "support": 3.0
      },
      "accuracy": 0.7777777777777778,
      "macro avg": {
        "precision": 0.8055555555555555,
        "recall": 0.7777777777777777,
        "f1-score": 0.7746031746031746,
        "support": 9.0
      },
      "weighted avg": {
        "precision": 0.8055555555555556,
        "recall": 0.7777777777777778,
        "f1-score": 0.7746031746031746,
        "support": 9.0
      }
    },
    "confusion_matrix": [
      [
        2,
        0,
        1
      ],
      [
        1,
        2,
        0
      ],
      [
        0,
        0,
        3
      ]
    ]
  },
  "model_files": {
    "trained_model": "trained_model.joblib",
    "scaler": "scaler.joblib",
    "feature_selector": "feature_selector.joblib",
    "feature_names": "feature_names.json"
  },
  "timestamp": "2025-07-22T01:07:43.361861"
}