{
  "experiment_name": "advanced_stats_sunset_k20_WithModel",
  "config": {
    "dataset_path": "/home/brusc/Projects/random_forest/datasets/dataset_rgb_clean/small",
    "area_name": "sunset",
    "feature_method": "advanced_stats",
    "k_features": 20,
    "output_dir": "/home/brusc/Projects/random_forest/experiments_organized/gaussian_output/rgb_clean/sunset/small/k20/advanced_stats",
    "n_estimators": 10,
    "test_size": 0.2,
    "random_state": 42,
    "cv_folds": 5
  },
  "dataset_info": {
    "data_directory": "/home/brusc/Projects/random_forest/datasets/dataset_rgb_clean/small",
    "area_name": "sunset",
    "total_images": 45,
    "classes": {
      "garden": 15,
      "low_veg": 15,
      "trees": 15
    },
    "image_shape": [
      3,
      128,
      128
    ],
    "total_features_available": 54,
    "feature_method": "advanced_stats",
    "dataset_type": "small",
    "k_features": 20
  },
  "feature_selection": {
    "method": "SelectKBest_k20",
    "num_features": 20,
    "selected_features": [
      "R_std",
      "R_var",
      "R_range",
      "R_iqr",
      "R_mad",
      "R_grad_mean",
      "G_std",
      "G_var",
      "G_range",
      "G_cv",
      "G_iqr",
      "G_mad",
      "G_grad_mean",
      "B_std",
      "B_var",
      "B_max",
      "B_range",
      "B_cv",
      "B_mad",
      "B_grad_mean"
    ],
    "feature_scores": [
      0.7526540617043,
      0.7383297492396368,
      0.6112076584775317,
      0.6987450831126587,
      0.7882286106121823,
      0.8733516256214988,
      0.6914369353734755,
      0.6953522792888194,
      0.7550436373135105,
      0.7176781964057579,
      0.7223468896167626,
      0.670228020831227,
      0.8259265815297883,
      0.5963785678151079,
      0.5951439999138732,
      0.6788488970501427,
      0.6480092428771553,
      0.8643160754349415,
      0.6182549961492243,
      0.8473481138826928
    ]
  },
  "performance": {
    "test_accuracy": 1.0,
    "cv_mean_accuracy": 0.9333333333333332,
    "cv_std_accuracy": 0.08888888888888889,
    "cv_scores": [
      1.0,
      1.0,
      0.7777777777777778,
      1.0,
      0.8888888888888888
    ],
    "classification_report": {
      "garden": {
        "precision": 1.0,
        "recall": 1.0,
        "f1-score": 1.0,
        "support": 3.0
      },
      "low_veg": {
        "precision": 1.0,
        "recall": 1.0,
        "f1-score": 1.0,
        "support": 3.0
      },
      "trees": {
        "precision": 1.0,
        "recall": 1.0,
        "f1-score": 1.0,
        "support": 3.0
      },
      "accuracy": 1.0,
      "macro avg": {
        "precision": 1.0,
        "recall": 1.0,
        "f1-score": 1.0,
        "support": 9.0
      },
      "weighted avg": {
        "precision": 1.0,
        "recall": 1.0,
        "f1-score": 1.0,
        "support": 9.0
      }
    },
    "confusion_matrix": [
      [
        3,
        0,
        0
      ],
      [
        0,
        3,
        0
      ],
      [
        0,
        0,
        3
      ]
    ]
  },
  "model_files": {
    "trained_model": "trained_model.joblib",
    "scaler": "scaler.joblib",
    "feature_selector": "feature_selector.joblib",
    "feature_names": "feature_names.json"
  },
  "timestamp": "2025-07-21T18:31:58.048311"
}