{
  "experiment_name": "wst_popolar_k20_WithModel",
  "config": {
    "dataset_path": "/home/brusc/Projects/random_forest/datasets/dataset_rgb_poisson_40/mini",
    "area_name": "popolar",
    "feature_method": "wst",
    "k_features": 20,
    "output_dir": "/home/brusc/Projects/random_forest/experiments_organized_2/poisson_output/dataset_rgb_poisson_40/popolar/mini/k20/wst",
    "n_estimators": 3,
    "test_size": 0.2,
    "random_state": 42,
    "cv_folds": 5
  },
  "dataset_info": {
    "data_directory": "/home/brusc/Projects/random_forest/datasets/dataset_rgb_poisson_40/mini",
    "area_name": "popolar",
    "total_images": 15,
    "classes": {
      "low_veg": 5,
      "trees": 5,
      "water": 5
    },
    "image_shape": [
      3,
      128,
      128
    ],
    "total_features_available": 486,
    "feature_method": "wst",
    "dataset_type": "mini",
    "k_features": 20
  },
  "feature_selection": {
    "method": "SelectKBest_k20",
    "num_features": 20,
    "selected_features": [
      "R_wst_mean_0",
      "R_wst_mean_2",
      "R_wst_std_0",
      "G_wst_std_0",
      "G_wst_std_14",
      "B_wst_mean_0",
      "B_wst_mean_39",
      "B_wst_mean_40",
      "B_wst_mean_42",
      "B_wst_mean_43",
      "B_wst_mean_47",
      "B_wst_mean_50",
      "B_wst_mean_51",
      "B_wst_mean_56",
      "B_wst_mean_58",
      "B_wst_mean_67",
      "B_wst_mean_68",
      "B_wst_std_36",
      "B_wst_std_44",
      "B_wst_std_67"
    ],
    "feature_scores": [
      0.9051578051578055,
      0.7911342361342366,
      0.8575940725940732,
      0.9004512154512159,
      0.8119591519591525,
      0.8848162948162952,
      0.796297776297777,
      0.8240755540755542,
      0.8313482813482818,
      0.7934117734117738,
      0.9431496281496285,
      0.9370385170385174,
      0.7855834905834913,
      0.8734406334406337,
      1.0493401043401047,
      0.8548162948162952,
      0.8591260591260594,
      0.8937845487845493,
      0.8037845487845492,
      0.7841813741813743
    ]
  },
  "performance": {
    "test_accuracy": 0.6666666666666666,
    "cv_mean_accuracy": 0.8666666666666666,
    "cv_std_accuracy": 0.16329931618554522,
    "cv_scores": [
      0.6666666666666666,
      1.0,
      1.0,
      1.0,
      0.6666666666666666
    ],
    "classification_report": {
      "low_veg": {
        "precision": 0.5,
        "recall": 1.0,
        "f1-score": 0.6666666666666666,
        "support": 1.0
      },
      "trees": {
        "precision": 1.0,
        "recall": 1.0,
        "f1-score": 1.0,
        "support": 1.0
      },
      "water": {
        "precision": 0.0,
        "recall": 0.0,
        "f1-score": 0.0,
        "support": 1.0
      },
      "accuracy": 0.6666666666666666,
      "macro avg": {
        "precision": 0.5,
        "recall": 0.6666666666666666,
        "f1-score": 0.5555555555555555,
        "support": 3.0
      },
      "weighted avg": {
        "precision": 0.5,
        "recall": 0.6666666666666666,
        "f1-score": 0.5555555555555555,
        "support": 3.0
      }
    },
    "confusion_matrix": [
      [
        1,
        0,
        0
      ],
      [
        0,
        1,
        0
      ],
      [
        1,
        0,
        0
      ]
    ]
  },
  "model_files": {
    "trained_model": "trained_model.joblib",
    "scaler": "scaler.joblib",
    "feature_selector": "feature_selector.joblib",
    "feature_names": "feature_names.json"
  },
  "timestamp": "2025-07-21T21:04:07.688242"
}