{
  "experiment_name": "hybrid_assatigue_k20_WithModel",
  "config": {
    "dataset_path": "/home/brusc/Projects/random_forest/datasets/dataset_rgb_uniform_10/original",
    "area_name": "assatigue",
    "feature_method": "hybrid",
    "k_features": 20,
    "output_dir": "/home/brusc/Projects/random_forest/experiments_organized/uniform_output/dataset_rgb_uniform_10/assatigue/original/k20/hybrid",
    "n_estimators": 50,
    "test_size": 0.2,
    "random_state": 42,
    "cv_folds": 5
  },
  "dataset_info": {
    "data_directory": "/home/brusc/Projects/random_forest/datasets/dataset_rgb_uniform_10/original",
    "area_name": "assatigue",
    "total_images": 116,
    "classes": {
      "low_veg": 40,
      "water": 40,
      "trees": 36
    },
    "image_shape": [
      3,
      128,
      128
    ],
    "total_features_available": 540,
    "feature_method": "hybrid",
    "dataset_type": "original",
    "k_features": 20
  },
  "feature_selection": {
    "method": "SelectKBest_k20",
    "num_features": 20,
    "selected_features": [
      "R_std",
      "R_var",
      "R_min",
      "R_cv",
      "R_iqr",
      "R_mad",
      "R_grad_mean",
      "G_std",
      "G_var",
      "G_min",
      "G_cv",
      "G_iqr",
      "G_mad",
      "B_min",
      "B_cv",
      "R_wst_mean_5",
      "R_wst_mean_6",
      "R_wst_mean_15",
      "R_wst_std_0",
      "G_wst_std_0"
    ],
    "feature_scores": [
      0.9059096078501856,
      0.899413560088661,
      1.0370748749589942,
      0.96996590409962,
      1.0459670398313925,
      0.9972603221202514,
      0.8804334115456347,
      0.9231361823014039,
      0.9194904319074286,
      1.0395901053810235,
      0.9264977195647401,
      1.09159528411034,
      1.0101228677956748,
      1.0720141671392625,
      0.8786105278032907,
      0.8847346542327792,
      0.897485960329923,
      0.8885786353474634,
      0.8914609885334124,
      0.9113219295276445
    ]
  },
  "performance": {
    "test_accuracy": 1.0,
    "cv_mean_accuracy": 0.9742753623188406,
    "cv_std_accuracy": 0.021014492753623173,
    "cv_scores": [
      0.9583333333333334,
      0.9565217391304348,
      0.9565217391304348,
      1.0,
      1.0
    ],
    "classification_report": {
      "low_veg": {
        "precision": 1.0,
        "recall": 1.0,
        "f1-score": 1.0,
        "support": 8.0
      },
      "trees": {
        "precision": 1.0,
        "recall": 1.0,
        "f1-score": 1.0,
        "support": 8.0
      },
      "water": {
        "precision": 1.0,
        "recall": 1.0,
        "f1-score": 1.0,
        "support": 8.0
      },
      "accuracy": 1.0,
      "macro avg": {
        "precision": 1.0,
        "recall": 1.0,
        "f1-score": 1.0,
        "support": 24.0
      },
      "weighted avg": {
        "precision": 1.0,
        "recall": 1.0,
        "f1-score": 1.0,
        "support": 24.0
      }
    },
    "confusion_matrix": [
      [
        8,
        0,
        0
      ],
      [
        0,
        8,
        0
      ],
      [
        0,
        0,
        8
      ]
    ]
  },
  "model_files": {
    "trained_model": "trained_model.joblib",
    "scaler": "scaler.joblib",
    "feature_selector": "feature_selector.joblib",
    "feature_names": "feature_names.json"
  },
  "timestamp": "2025-07-22T04:11:49.366210"
}