{
  "experiment_name": "wst_assatigue_k10_WithModel",
  "config": {
    "dataset_path": "/home/brusc/Projects/random_forest/datasets/dataset_rgb_speckle_35/small",
    "area_name": "assatigue",
    "feature_method": "wst",
    "k_features": 10,
    "output_dir": "/home/brusc/Projects/random_forest/experiments_organized/speckle_output/dataset_rgb_speckle_35/assatigue/small/k10/wst",
    "n_estimators": 10,
    "test_size": 0.2,
    "random_state": 42,
    "cv_folds": 5
  },
  "dataset_info": {
    "data_directory": "/home/brusc/Projects/random_forest/datasets/dataset_rgb_speckle_35/small",
    "area_name": "assatigue",
    "total_images": 45,
    "classes": {
      "low_veg": 15,
      "trees": 15,
      "water": 15
    },
    "image_shape": [
      3,
      128,
      128
    ],
    "total_features_available": 486,
    "feature_method": "wst",
    "dataset_type": "small",
    "k_features": 10
  },
  "feature_selection": {
    "method": "SelectKBest_k10",
    "num_features": 10,
    "selected_features": [
      "R_wst_mean_20",
      "R_wst_std_0",
      "G_wst_mean_22",
      "G_wst_mean_23",
      "G_wst_mean_29",
      "G_wst_mean_30",
      "G_wst_mean_73",
      "G_wst_std_0",
      "B_wst_mean_48",
      "B_wst_mean_79"
    ],
    "feature_scores": [
      0.7890271229636625,
      0.9485701725067122,
      0.7718762491461226,
      0.8113862453227854,
      0.807997781934322,
      0.7521335844034578,
      0.7644600233965633,
      0.9025942257954715,
      0.7981637271002671,
      0.7688347227712629
    ]
  },
  "performance": {
    "test_accuracy": 0.8888888888888888,
    "cv_mean_accuracy": 0.888888888888889,
    "cv_std_accuracy": 0.09938079899999065,
    "cv_scores": [
      1.0,
      1.0,
      0.8888888888888888,
      0.7777777777777778,
      0.7777777777777778
    ],
    "classification_report": {
      "low_veg": {
        "precision": 0.75,
        "recall": 1.0,
        "f1-score": 0.8571428571428571,
        "support": 3.0
      },
      "trees": {
        "precision": 1.0,
        "recall": 1.0,
        "f1-score": 1.0,
        "support": 3.0
      },
      "water": {
        "precision": 1.0,
        "recall": 0.6666666666666666,
        "f1-score": 0.8,
        "support": 3.0
      },
      "accuracy": 0.8888888888888888,
      "macro avg": {
        "precision": 0.9166666666666666,
        "recall": 0.8888888888888888,
        "f1-score": 0.8857142857142858,
        "support": 9.0
      },
      "weighted avg": {
        "precision": 0.9166666666666666,
        "recall": 0.8888888888888888,
        "f1-score": 0.8857142857142857,
        "support": 9.0
      }
    },
    "confusion_matrix": [
      [
        3,
        0,
        0
      ],
      [
        0,
        3,
        0
      ],
      [
        1,
        0,
        2
      ]
    ]
  },
  "model_files": {
    "trained_model": "trained_model.joblib",
    "scaler": "scaler.joblib",
    "feature_selector": "feature_selector.joblib",
    "feature_names": "feature_names.json"
  },
  "timestamp": "2025-07-22T02:07:58.920604"
}