{
  "experiment_name": "hybrid_sunset_k20_WithModel",
  "config": {
    "dataset_path": "/home/brusc/Projects/random_forest/datasets/dataset_rgb_speckle_35/small",
    "area_name": "sunset",
    "feature_method": "hybrid",
    "k_features": 20,
    "output_dir": "/home/brusc/Projects/random_forest/experiments_organized/speckle_output/dataset_rgb_speckle_35/sunset/small/k20/hybrid",
    "n_estimators": 10,
    "test_size": 0.2,
    "random_state": 42,
    "cv_folds": 5
  },
  "dataset_info": {
    "data_directory": "/home/brusc/Projects/random_forest/datasets/dataset_rgb_speckle_35/small",
    "area_name": "sunset",
    "total_images": 45,
    "classes": {
      "garden": 15,
      "low_veg": 15,
      "trees": 15
    },
    "image_shape": [
      3,
      128,
      128
    ],
    "total_features_available": 540,
    "feature_method": "hybrid",
    "dataset_type": "small",
    "k_features": 20
  },
  "feature_selection": {
    "method": "SelectKBest_k20",
    "num_features": 20,
    "selected_features": [
      "B_std",
      "B_cv",
      "R_wst_std_0",
      "B_wst_mean_9",
      "B_wst_mean_10",
      "B_wst_mean_13",
      "B_wst_mean_14",
      "B_wst_mean_15",
      "B_wst_mean_16",
      "B_wst_std_10",
      "B_wst_std_14",
      "B_wst_std_25",
      "B_wst_std_26",
      "B_wst_std_44",
      "B_wst_std_56",
      "B_wst_std_61",
      "B_wst_std_63",
      "B_wst_std_64",
      "B_wst_std_69",
      "B_wst_std_74"
    ],
    "feature_scores": [
      0.6752957706368585,
      0.8576494087682747,
      0.8150204519883106,
      0.7453148268650653,
      0.7353056414245074,
      0.7559659646403862,
      0.7213493158570707,
      0.6739234700978918,
      0.7191264255786247,
      0.6873842505854963,
      0.8326284083453133,
      0.6856827310205749,
      0.6843924455668671,
      0.7043516530260745,
      0.6839559392937833,
      0.6962793720338825,
      0.6826508246553349,
      0.6969556231300447,
      0.7454186724264271,
      0.6939636459714011
    ]
  },
  "performance": {
    "test_accuracy": 1.0,
    "cv_mean_accuracy": 0.9555555555555555,
    "cv_std_accuracy": 0.054433105395181765,
    "cv_scores": [
      1.0,
      0.8888888888888888,
      0.8888888888888888,
      1.0,
      1.0
    ],
    "classification_report": {
      "garden": {
        "precision": 1.0,
        "recall": 1.0,
        "f1-score": 1.0,
        "support": 3.0
      },
      "low_veg": {
        "precision": 1.0,
        "recall": 1.0,
        "f1-score": 1.0,
        "support": 3.0
      },
      "trees": {
        "precision": 1.0,
        "recall": 1.0,
        "f1-score": 1.0,
        "support": 3.0
      },
      "accuracy": 1.0,
      "macro avg": {
        "precision": 1.0,
        "recall": 1.0,
        "f1-score": 1.0,
        "support": 9.0
      },
      "weighted avg": {
        "precision": 1.0,
        "recall": 1.0,
        "f1-score": 1.0,
        "support": 9.0
      }
    },
    "confusion_matrix": [
      [
        3,
        0,
        0
      ],
      [
        0,
        3,
        0
      ],
      [
        0,
        0,
        3
      ]
    ]
  },
  "model_files": {
    "trained_model": "trained_model.joblib",
    "scaler": "scaler.joblib",
    "feature_selector": "feature_selector.joblib",
    "feature_names": "feature_names.json"
  },
  "timestamp": "2025-07-22T02:19:42.093019"
}