{
  "experiment_name": "advanced_stats_popolar_k20_WithModel",
  "config": {
    "dataset_path": "/home/brusc/Projects/random_forest/datasets/dataset_rgb_speckle_35/original",
    "area_name": "popolar",
    "feature_method": "advanced_stats",
    "k_features": 20,
    "output_dir": "/home/brusc/Projects/random_forest/experiments_organized/speckle_output/dataset_rgb_speckle_35/popolar/original/k20/advanced_stats",
    "n_estimators": 50,
    "test_size": 0.2,
    "random_state": 42,
    "cv_folds": 5
  },
  "dataset_info": {
    "data_directory": "/home/brusc/Projects/random_forest/datasets/dataset_rgb_speckle_35/original",
    "area_name": "popolar",
    "total_images": 121,
    "classes": {
      "low_veg": 41,
      "trees": 40,
      "water": 40
    },
    "image_shape": [
      3,
      128,
      128
    ],
    "total_features_available": 54,
    "feature_method": "advanced_stats",
    "dataset_type": "original",
    "k_features": 20
  },
  "feature_selection": {
    "method": "SelectKBest_k20",
    "num_features": 20,
    "selected_features": [
      "R_mean",
      "R_skew",
      "R_cv",
      "R_p10",
      "R_p25",
      "R_p50",
      "R_p75",
      "R_p90",
      "R_grad_mean",
      "G_kurt",
      "G_cv",
      "B_mean",
      "B_skew",
      "B_cv",
      "B_p10",
      "B_p25",
      "B_p50",
      "B_p75",
      "B_p90",
      "B_grad_mean"
    ],
    "feature_scores": [
      0.8628760695901041,
      0.875990118643692,
      0.9949503797752195,
      0.9660036898327629,
      0.9423135459175327,
      0.8801512133006546,
      0.7970206741224093,
      0.7340133577432735,
      0.7670092297043236,
      0.6962284692039784,
      0.736497742157386,
      0.8912982613451947,
      0.9454057154642967,
      1.0510765542398528,
      0.9785046842823462,
      0.9640323069371697,
      0.9228068091324713,
      0.8674887444258068,
      0.7663030349446107,
      0.8484368000598694
    ]
  },
  "performance": {
    "test_accuracy": 0.96,
    "cv_mean_accuracy": 0.9506666666666668,
    "cv_std_accuracy": 0.030488613539411003,
    "cv_scores": [
      0.92,
      1.0,
      0.9583333333333334,
      0.9583333333333334,
      0.9166666666666666
    ],
    "classification_report": {
      "low_veg": {
        "precision": 1.0,
        "recall": 0.8888888888888888,
        "f1-score": 0.9411764705882353,
        "support": 9.0
      },
      "trees": {
        "precision": 1.0,
        "recall": 1.0,
        "f1-score": 1.0,
        "support": 8.0
      },
      "water": {
        "precision": 0.8888888888888888,
        "recall": 1.0,
        "f1-score": 0.9411764705882353,
        "support": 8.0
      },
      "accuracy": 0.96,
      "macro avg": {
        "precision": 0.9629629629629629,
        "recall": 0.9629629629629629,
        "f1-score": 0.9607843137254902,
        "support": 25.0
      },
      "weighted avg": {
        "precision": 0.9644444444444444,
        "recall": 0.96,
        "f1-score": 0.96,
        "support": 25.0
      }
    },
    "confusion_matrix": [
      [
        8,
        0,
        1
      ],
      [
        0,
        8,
        0
      ],
      [
        0,
        0,
        8
      ]
    ]
  },
  "model_files": {
    "trained_model": "trained_model.joblib",
    "scaler": "scaler.joblib",
    "feature_selector": "feature_selector.joblib",
    "feature_names": "feature_names.json"
  },
  "timestamp": "2025-07-22T02:35:33.216427"
}