{
  "experiment_name": "wst_assatigue_k20_WithModel",
  "config": {
    "dataset_path": "/home/brusc/Projects/random_forest/datasets/dataset_rgb_poisson_40/small",
    "area_name": "assatigue",
    "feature_method": "wst",
    "k_features": 20,
    "output_dir": "/home/brusc/Projects/random_forest/experiments_organized_2/poisson_output/dataset_rgb_poisson_40/assatigue/small/k20/wst",
    "n_estimators": 10,
    "test_size": 0.2,
    "random_state": 42,
    "cv_folds": 5
  },
  "dataset_info": {
    "data_directory": "/home/brusc/Projects/random_forest/datasets/dataset_rgb_poisson_40/small",
    "area_name": "assatigue",
    "total_images": 45,
    "classes": {
      "low_veg": 15,
      "trees": 15,
      "water": 15
    },
    "image_shape": [
      3,
      128,
      128
    ],
    "total_features_available": 486,
    "feature_method": "wst",
    "dataset_type": "small",
    "k_features": 20
  },
  "feature_selection": {
    "method": "SelectKBest_k20",
    "num_features": 20,
    "selected_features": [
      "R_wst_mean_0",
      "R_wst_mean_5",
      "R_wst_mean_22",
      "R_wst_mean_35",
      "R_wst_mean_49",
      "R_wst_mean_53",
      "R_wst_mean_57",
      "R_wst_mean_59",
      "R_wst_mean_65",
      "R_wst_std_0",
      "R_wst_std_56",
      "G_wst_std_0",
      "B_wst_mean_1",
      "B_wst_mean_4",
      "B_wst_mean_29",
      "B_wst_mean_30",
      "B_wst_mean_58",
      "B_wst_mean_65",
      "B_wst_mean_70",
      "B_wst_mean_80"
    ],
    "feature_scores": [
      0.7452023674722406,
      0.7362244934943667,
      0.7347702687068083,
      0.7693373682739084,
      0.7773540429572494,
      0.7638090694122761,
      0.7416213188911924,
      0.7479865585897651,
      0.8494439900471968,
      0.8851191482223548,
      0.8248488321187053,
      0.8589815820847886,
      0.8396644486009885,
      0.7863487519519585,
      0.777019500956041,
      0.8018409757775156,
      0.7464625887324621,
      0.748809069412276,
      0.7762950402315802,
      0.7375926931958996
    ]
  },
  "performance": {
    "test_accuracy": 0.8888888888888888,
    "cv_mean_accuracy": 0.888888888888889,
    "cv_std_accuracy": 0.07027283689263066,
    "cv_scores": [
      0.8888888888888888,
      0.8888888888888888,
      0.8888888888888888,
      0.7777777777777778,
      1.0
    ],
    "classification_report": {
      "low_veg": {
        "precision": 0.75,
        "recall": 1.0,
        "f1-score": 0.8571428571428571,
        "support": 3.0
      },
      "trees": {
        "precision": 1.0,
        "recall": 1.0,
        "f1-score": 1.0,
        "support": 3.0
      },
      "water": {
        "precision": 1.0,
        "recall": 0.6666666666666666,
        "f1-score": 0.8,
        "support": 3.0
      },
      "accuracy": 0.8888888888888888,
      "macro avg": {
        "precision": 0.9166666666666666,
        "recall": 0.8888888888888888,
        "f1-score": 0.8857142857142858,
        "support": 9.0
      },
      "weighted avg": {
        "precision": 0.9166666666666666,
        "recall": 0.8888888888888888,
        "f1-score": 0.8857142857142857,
        "support": 9.0
      }
    },
    "confusion_matrix": [
      [
        3,
        0,
        0
      ],
      [
        0,
        3,
        0
      ],
      [
        1,
        0,
        2
      ]
    ]
  },
  "model_files": {
    "trained_model": "trained_model.joblib",
    "scaler": "scaler.joblib",
    "feature_selector": "feature_selector.joblib",
    "feature_names": "feature_names.json"
  },
  "timestamp": "2025-07-21T21:10:10.672201"
}