{
  "experiment_name": "wst_assatigue_k20_WithModel",
  "config": {
    "dataset_path": "/home/brusc/Projects/random_forest/datasets/dataset_rgb_speckle_35/original",
    "area_name": "assatigue",
    "feature_method": "wst",
    "k_features": 20,
    "output_dir": "/home/brusc/Projects/random_forest/experiments_organized/speckle_output/dataset_rgb_speckle_35/assatigue/original/k20/wst",
    "n_estimators": 50,
    "test_size": 0.2,
    "random_state": 42,
    "cv_folds": 5
  },
  "dataset_info": {
    "data_directory": "/home/brusc/Projects/random_forest/datasets/dataset_rgb_speckle_35/original",
    "area_name": "assatigue",
    "total_images": 116,
    "classes": {
      "low_veg": 40,
      "water": 40,
      "trees": 36
    },
    "image_shape": [
      3,
      128,
      128
    ],
    "total_features_available": 486,
    "feature_method": "wst",
    "dataset_type": "original",
    "k_features": 20
  },
  "feature_selection": {
    "method": "SelectKBest_k20",
    "num_features": 20,
    "selected_features": [
      "R_wst_mean_11",
      "R_wst_mean_12",
      "R_wst_mean_13",
      "R_wst_mean_66",
      "R_wst_std_0",
      "G_wst_mean_5",
      "G_wst_mean_6",
      "G_wst_mean_12",
      "G_wst_mean_20",
      "G_wst_mean_38",
      "G_wst_mean_48",
      "G_wst_mean_62",
      "G_wst_std_0",
      "B_wst_mean_5",
      "B_wst_mean_25",
      "B_wst_mean_33",
      "B_wst_mean_43",
      "B_wst_mean_51",
      "B_wst_mean_68",
      "B_wst_mean_79"
    ],
    "feature_scores": [
      0.8218138075201558,
      0.8134127977741801,
      0.7239069111781162,
      0.7183477213808329,
      0.9580392995146711,
      0.733219966898816,
      0.7291358087198299,
      0.7095200295283925,
      0.7404080135265174,
      0.7424897919013995,
      0.7452405063661103,
      0.7051516400425235,
      0.9538260046834863,
      0.7461138976806778,
      0.702711371088496,
      0.7805822991987739,
      0.6979969478456647,
      0.8075603535236855,
      0.6989688961830423,
      0.7451869629554397
    ]
  },
  "performance": {
    "test_accuracy": 1.0,
    "cv_mean_accuracy": 0.9572463768115942,
    "cv_std_accuracy": 0.038096925878536005,
    "cv_scores": [
      0.9166666666666666,
      0.9565217391304348,
      0.9130434782608695,
      1.0,
      1.0
    ],
    "classification_report": {
      "low_veg": {
        "precision": 1.0,
        "recall": 1.0,
        "f1-score": 1.0,
        "support": 8.0
      },
      "trees": {
        "precision": 1.0,
        "recall": 1.0,
        "f1-score": 1.0,
        "support": 8.0
      },
      "water": {
        "precision": 1.0,
        "recall": 1.0,
        "f1-score": 1.0,
        "support": 8.0
      },
      "accuracy": 1.0,
      "macro avg": {
        "precision": 1.0,
        "recall": 1.0,
        "f1-score": 1.0,
        "support": 24.0
      },
      "weighted avg": {
        "precision": 1.0,
        "recall": 1.0,
        "f1-score": 1.0,
        "support": 24.0
      }
    },
    "confusion_matrix": [
      [
        8,
        0,
        0
      ],
      [
        0,
        8,
        0
      ],
      [
        0,
        0,
        8
      ]
    ]
  },
  "model_files": {
    "trained_model": "trained_model.joblib",
    "scaler": "scaler.joblib",
    "feature_selector": "feature_selector.joblib",
    "feature_names": "feature_names.json"
  },
  "timestamp": "2025-07-22T02:24:42.949606"
}