{
  "experiment_name": "wst_assatigue_k20_WithModel",
  "config": {
    "dataset_path": "/home/brusc/Projects/random_forest/datasets/dataset_rgb_speckle_55/mini",
    "area_name": "assatigue",
    "feature_method": "wst",
    "k_features": 20,
    "output_dir": "/home/brusc/Projects/random_forest/experiments_organized/speckle_output/dataset_rgb_speckle_55/assatigue/mini/k20/wst",
    "n_estimators": 3,
    "test_size": 0.2,
    "random_state": 42,
    "cv_folds": 5
  },
  "dataset_info": {
    "data_directory": "/home/brusc/Projects/random_forest/datasets/dataset_rgb_speckle_55/mini",
    "area_name": "assatigue",
    "total_images": 15,
    "classes": {
      "low_veg": 5,
      "trees": 5,
      "water": 5
    },
    "image_shape": [
      3,
      128,
      128
    ],
    "total_features_available": 486,
    "feature_method": "wst",
    "dataset_type": "mini",
    "k_features": 20
  },
  "feature_selection": {
    "method": "SelectKBest_k20",
    "num_features": 20,
    "selected_features": [
      "R_wst_mean_54",
      "R_wst_std_0",
      "B_wst_mean_2",
      "B_wst_mean_7",
      "B_wst_mean_24",
      "B_wst_mean_30",
      "B_wst_mean_31",
      "B_wst_mean_37",
      "B_wst_mean_40",
      "B_wst_mean_48",
      "B_wst_mean_54",
      "B_wst_mean_55",
      "B_wst_mean_57",
      "B_wst_mean_58",
      "B_wst_mean_62",
      "B_wst_mean_64",
      "B_wst_mean_66",
      "B_wst_mean_70",
      "B_wst_std_37",
      "B_wst_std_76"
    ],
    "feature_scores": [
      0.9153718503718509,
      0.8524353424353428,
      0.8369591519591526,
      0.8742607392607398,
      0.8780702630702637,
      0.9548956598956604,
      0.8731496281496283,
      0.9175147075147081,
      0.886959151959152,
      0.9242607392607398,
      0.8780702630702635,
      0.8447369297369303,
      0.9771178821178825,
      0.8853718503718508,
      0.9209274059274062,
      0.8320385170385176,
      0.8369591519591526,
      0.8459274059274067,
      0.9453718503718507,
      0.8707422207422213
    ]
  },
  "performance": {
    "test_accuracy": 1.0,
    "cv_mean_accuracy": 0.9333333333333333,
    "cv_std_accuracy": 0.13333333333333336,
    "cv_scores": [
      1.0,
      1.0,
      1.0,
      1.0,
      0.6666666666666666
    ],
    "classification_report": {
      "low_veg": {
        "precision": 1.0,
        "recall": 1.0,
        "f1-score": 1.0,
        "support": 1.0
      },
      "trees": {
        "precision": 1.0,
        "recall": 1.0,
        "f1-score": 1.0,
        "support": 1.0
      },
      "water": {
        "precision": 1.0,
        "recall": 1.0,
        "f1-score": 1.0,
        "support": 1.0
      },
      "accuracy": 1.0,
      "macro avg": {
        "precision": 1.0,
        "recall": 1.0,
        "f1-score": 1.0,
        "support": 3.0
      },
      "weighted avg": {
        "precision": 1.0,
        "recall": 1.0,
        "f1-score": 1.0,
        "support": 3.0
      }
    },
    "confusion_matrix": [
      [
        1,
        0,
        0
      ],
      [
        0,
        1,
        0
      ],
      [
        0,
        0,
        1
      ]
    ]
  },
  "model_files": {
    "trained_model": "trained_model.joblib",
    "scaler": "scaler.joblib",
    "feature_selector": "feature_selector.joblib",
    "feature_names": "feature_names.json"
  },
  "timestamp": "2025-07-22T02:52:20.928480"
}