{
  "experiment_name": "hybrid_popolar_k20_WithModel",
  "config": {
    "dataset_path": "/home/brusc/Projects/random_forest/datasets/dataset_rgb_speckle_15/original",
    "area_name": "popolar",
    "feature_method": "hybrid",
    "k_features": 20,
    "output_dir": "/home/brusc/Projects/random_forest/experiments_organized/speckle_output/dataset_rgb_speckle_15/popolar/original/k20/hybrid",
    "n_estimators": 50,
    "test_size": 0.2,
    "random_state": 42,
    "cv_folds": 5
  },
  "dataset_info": {
    "data_directory": "/home/brusc/Projects/random_forest/datasets/dataset_rgb_speckle_15/original",
    "area_name": "popolar",
    "total_images": 121,
    "classes": {
      "low_veg": 41,
      "trees": 40,
      "water": 40
    },
    "image_shape": [
      3,
      128,
      128
    ],
    "total_features_available": 540,
    "feature_method": "hybrid",
    "dataset_type": "original",
    "k_features": 20
  },
  "feature_selection": {
    "method": "SelectKBest_k20",
    "num_features": 20,
    "selected_features": [
      "R_cv",
      "R_p10",
      "R_p25",
      "R_iqr",
      "G_std",
      "G_var",
      "G_cv",
      "G_iqr",
      "G_mad",
      "B_mean",
      "B_min",
      "B_cv",
      "B_p10",
      "B_p25",
      "B_p50",
      "R_wst_std_0",
      "G_wst_std_0",
      "B_wst_mean_0",
      "B_wst_mean_20",
      "B_wst_mean_48"
    ],
    "feature_scores": [
      1.0272418313176266,
      0.9858886364613093,
      0.9488793506238333,
      0.9190929903673619,
      1.024068525342116,
      1.024068525342116,
      0.9724588367718041,
      1.0667715294087565,
      1.052679308498354,
      0.8929498122736055,
      0.9120103351951936,
      1.074614850253769,
      1.022823831591709,
      0.9600549897335833,
      0.8954918085420784,
      0.9805966735024956,
      1.014501630140549,
      0.8936598588807572,
      0.8808323364399728,
      0.8811519267765366
    ]
  },
  "performance": {
    "test_accuracy": 1.0,
    "cv_mean_accuracy": 0.9753333333333334,
    "cv_std_accuracy": 0.02014944167960988,
    "cv_scores": [
      0.96,
      1.0,
      1.0,
      0.9583333333333334,
      0.9583333333333334
    ],
    "classification_report": {
      "low_veg": {
        "precision": 1.0,
        "recall": 1.0,
        "f1-score": 1.0,
        "support": 9.0
      },
      "trees": {
        "precision": 1.0,
        "recall": 1.0,
        "f1-score": 1.0,
        "support": 8.0
      },
      "water": {
        "precision": 1.0,
        "recall": 1.0,
        "f1-score": 1.0,
        "support": 8.0
      },
      "accuracy": 1.0,
      "macro avg": {
        "precision": 1.0,
        "recall": 1.0,
        "f1-score": 1.0,
        "support": 25.0
      },
      "weighted avg": {
        "precision": 1.0,
        "recall": 1.0,
        "f1-score": 1.0,
        "support": 25.0
      }
    },
    "confusion_matrix": [
      [
        9,
        0,
        0
      ],
      [
        0,
        8,
        0
      ],
      [
        0,
        0,
        8
      ]
    ]
  },
  "model_files": {
    "trained_model": "trained_model.joblib",
    "scaler": "scaler.joblib",
    "feature_selector": "feature_selector.joblib",
    "feature_names": "feature_names.json"
  },
  "timestamp": "2025-07-22T01:49:51.069327"
}