{
  "experiment_name": "hybrid_sunset_k20_WithModel",
  "config": {
    "dataset_path": "/home/brusc/Projects/random_forest/datasets/dataset_rgb_uniform_40/mini",
    "area_name": "sunset",
    "feature_method": "hybrid",
    "k_features": 20,
    "output_dir": "/home/brusc/Projects/random_forest/experiments_organized/uniform_output/dataset_rgb_uniform_40/sunset/mini/k20/hybrid",
    "n_estimators": 3,
    "test_size": 0.2,
    "random_state": 42,
    "cv_folds": 5
  },
  "dataset_info": {
    "data_directory": "/home/brusc/Projects/random_forest/datasets/dataset_rgb_uniform_40/mini",
    "area_name": "sunset",
    "total_images": 15,
    "classes": {
      "garden": 5,
      "low_veg": 5,
      "trees": 5
    },
    "image_shape": [
      3,
      128,
      128
    ],
    "total_features_available": 540,
    "feature_method": "hybrid",
    "dataset_type": "mini",
    "k_features": 20
  },
  "feature_selection": {
    "method": "SelectKBest_k20",
    "num_features": 20,
    "selected_features": [
      "R_std",
      "R_var",
      "R_min",
      "R_kurt",
      "R_mad",
      "R_grad_mean",
      "G_grad_mean",
      "R_wst_mean_11",
      "R_wst_mean_12",
      "R_wst_mean_13",
      "R_wst_std_0",
      "R_wst_std_11",
      "R_wst_std_13",
      "G_wst_mean_9",
      "G_wst_mean_10",
      "G_wst_mean_11",
      "G_wst_mean_12",
      "G_wst_mean_13",
      "G_wst_std_11",
      "G_wst_std_12"
    ],
    "feature_scores": [
      0.8420385170385174,
      0.8003718503718504,
      0.9354896954896961,
      0.7418797868797868,
      0.7614829614829619,
      0.8231496281496284,
      0.8953718503718506,
      0.7791260591260598,
      0.8835705035705039,
      0.9074088874088879,
      0.9082289932289935,
      0.8586258186258189,
      0.9202371702371706,
      0.8153718503718508,
      1.0287051837051842,
      0.9064829614829621,
      0.972459392459393,
      0.8446816146816152,
      0.7646816146816151,
      0.9280149480149484
    ]
  },
  "performance": {
    "test_accuracy": 1.0,
    "cv_mean_accuracy": 0.8,
    "cv_std_accuracy": 0.16329931618554522,
    "cv_scores": [
      0.6666666666666666,
      0.6666666666666666,
      0.6666666666666666,
      1.0,
      1.0
    ],
    "classification_report": {
      "garden": {
        "precision": 1.0,
        "recall": 1.0,
        "f1-score": 1.0,
        "support": 1.0
      },
      "low_veg": {
        "precision": 1.0,
        "recall": 1.0,
        "f1-score": 1.0,
        "support": 1.0
      },
      "trees": {
        "precision": 1.0,
        "recall": 1.0,
        "f1-score": 1.0,
        "support": 1.0
      },
      "accuracy": 1.0,
      "macro avg": {
        "precision": 1.0,
        "recall": 1.0,
        "f1-score": 1.0,
        "support": 3.0
      },
      "weighted avg": {
        "precision": 1.0,
        "recall": 1.0,
        "f1-score": 1.0,
        "support": 3.0
      }
    },
    "confusion_matrix": [
      [
        1,
        0,
        0
      ],
      [
        0,
        1,
        0
      ],
      [
        0,
        0,
        1
      ]
    ]
  },
  "model_files": {
    "trained_model": "trained_model.joblib",
    "scaler": "scaler.joblib",
    "feature_selector": "feature_selector.joblib",
    "feature_names": "feature_names.json"
  },
  "timestamp": "2025-07-22T05:30:09.412041"
}