{
  "experiment_name": "wst_assatigue_k20_WithModel",
  "config": {
    "dataset_path": "/home/brusc/Projects/random_forest/datasets/dataset_rgb_salt_and_pepper_5/mini",
    "area_name": "assatigue",
    "feature_method": "wst",
    "k_features": 20,
    "output_dir": "/home/brusc/Projects/random_forest/experiments_organized_2/salt_and_pepper_output/dataset_rgb_salt_and_pepper_5/assatigue/mini/k20/wst",
    "n_estimators": 3,
    "test_size": 0.2,
    "random_state": 42,
    "cv_folds": 5
  },
  "dataset_info": {
    "data_directory": "/home/brusc/Projects/random_forest/datasets/dataset_rgb_salt_and_pepper_5/mini",
    "area_name": "assatigue",
    "total_images": 15,
    "classes": {
      "low_veg": 5,
      "trees": 5,
      "water": 5
    },
    "image_shape": [
      3,
      128,
      128
    ],
    "total_features_available": 486,
    "feature_method": "wst",
    "dataset_type": "mini",
    "k_features": 20
  },
  "feature_selection": {
    "method": "SelectKBest_k20",
    "num_features": 20,
    "selected_features": [
      "R_wst_mean_10",
      "R_wst_mean_11",
      "B_wst_mean_0",
      "B_wst_mean_10",
      "B_wst_mean_11",
      "B_wst_mean_27",
      "B_wst_mean_31",
      "B_wst_mean_36",
      "B_wst_mean_37",
      "B_wst_mean_40",
      "B_wst_mean_47",
      "B_wst_mean_48",
      "B_wst_mean_52",
      "B_wst_mean_56",
      "B_wst_mean_58",
      "B_wst_mean_64",
      "B_wst_mean_67",
      "B_wst_mean_69",
      "B_wst_mean_72",
      "B_wst_std_36"
    ],
    "feature_scores": [
      0.7553718503718507,
      0.8592607392607394,
      0.82426073926074,
      0.7258480408480417,
      0.8981496281496284,
      0.7101073001073006,
      0.7531496281496286,
      0.8493401043401048,
      0.6896311096311099,
      0.7834911384911389,
      0.7391020091020097,
      0.7209274059274062,
      0.7308480408480416,
      0.758491138491139,
      0.7680702630702638,
      0.7245517445517451,
      0.6968797868797876,
      0.7459274059274061,
      0.7498162948162952,
      0.7159274059274066
    ]
  },
  "performance": {
    "test_accuracy": 1.0,
    "cv_mean_accuracy": 0.7999999999999999,
    "cv_std_accuracy": 0.16329931618554522,
    "cv_scores": [
      1.0,
      1.0,
      0.6666666666666666,
      0.6666666666666666,
      0.6666666666666666
    ],
    "classification_report": {
      "low_veg": {
        "precision": 1.0,
        "recall": 1.0,
        "f1-score": 1.0,
        "support": 1.0
      },
      "trees": {
        "precision": 1.0,
        "recall": 1.0,
        "f1-score": 1.0,
        "support": 1.0
      },
      "water": {
        "precision": 1.0,
        "recall": 1.0,
        "f1-score": 1.0,
        "support": 1.0
      },
      "accuracy": 1.0,
      "macro avg": {
        "precision": 1.0,
        "recall": 1.0,
        "f1-score": 1.0,
        "support": 3.0
      },
      "weighted avg": {
        "precision": 1.0,
        "recall": 1.0,
        "f1-score": 1.0,
        "support": 3.0
      }
    },
    "confusion_matrix": [
      [
        1,
        0,
        0
      ],
      [
        0,
        1,
        0
      ],
      [
        0,
        0,
        1
      ]
    ]
  },
  "model_files": {
    "trained_model": "trained_model.joblib",
    "scaler": "scaler.joblib",
    "feature_selector": "feature_selector.joblib",
    "feature_names": "feature_names.json"
  },
  "timestamp": "2025-07-22T12:06:01.141466"
}