{
  "experiment_name": "advanced_stats_popolar_k20_WithModel",
  "config": {
    "dataset_path": "/home/brusc/Projects/random_forest/datasets/dataset_rgb_salt_and_pepper_5/small",
    "area_name": "popolar",
    "feature_method": "advanced_stats",
    "k_features": 20,
    "output_dir": "/home/brusc/Projects/random_forest/experiments_organized_2/salt_and_pepper_output/dataset_rgb_salt_and_pepper_5/popolar/small/k20/advanced_stats",
    "n_estimators": 10,
    "test_size": 0.2,
    "random_state": 42,
    "cv_folds": 5
  },
  "dataset_info": {
    "data_directory": "/home/brusc/Projects/random_forest/datasets/dataset_rgb_salt_and_pepper_5/small",
    "area_name": "popolar",
    "total_images": 45,
    "classes": {
      "low_veg": 15,
      "trees": 15,
      "water": 15
    },
    "image_shape": [
      3,
      128,
      128
    ],
    "total_features_available": 54,
    "feature_method": "advanced_stats",
    "dataset_type": "small",
    "k_features": 20
  },
  "feature_selection": {
    "method": "SelectKBest_k20",
    "num_features": 20,
    "selected_features": [
      "R_skew",
      "R_kurt",
      "R_cv",
      "R_p10",
      "R_p25",
      "R_iqr",
      "R_mad",
      "R_grad_mean",
      "G_std",
      "G_var",
      "G_p10",
      "G_iqr",
      "G_mad",
      "G_grad_mean",
      "B_skew",
      "B_cv",
      "B_p10",
      "B_p25",
      "B_iqr",
      "B_mad"
    ],
    "feature_scores": [
      0.8275042631074698,
      0.9354244910276974,
      0.8991444747476811,
      1.0214662796675251,
      0.9118128249160311,
      1.0894087166785897,
      1.0968778524810587,
      0.865906786509993,
      0.8223877129909194,
      0.8248568487933885,
      0.9521364736710525,
      1.0729889635921699,
      1.1063487519519581,
      0.844074174677381,
      0.8277382085374936,
      0.9325325321808098,
      1.0793695891394621,
      0.9582790039802493,
      0.9848164480176935,
      0.997171747039659
    ]
  },
  "performance": {
    "test_accuracy": 0.8888888888888888,
    "cv_mean_accuracy": 1.0,
    "cv_std_accuracy": 0.0,
    "cv_scores": [
      1.0,
      1.0,
      1.0,
      1.0,
      1.0
    ],
    "classification_report": {
      "low_veg": {
        "precision": 0.75,
        "recall": 1.0,
        "f1-score": 0.8571428571428571,
        "support": 3.0
      },
      "trees": {
        "precision": 1.0,
        "recall": 0.6666666666666666,
        "f1-score": 0.8,
        "support": 3.0
      },
      "water": {
        "precision": 1.0,
        "recall": 1.0,
        "f1-score": 1.0,
        "support": 3.0
      },
      "accuracy": 0.8888888888888888,
      "macro avg": {
        "precision": 0.9166666666666666,
        "recall": 0.8888888888888888,
        "f1-score": 0.8857142857142857,
        "support": 9.0
      },
      "weighted avg": {
        "precision": 0.9166666666666666,
        "recall": 0.8888888888888888,
        "f1-score": 0.8857142857142857,
        "support": 9.0
      }
    },
    "confusion_matrix": [
      [
        3,
        0,
        0
      ],
      [
        1,
        2,
        0
      ],
      [
        0,
        0,
        3
      ]
    ]
  },
  "model_files": {
    "trained_model": "trained_model.joblib",
    "scaler": "scaler.joblib",
    "feature_selector": "feature_selector.joblib",
    "feature_names": "feature_names.json"
  },
  "timestamp": "2025-07-22T12:27:43.588461"
}