{
  "experiment_name": "hybrid_popolar_k20_WithModel",
  "config": {
    "dataset_path": "/home/brusc/Projects/random_forest/datasets/dataset_rgb_uniform_40/mini",
    "area_name": "popolar",
    "feature_method": "hybrid",
    "k_features": 20,
    "output_dir": "/home/brusc/Projects/random_forest/experiments_organized/uniform_output/dataset_rgb_uniform_40/popolar/mini/k20/hybrid",
    "n_estimators": 3,
    "test_size": 0.2,
    "random_state": 42,
    "cv_folds": 5
  },
  "dataset_info": {
    "data_directory": "/home/brusc/Projects/random_forest/datasets/dataset_rgb_uniform_40/mini",
    "area_name": "popolar",
    "total_images": 15,
    "classes": {
      "low_veg": 5,
      "trees": 5,
      "water": 5
    },
    "image_shape": [
      3,
      128,
      128
    ],
    "total_features_available": 540,
    "feature_method": "hybrid",
    "dataset_type": "mini",
    "k_features": 20
  },
  "feature_selection": {
    "method": "SelectKBest_k20",
    "num_features": 20,
    "selected_features": [
      "R_max",
      "R_p10",
      "R_p25",
      "R_p50",
      "R_p75",
      "G_std",
      "G_var",
      "G_min",
      "G_range",
      "B_mean",
      "B_min",
      "B_max",
      "B_p10",
      "B_p25",
      "B_p50",
      "B_p75",
      "R_wst_mean_0",
      "R_wst_std_0",
      "G_wst_std_0",
      "B_wst_mean_0"
    ],
    "feature_scores": [
      0.9559225959225963,
      0.821824471824472,
      0.8362689162689168,
      0.8267451067451073,
      0.8307133607133612,
      0.8720385170385174,
      0.8387051837051842,
      1.4209274059274062,
      1.4842607392607396,
      0.9252924852924855,
      1.1368797868797875,
      1.541716246716247,
      1.0015623265623268,
      0.8375940725940729,
      0.866297776297777,
      0.9146816146816152,
      0.8473800273800278,
      0.8298162948162955,
      0.8909274059274064,
      0.8737051837051841
    ]
  },
  "performance": {
    "test_accuracy": 1.0,
    "cv_mean_accuracy": 0.8666666666666666,
    "cv_std_accuracy": 0.16329931618554522,
    "cv_scores": [
      1.0,
      0.6666666666666666,
      1.0,
      1.0,
      0.6666666666666666
    ],
    "classification_report": {
      "low_veg": {
        "precision": 1.0,
        "recall": 1.0,
        "f1-score": 1.0,
        "support": 1.0
      },
      "trees": {
        "precision": 1.0,
        "recall": 1.0,
        "f1-score": 1.0,
        "support": 1.0
      },
      "water": {
        "precision": 1.0,
        "recall": 1.0,
        "f1-score": 1.0,
        "support": 1.0
      },
      "accuracy": 1.0,
      "macro avg": {
        "precision": 1.0,
        "recall": 1.0,
        "f1-score": 1.0,
        "support": 3.0
      },
      "weighted avg": {
        "precision": 1.0,
        "recall": 1.0,
        "f1-score": 1.0,
        "support": 3.0
      }
    },
    "confusion_matrix": [
      [
        1,
        0,
        0
      ],
      [
        0,
        1,
        0
      ],
      [
        0,
        0,
        1
      ]
    ]
  },
  "model_files": {
    "trained_model": "trained_model.joblib",
    "scaler": "scaler.joblib",
    "feature_selector": "feature_selector.joblib",
    "feature_names": "feature_names.json"
  },
  "timestamp": "2025-07-22T05:28:11.515673"
}