{
  "experiment_name": "wst_assatigue_k5_WithModel",
  "config": {
    "dataset_path": "/home/brusc/Projects/random_forest/datasets/dataset_rgb_clean/original",
    "area_name": "assatigue",
    "feature_method": "wst",
    "k_features": 5,
    "output_dir": "/home/brusc/Projects/random_forest/experiments_organized/gaussian_output/rgb_clean/assatigue/original/k5/wst",
    "n_estimators": 50,
    "test_size": 0.2,
    "random_state": 42,
    "cv_folds": 5
  },
  "dataset_info": {
    "data_directory": "/home/brusc/Projects/random_forest/datasets/dataset_rgb_clean/original",
    "area_name": "assatigue",
    "total_images": 116,
    "classes": {
      "low_veg": 40,
      "water": 40,
      "trees": 36
    },
    "image_shape": [
      3,
      128,
      128
    ],
    "total_features_available": 486,
    "feature_method": "wst",
    "dataset_type": "original",
    "k_features": 5
  },
  "feature_selection": {
    "method": "SelectKBest_k5",
    "num_features": 5,
    "selected_features": [
      "R_wst_mean_15",
      "R_wst_mean_53",
      "R_wst_mean_60",
      "R_wst_mean_61",
      "R_wst_mean_62"
    ],
    "feature_scores": [
      0.9117923506875902,
      0.907110809415876,
      0.916514076159912,
      0.9242710972181916,
      0.9070122007238142
    ]
  },
  "performance": {
    "test_accuracy": 0.9166666666666666,
    "cv_mean_accuracy": 0.9221014492753623,
    "cv_std_accuracy": 0.05095702461376571,
    "cv_scores": [
      0.9583333333333334,
      0.8695652173913043,
      0.8695652173913043,
      0.9130434782608695,
      1.0
    ],
    "classification_report": {
      "low_veg": {
        "precision": 0.8,
        "recall": 1.0,
        "f1-score": 0.8888888888888888,
        "support": 8.0
      },
      "trees": {
        "precision": 1.0,
        "recall": 0.875,
        "f1-score": 0.9333333333333333,
        "support": 8.0
      },
      "water": {
        "precision": 1.0,
        "recall": 0.875,
        "f1-score": 0.9333333333333333,
        "support": 8.0
      },
      "accuracy": 0.9166666666666666,
      "macro avg": {
        "precision": 0.9333333333333332,
        "recall": 0.9166666666666666,
        "f1-score": 0.9185185185185185,
        "support": 24.0
      },
      "weighted avg": {
        "precision": 0.9333333333333332,
        "recall": 0.9166666666666666,
        "f1-score": 0.9185185185185185,
        "support": 24.0
      }
    },
    "confusion_matrix": [
      [
        8,
        0,
        0
      ],
      [
        1,
        7,
        0
      ],
      [
        1,
        0,
        7
      ]
    ]
  },
  "model_files": {
    "trained_model": "trained_model.joblib",
    "scaler": "scaler.joblib",
    "feature_selector": "feature_selector.joblib",
    "feature_names": "feature_names.json"
  },
  "timestamp": "2025-07-21T18:37:32.440137"
}