{
  "experiment_name": "wst_sunset_k20_WithModel",
  "config": {
    "dataset_path": "/home/brusc/Projects/random_forest/datasets/dataset_rgb_salt_and_pepper_5/original",
    "area_name": "sunset",
    "feature_method": "wst",
    "k_features": 20,
    "output_dir": "/home/brusc/Projects/random_forest/experiments_organized_2/salt_and_pepper_output/dataset_rgb_salt_and_pepper_5/sunset/original/k20/wst",
    "n_estimators": 50,
    "test_size": 0.2,
    "random_state": 42,
    "cv_folds": 5
  },
  "dataset_info": {
    "data_directory": "/home/brusc/Projects/random_forest/datasets/dataset_rgb_salt_and_pepper_5/original",
    "area_name": "sunset",
    "total_images": 120,
    "classes": {
      "garden": 40,
      "low_veg": 40,
      "trees": 40
    },
    "image_shape": [
      3,
      128,
      128
    ],
    "total_features_available": 486,
    "feature_method": "wst",
    "dataset_type": "original",
    "k_features": 20
  },
  "feature_selection": {
    "method": "SelectKBest_k20",
    "num_features": 20,
    "selected_features": [
      "R_wst_std_0",
      "G_wst_std_0",
      "B_wst_mean_0",
      "B_wst_mean_18",
      "B_wst_mean_23",
      "B_wst_mean_24",
      "B_wst_mean_32",
      "B_wst_mean_38",
      "B_wst_mean_42",
      "B_wst_mean_45",
      "B_wst_mean_46",
      "B_wst_mean_50",
      "B_wst_mean_63",
      "B_wst_mean_64",
      "B_wst_mean_67",
      "B_wst_mean_72",
      "B_wst_mean_79",
      "B_wst_std_2",
      "B_wst_std_8",
      "B_wst_std_22"
    ],
    "feature_scores": [
      0.8316727624003883,
      0.7163812491972854,
      0.6529038940084471,
      0.6036338371013963,
      0.6552744289427519,
      0.6204490911716058,
      0.6374873971592245,
      0.6361077737155345,
      0.6300881399554008,
      0.6089094072985994,
      0.6001477157962265,
      0.6279964429204405,
      0.6423985682678617,
      0.6246494074510556,
      0.6245043435352713,
      0.6340972148299755,
      0.6148217495765227,
      0.6119167797104152,
      0.6494694609427418,
      0.6179344803586826
    ]
  },
  "performance": {
    "test_accuracy": 0.9583333333333334,
    "cv_mean_accuracy": 0.9833333333333334,
    "cv_std_accuracy": 0.02041241452319313,
    "cv_scores": [
      0.9583333333333334,
      1.0,
      1.0,
      0.9583333333333334,
      1.0
    ],
    "classification_report": {
      "garden": {
        "precision": 1.0,
        "recall": 1.0,
        "f1-score": 1.0,
        "support": 8.0
      },
      "low_veg": {
        "precision": 1.0,
        "recall": 0.875,
        "f1-score": 0.9333333333333333,
        "support": 8.0
      },
      "trees": {
        "precision": 0.8888888888888888,
        "recall": 1.0,
        "f1-score": 0.9411764705882353,
        "support": 8.0
      },
      "accuracy": 0.9583333333333334,
      "macro avg": {
        "precision": 0.9629629629629629,
        "recall": 0.9583333333333334,
        "f1-score": 0.9581699346405229,
        "support": 24.0
      },
      "weighted avg": {
        "precision": 0.9629629629629629,
        "recall": 0.9583333333333334,
        "f1-score": 0.9581699346405229,
        "support": 24.0
      }
    },
    "confusion_matrix": [
      [
        8,
        0,
        0
      ],
      [
        0,
        7,
        1
      ],
      [
        0,
        0,
        8
      ]
    ]
  },
  "model_files": {
    "trained_model": "trained_model.joblib",
    "scaler": "scaler.joblib",
    "feature_selector": "feature_selector.joblib",
    "feature_names": "feature_names.json"
  },
  "timestamp": "2025-07-22T13:30:32.195550"
}