{
  "experiment_name": "wst_assatigue_k20_WithModel",
  "config": {
    "dataset_path": "/home/brusc/Projects/random_forest/datasets/dataset_rgb_speckle_35/mini",
    "area_name": "assatigue",
    "feature_method": "wst",
    "k_features": 20,
    "output_dir": "/home/brusc/Projects/random_forest/experiments_organized/speckle_output/dataset_rgb_speckle_35/assatigue/mini/k20/wst",
    "n_estimators": 3,
    "test_size": 0.2,
    "random_state": 42,
    "cv_folds": 5
  },
  "dataset_info": {
    "data_directory": "/home/brusc/Projects/random_forest/datasets/dataset_rgb_speckle_35/mini",
    "area_name": "assatigue",
    "total_images": 15,
    "classes": {
      "low_veg": 5,
      "trees": 5,
      "water": 5
    },
    "image_shape": [
      3,
      128,
      128
    ],
    "total_features_available": 486,
    "feature_method": "wst",
    "dataset_type": "mini",
    "k_features": 20
  },
  "feature_selection": {
    "method": "SelectKBest_k20",
    "num_features": 20,
    "selected_features": [
      "R_wst_mean_14",
      "R_wst_mean_38",
      "R_wst_std_78",
      "G_wst_mean_29",
      "G_wst_std_67",
      "B_wst_mean_5",
      "B_wst_mean_19",
      "B_wst_mean_20",
      "B_wst_mean_28",
      "B_wst_mean_31",
      "B_wst_mean_37",
      "B_wst_mean_47",
      "B_wst_mean_53",
      "B_wst_mean_57",
      "B_wst_mean_62",
      "B_wst_mean_63",
      "B_wst_mean_66",
      "B_wst_mean_69",
      "B_wst_std_37",
      "B_wst_std_76"
    ],
    "feature_scores": [
      0.8615623265623271,
      0.8742607392607396,
      0.991562326562327,
      0.863784548784549,
      0.8987051837051843,
      0.8614035964035971,
      0.9252924852924855,
      0.859181374181375,
      0.8780702630702633,
      0.8481496281496284,
      0.8947369297369303,
      0.9487051837051841,
      0.8520385170385174,
      0.9125940725940729,
      0.9153718503718504,
      0.8742607392607398,
      0.8780702630702633,
      0.8820385170385177,
      0.8520385170385172,
      0.8662977762977768
    ]
  },
  "performance": {
    "test_accuracy": 1.0,
    "cv_mean_accuracy": 0.9333333333333333,
    "cv_std_accuracy": 0.13333333333333336,
    "cv_scores": [
      1.0,
      1.0,
      1.0,
      1.0,
      0.6666666666666666
    ],
    "classification_report": {
      "low_veg": {
        "precision": 1.0,
        "recall": 1.0,
        "f1-score": 1.0,
        "support": 1.0
      },
      "trees": {
        "precision": 1.0,
        "recall": 1.0,
        "f1-score": 1.0,
        "support": 1.0
      },
      "water": {
        "precision": 1.0,
        "recall": 1.0,
        "f1-score": 1.0,
        "support": 1.0
      },
      "accuracy": 1.0,
      "macro avg": {
        "precision": 1.0,
        "recall": 1.0,
        "f1-score": 1.0,
        "support": 3.0
      },
      "weighted avg": {
        "precision": 1.0,
        "recall": 1.0,
        "f1-score": 1.0,
        "support": 3.0
      }
    },
    "confusion_matrix": [
      [
        1,
        0,
        0
      ],
      [
        0,
        1,
        0
      ],
      [
        0,
        0,
        1
      ]
    ]
  },
  "model_files": {
    "trained_model": "trained_model.joblib",
    "scaler": "scaler.joblib",
    "feature_selector": "feature_selector.joblib",
    "feature_names": "feature_names.json"
  },
  "timestamp": "2025-07-22T02:01:26.367652"
}