{
  "experiment_name": "wst_popolar_k20_WithModel",
  "config": {
    "dataset_path": "/home/brusc/Projects/random_forest/datasets/dataset_rgb_uniform_40/original",
    "area_name": "popolar",
    "feature_method": "wst",
    "k_features": 20,
    "output_dir": "/home/brusc/Projects/random_forest/experiments_organized/uniform_output/dataset_rgb_uniform_40/popolar/original/k20/wst",
    "n_estimators": 50,
    "test_size": 0.2,
    "random_state": 42,
    "cv_folds": 5
  },
  "dataset_info": {
    "data_directory": "/home/brusc/Projects/random_forest/datasets/dataset_rgb_uniform_40/original",
    "area_name": "popolar",
    "total_images": 121,
    "classes": {
      "low_veg": 41,
      "trees": 40,
      "water": 40
    },
    "image_shape": [
      3,
      128,
      128
    ],
    "total_features_available": 486,
    "feature_method": "wst",
    "dataset_type": "original",
    "k_features": 20
  },
  "feature_selection": {
    "method": "SelectKBest_k20",
    "num_features": 20,
    "selected_features": [
      "R_wst_mean_0",
      "R_wst_mean_9",
      "R_wst_mean_10",
      "R_wst_mean_11",
      "R_wst_mean_15",
      "R_wst_mean_16",
      "R_wst_std_0",
      "R_wst_std_14",
      "R_wst_std_15",
      "R_wst_std_16",
      "G_wst_mean_9",
      "G_wst_mean_10",
      "G_wst_mean_11",
      "G_wst_mean_14",
      "G_wst_mean_15",
      "G_wst_mean_16",
      "G_wst_std_0",
      "G_wst_std_16",
      "B_wst_mean_0",
      "B_wst_std_0"
    ],
    "feature_scores": [
      0.8316254814848731,
      0.7615884906679107,
      0.7279382782801669,
      0.6954520345614286,
      0.7330411803537167,
      0.7930102257822331,
      0.9811345194948871,
      0.7175279715601846,
      0.7421780996925751,
      0.719234111659866,
      0.8169980134803538,
      0.7310638503591929,
      0.7136060256664152,
      0.7155926200018454,
      0.7599058981885467,
      0.8845560405816975,
      0.9842499259219024,
      0.7152789830157376,
      0.8936024424716902,
      0.8644783042684203
    ]
  },
  "performance": {
    "test_accuracy": 0.92,
    "cv_mean_accuracy": 0.9666666666666666,
    "cv_std_accuracy": 0.031180478223116186,
    "cv_scores": [
      1.0,
      0.9583333333333334,
      1.0,
      0.9166666666666666,
      0.9583333333333334
    ],
    "classification_report": {
      "low_veg": {
        "precision": 0.8888888888888888,
        "recall": 0.8888888888888888,
        "f1-score": 0.8888888888888888,
        "support": 9.0
      },
      "trees": {
        "precision": 1.0,
        "recall": 1.0,
        "f1-score": 1.0,
        "support": 8.0
      },
      "water": {
        "precision": 0.875,
        "recall": 0.875,
        "f1-score": 0.875,
        "support": 8.0
      },
      "accuracy": 0.92,
      "macro avg": {
        "precision": 0.9212962962962963,
        "recall": 0.9212962962962963,
        "f1-score": 0.9212962962962963,
        "support": 25.0
      },
      "weighted avg": {
        "precision": 0.92,
        "recall": 0.92,
        "f1-score": 0.92,
        "support": 25.0
      }
    },
    "confusion_matrix": [
      [
        8,
        0,
        1
      ],
      [
        0,
        8,
        0
      ],
      [
        1,
        0,
        7
      ]
    ]
  },
  "model_files": {
    "trained_model": "trained_model.joblib",
    "scaler": "scaler.joblib",
    "feature_selector": "feature_selector.joblib",
    "feature_names": "feature_names.json"
  },
  "timestamp": "2025-07-22T05:59:00.363665"
}