{
  "experiment_name": "hybrid_assatigue_k10_WithModel",
  "config": {
    "dataset_path": "/home/brusc/Projects/random_forest/datasets/dataset_rgb_gaussian_50/mini",
    "area_name": "assatigue",
    "feature_method": "hybrid",
    "k_features": 10,
    "output_dir": "/home/brusc/Projects/random_forest/experiments_organized/gaussian_output/rgb_gaussian50/assatigue/mini/k10/hybrid",
    "n_estimators": 3,
    "test_size": 0.2,
    "random_state": 42,
    "cv_folds": 5
  },
  "dataset_info": {
    "data_directory": "/home/brusc/Projects/random_forest/datasets/dataset_rgb_gaussian_50/mini",
    "area_name": "assatigue",
    "total_images": 15,
    "classes": {
      "low_veg": 5,
      "trees": 5,
      "water": 5
    },
    "image_shape": [
      3,
      128,
      128
    ],
    "total_features_available": 540,
    "feature_method": "hybrid",
    "dataset_type": "mini",
    "k_features": 10
  },
  "feature_selection": {
    "method": "SelectKBest_k10",
    "num_features": 10,
    "selected_features": [
      "R_p10",
      "R_p75",
      "R_p90",
      "G_p10",
      "B_mean",
      "B_skew",
      "B_cv",
      "B_p10",
      "B_p25",
      "B_p90"
    ],
    "feature_scores": [
      1.5236467236467237,
      0.7682289932289936,
      1.5964757464757466,
      0.733592148592149,
      0.7418797868797873,
      0.751403596403597,
      0.7458480408480415,
      1.836937691937692,
      1.2192607392607395,
      0.9841277241277244
    ]
  },
  "performance": {
    "test_accuracy": 0.6666666666666666,
    "cv_mean_accuracy": 0.8666666666666666,
    "cv_std_accuracy": 0.16329931618554522,
    "cv_scores": [
      1.0,
      0.6666666666666666,
      1.0,
      1.0,
      0.6666666666666666
    ],
    "classification_report": {
      "low_veg": {
        "precision": 0.0,
        "recall": 0.0,
        "f1-score": 0.0,
        "support": 1.0
      },
      "trees": {
        "precision": 1.0,
        "recall": 1.0,
        "f1-score": 1.0,
        "support": 1.0
      },
      "water": {
        "precision": 0.5,
        "recall": 1.0,
        "f1-score": 0.6666666666666666,
        "support": 1.0
      },
      "accuracy": 0.6666666666666666,
      "macro avg": {
        "precision": 0.5,
        "recall": 0.6666666666666666,
        "f1-score": 0.5555555555555555,
        "support": 3.0
      },
      "weighted avg": {
        "precision": 0.5,
        "recall": 0.6666666666666666,
        "f1-score": 0.5555555555555555,
        "support": 3.0
      }
    },
    "confusion_matrix": [
      [
        0,
        0,
        1
      ],
      [
        0,
        1,
        0
      ],
      [
        0,
        0,
        1
      ]
    ]
  },
  "model_files": {
    "trained_model": "trained_model.joblib",
    "scaler": "scaler.joblib",
    "feature_selector": "feature_selector.joblib",
    "feature_names": "feature_names.json"
  },
  "timestamp": "2025-07-21T20:02:32.031483"
}