{
  "experiment_name": "advanced_stats_assatigue_k20_WithModel",
  "config": {
    "dataset_path": "/home/brusc/Projects/random_forest/datasets/dataset_rgb_uniform_10/mini",
    "area_name": "assatigue",
    "feature_method": "advanced_stats",
    "k_features": 20,
    "output_dir": "/home/brusc/Projects/random_forest/experiments_organized/uniform_output/dataset_rgb_uniform_10/assatigue/mini/k20/advanced_stats",
    "n_estimators": 3,
    "test_size": 0.2,
    "random_state": 42,
    "cv_folds": 5
  },
  "dataset_info": {
    "data_directory": "/home/brusc/Projects/random_forest/datasets/dataset_rgb_uniform_10/mini",
    "area_name": "assatigue",
    "total_images": 15,
    "classes": {
      "low_veg": 5,
      "trees": 5,
      "water": 5
    },
    "image_shape": [
      3,
      128,
      128
    ],
    "total_features_available": 54,
    "feature_method": "advanced_stats",
    "dataset_type": "mini",
    "k_features": 20
  },
  "feature_selection": {
    "method": "SelectKBest_k20",
    "num_features": 20,
    "selected_features": [
      "R_std",
      "R_var",
      "R_min",
      "R_max",
      "R_range",
      "R_cv",
      "R_p10",
      "R_iqr",
      "R_mad",
      "R_grad_mean",
      "G_std",
      "G_min",
      "G_iqr",
      "G_mad",
      "G_grad_mean",
      "B_mean",
      "B_min",
      "B_cv",
      "B_p10",
      "B_p25"
    ],
    "feature_scores": [
      0.7387051837051839,
      0.7381496281496289,
      1.3842607392607396,
      0.820547415547416,
      0.7674353424353428,
      0.8598162948162953,
      0.7675940725940731,
      0.9842607392607399,
      0.9898162948162952,
      0.9209274059274062,
      0.7392607392607395,
      0.8947369297369303,
      1.3431496281496285,
      0.9231496281496283,
      0.887594072594073,
      0.7825940725940728,
      1.1148162948162952,
      0.7474353424353426,
      0.898705183705184,
      0.8598162948162953
    ]
  },
  "performance": {
    "test_accuracy": 1.0,
    "cv_mean_accuracy": 0.8,
    "cv_std_accuracy": 0.16329931618554522,
    "cv_scores": [
      0.6666666666666666,
      0.6666666666666666,
      0.6666666666666666,
      1.0,
      1.0
    ],
    "classification_report": {
      "low_veg": {
        "precision": 1.0,
        "recall": 1.0,
        "f1-score": 1.0,
        "support": 1.0
      },
      "trees": {
        "precision": 1.0,
        "recall": 1.0,
        "f1-score": 1.0,
        "support": 1.0
      },
      "water": {
        "precision": 1.0,
        "recall": 1.0,
        "f1-score": 1.0,
        "support": 1.0
      },
      "accuracy": 1.0,
      "macro avg": {
        "precision": 1.0,
        "recall": 1.0,
        "f1-score": 1.0,
        "support": 3.0
      },
      "weighted avg": {
        "precision": 1.0,
        "recall": 1.0,
        "f1-score": 1.0,
        "support": 3.0
      }
    },
    "confusion_matrix": [
      [
        1,
        0,
        0
      ],
      [
        0,
        1,
        0
      ],
      [
        0,
        0,
        1
      ]
    ]
  },
  "model_files": {
    "trained_model": "trained_model.joblib",
    "scaler": "scaler.joblib",
    "feature_selector": "feature_selector.joblib",
    "feature_names": "feature_names.json"
  },
  "timestamp": "2025-07-22T03:43:26.594833"
}