{
  "experiment_name": "wst_sunset_k20_WithModel",
  "config": {
    "dataset_path": "/home/brusc/Projects/random_forest/datasets/dataset_rgb_gaussian_30/original",
    "area_name": "sunset",
    "feature_method": "wst",
    "k_features": 20,
    "output_dir": "/home/brusc/Projects/random_forest/experiments_organized/gaussian_output/rgb_gaussian30/sunset/original/k20/wst",
    "n_estimators": 50,
    "test_size": 0.2,
    "random_state": 42,
    "cv_folds": 5
  },
  "dataset_info": {
    "data_directory": "/home/brusc/Projects/random_forest/datasets/dataset_rgb_gaussian_30/original",
    "area_name": "sunset",
    "total_images": 120,
    "classes": {
      "garden": 40,
      "low_veg": 40,
      "trees": 40
    },
    "image_shape": [
      3,
      128,
      128
    ],
    "total_features_available": 486,
    "feature_method": "wst",
    "dataset_type": "original",
    "k_features": 20
  },
  "feature_selection": {
    "method": "SelectKBest_k20",
    "num_features": 20,
    "selected_features": [
      "R_wst_std_0",
      "G_wst_std_0",
      "B_wst_mean_0",
      "B_wst_mean_1",
      "B_wst_mean_2",
      "B_wst_mean_4",
      "B_wst_mean_5",
      "B_wst_mean_6",
      "B_wst_mean_8",
      "B_wst_mean_17",
      "B_wst_mean_19",
      "B_wst_mean_25",
      "B_wst_mean_30",
      "B_wst_mean_57",
      "B_wst_mean_58",
      "B_wst_mean_59",
      "B_wst_mean_62",
      "B_wst_mean_72",
      "B_wst_mean_73",
      "B_wst_std_0"
    ],
    "feature_scores": [
      0.7993866458368344,
      0.6850419634830001,
      0.67682828237728,
      0.6005185959601693,
      0.5975596472291618,
      0.6033943965144166,
      0.5669399972336329,
      0.6066291531859467,
      0.6143719389450821,
      0.577369057814052,
      0.588476781145423,
      0.5951845379338581,
      0.6256179519519467,
      0.6466905368429929,
      0.5830572352482717,
      0.577002352350398,
      0.5756948426724724,
      0.5653868016714529,
      0.6079376385471222,
      0.5814863021369219
    ]
  },
  "performance": {
    "test_accuracy": 0.9583333333333334,
    "cv_mean_accuracy": 0.975,
    "cv_std_accuracy": 0.049999999999999996,
    "cv_scores": [
      0.875,
      1.0,
      1.0,
      1.0,
      1.0
    ],
    "classification_report": {
      "garden": {
        "precision": 1.0,
        "recall": 0.875,
        "f1-score": 0.9333333333333333,
        "support": 8.0
      },
      "low_veg": {
        "precision": 0.8888888888888888,
        "recall": 1.0,
        "f1-score": 0.9411764705882353,
        "support": 8.0
      },
      "trees": {
        "precision": 1.0,
        "recall": 1.0,
        "f1-score": 1.0,
        "support": 8.0
      },
      "accuracy": 0.9583333333333334,
      "macro avg": {
        "precision": 0.9629629629629629,
        "recall": 0.9583333333333334,
        "f1-score": 0.9581699346405229,
        "support": 24.0
      },
      "weighted avg": {
        "precision": 0.9629629629629629,
        "recall": 0.9583333333333334,
        "f1-score": 0.9581699346405229,
        "support": 24.0
      }
    },
    "confusion_matrix": [
      [
        7,
        1,
        0
      ],
      [
        0,
        8,
        0
      ],
      [
        0,
        0,
        8
      ]
    ]
  },
  "model_files": {
    "trained_model": "trained_model.joblib",
    "scaler": "scaler.joblib",
    "feature_selector": "feature_selector.joblib",
    "feature_names": "feature_names.json"
  },
  "timestamp": "2025-07-21T19:55:06.599946"
}