{
  "experiment_name": "advanced_stats_sunset_k20_WithModel",
  "config": {
    "dataset_path": "/home/brusc/Projects/random_forest/datasets/dataset_rgb_poisson_60/mini",
    "area_name": "sunset",
    "feature_method": "advanced_stats",
    "k_features": 20,
    "output_dir": "/home/brusc/Projects/random_forest/experiments_organized_2/poisson_output/dataset_rgb_poisson_60/sunset/mini/k20/advanced_stats",
    "n_estimators": 3,
    "test_size": 0.2,
    "random_state": 42,
    "cv_folds": 5
  },
  "dataset_info": {
    "data_directory": "/home/brusc/Projects/random_forest/datasets/dataset_rgb_poisson_60/mini",
    "area_name": "sunset",
    "total_images": 15,
    "classes": {
      "garden": 5,
      "low_veg": 5,
      "trees": 5
    },
    "image_shape": [
      3,
      128,
      128
    ],
    "total_features_available": 54,
    "feature_method": "advanced_stats",
    "dataset_type": "mini",
    "k_features": 20
  },
  "feature_selection": {
    "method": "SelectKBest_k20",
    "num_features": 20,
    "selected_features": [
      "R_std",
      "R_var",
      "R_max",
      "R_iqr",
      "R_mad",
      "R_grad_mean",
      "G_std",
      "G_max",
      "G_range",
      "G_grad_mean",
      "B_mean",
      "B_std",
      "B_var",
      "B_skew",
      "B_kurt",
      "B_p10",
      "B_p50",
      "B_p75",
      "B_mad",
      "B_grad_mean"
    ],
    "feature_scores": [
      0.5914035964035966,
      0.6541813741813742,
      0.5565615865615869,
      0.5162689162689165,
      0.5808480408480408,
      0.6918797868797875,
      0.5380702630702632,
      0.5589120139120141,
      0.53473692973693,
      0.7468797868797876,
      0.5130678580678583,
      0.5834670884670887,
      0.6285464535464538,
      0.609474044474045,
      0.518753283753284,
      0.5517451067451069,
      0.5232819032819036,
      0.517007252007252,
      0.5989432789432794,
      0.6491813741813746
    ]
  },
  "performance": {
    "test_accuracy": 0.6666666666666666,
    "cv_mean_accuracy": 0.7999999999999999,
    "cv_std_accuracy": 0.16329931618554522,
    "cv_scores": [
      1.0,
      0.6666666666666666,
      0.6666666666666666,
      0.6666666666666666,
      1.0
    ],
    "classification_report": {
      "garden": {
        "precision": 1.0,
        "recall": 1.0,
        "f1-score": 1.0,
        "support": 1.0
      },
      "low_veg": {
        "precision": 0.5,
        "recall": 1.0,
        "f1-score": 0.6666666666666666,
        "support": 1.0
      },
      "trees": {
        "precision": 0.0,
        "recall": 0.0,
        "f1-score": 0.0,
        "support": 1.0
      },
      "accuracy": 0.6666666666666666,
      "macro avg": {
        "precision": 0.5,
        "recall": 0.6666666666666666,
        "f1-score": 0.5555555555555555,
        "support": 3.0
      },
      "weighted avg": {
        "precision": 0.5,
        "recall": 0.6666666666666666,
        "f1-score": 0.5555555555555555,
        "support": 3.0
      }
    },
    "confusion_matrix": [
      [
        1,
        0,
        0
      ],
      [
        0,
        1,
        0
      ],
      [
        0,
        1,
        0
      ]
    ]
  },
  "model_files": {
    "trained_model": "trained_model.joblib",
    "scaler": "scaler.joblib",
    "feature_selector": "feature_selector.joblib",
    "feature_names": "feature_names.json"
  },
  "timestamp": "2025-07-22T00:54:17.237214"
}