{
  "experiment_name": "advanced_stats_popolar_k10_WithModel",
  "config": {
    "dataset_path": "/home/brusc/Projects/random_forest/datasets/dataset_rgb_speckle_55/original",
    "area_name": "popolar",
    "feature_method": "advanced_stats",
    "k_features": 10,
    "output_dir": "/home/brusc/Projects/random_forest/experiments_organized/speckle_output/dataset_rgb_speckle_55/popolar/original/k10/advanced_stats",
    "n_estimators": 50,
    "test_size": 0.2,
    "random_state": 42,
    "cv_folds": 5
  },
  "dataset_info": {
    "data_directory": "/home/brusc/Projects/random_forest/datasets/dataset_rgb_speckle_55/original",
    "area_name": "popolar",
    "total_images": 121,
    "classes": {
      "low_veg": 41,
      "trees": 40,
      "water": 40
    },
    "image_shape": [
      3,
      128,
      128
    ],
    "total_features_available": 54,
    "feature_method": "advanced_stats",
    "dataset_type": "original",
    "k_features": 10
  },
  "feature_selection": {
    "method": "SelectKBest_k10",
    "num_features": 10,
    "selected_features": [
      "R_skew",
      "R_cv",
      "R_p10",
      "R_p25",
      "B_skew",
      "B_cv",
      "B_p10",
      "B_p25",
      "B_p50",
      "B_grad_mean"
    ],
    "feature_scores": [
      0.9304958640585284,
      0.9502787682715597,
      0.9281144906543635,
      0.944803958216557,
      0.9529833670106544,
      0.9794531290904003,
      0.9500384339911478,
      0.9700127891681958,
      0.9406731260021914,
      0.8959332353113345
    ]
  },
  "performance": {
    "test_accuracy": 0.92,
    "cv_mean_accuracy": 0.9426666666666665,
    "cv_std_accuracy": 0.04094169295745137,
    "cv_scores": [
      0.88,
      1.0,
      0.9583333333333334,
      0.9166666666666666,
      0.9583333333333334
    ],
    "classification_report": {
      "low_veg": {
        "precision": 0.8888888888888888,
        "recall": 0.8888888888888888,
        "f1-score": 0.8888888888888888,
        "support": 9.0
      },
      "trees": {
        "precision": 1.0,
        "recall": 1.0,
        "f1-score": 1.0,
        "support": 8.0
      },
      "water": {
        "precision": 0.875,
        "recall": 0.875,
        "f1-score": 0.875,
        "support": 8.0
      },
      "accuracy": 0.92,
      "macro avg": {
        "precision": 0.9212962962962963,
        "recall": 0.9212962962962963,
        "f1-score": 0.9212962962962963,
        "support": 25.0
      },
      "weighted avg": {
        "precision": 0.92,
        "recall": 0.92,
        "f1-score": 0.92,
        "support": 25.0
      }
    },
    "confusion_matrix": [
      [
        8,
        0,
        1
      ],
      [
        0,
        8,
        0
      ],
      [
        1,
        0,
        7
      ]
    ]
  },
  "model_files": {
    "trained_model": "trained_model.joblib",
    "scaler": "scaler.joblib",
    "feature_selector": "feature_selector.joblib",
    "feature_names": "feature_names.json"
  },
  "timestamp": "2025-07-22T03:26:19.617413"
}