{
  "experiment_name": "wst_sunset_k20_WithModel",
  "config": {
    "dataset_path": "/home/brusc/Projects/random_forest/datasets/dataset_rgb_uniform_10/small",
    "area_name": "sunset",
    "feature_method": "wst",
    "k_features": 20,
    "output_dir": "/home/brusc/Projects/random_forest/experiments_organized/uniform_output/dataset_rgb_uniform_10/sunset/small/k20/wst",
    "n_estimators": 10,
    "test_size": 0.2,
    "random_state": 42,
    "cv_folds": 5
  },
  "dataset_info": {
    "data_directory": "/home/brusc/Projects/random_forest/datasets/dataset_rgb_uniform_10/small",
    "area_name": "sunset",
    "total_images": 45,
    "classes": {
      "garden": 15,
      "low_veg": 15,
      "trees": 15
    },
    "image_shape": [
      3,
      128,
      128
    ],
    "total_features_available": 486,
    "feature_method": "wst",
    "dataset_type": "small",
    "k_features": 20
  },
  "feature_selection": {
    "method": "SelectKBest_k20",
    "num_features": 20,
    "selected_features": [
      "R_wst_mean_3",
      "R_wst_mean_4",
      "R_wst_mean_11",
      "R_wst_mean_12",
      "R_wst_mean_13",
      "G_wst_mean_3",
      "G_wst_mean_4",
      "G_wst_mean_5",
      "G_wst_mean_11",
      "G_wst_mean_12",
      "G_wst_mean_36",
      "G_wst_std_5",
      "G_wst_std_13",
      "G_wst_std_52",
      "G_wst_std_61",
      "B_wst_mean_3",
      "B_wst_mean_4",
      "B_wst_mean_5",
      "B_wst_mean_11",
      "B_wst_mean_13"
    ],
    "feature_scores": [
      0.828122102058642,
      0.8547019419718149,
      0.8539491145523208,
      0.8322945345644079,
      0.8346038302070367,
      0.8427304875003605,
      0.8657178305857429,
      0.8686671742703809,
      0.8896523310888707,
      0.841628194731401,
      0.8275388182400638,
      0.8484651540683608,
      0.8310745816777882,
      0.8486784592816659,
      0.8323766438131837,
      0.8317917566596691,
      0.8468623033968825,
      0.8734768616781072,
      0.8271723020402144,
      0.8626655742001532
    ]
  },
  "performance": {
    "test_accuracy": 0.7777777777777778,
    "cv_mean_accuracy": 0.8666666666666666,
    "cv_std_accuracy": 0.0831479419283098,
    "cv_scores": [
      0.8888888888888888,
      1.0,
      0.8888888888888888,
      0.7777777777777778,
      0.7777777777777778
    ],
    "classification_report": {
      "garden": {
        "precision": 1.0,
        "recall": 1.0,
        "f1-score": 1.0,
        "support": 3.0
      },
      "low_veg": {
        "precision": 0.6,
        "recall": 1.0,
        "f1-score": 0.75,
        "support": 3.0
      },
      "trees": {
        "precision": 1.0,
        "recall": 0.3333333333333333,
        "f1-score": 0.5,
        "support": 3.0
      },
      "accuracy": 0.7777777777777778,
      "macro avg": {
        "precision": 0.8666666666666667,
        "recall": 0.7777777777777778,
        "f1-score": 0.75,
        "support": 9.0
      },
      "weighted avg": {
        "precision": 0.8666666666666667,
        "recall": 0.7777777777777778,
        "f1-score": 0.75,
        "support": 9.0
      }
    },
    "confusion_matrix": [
      [
        3,
        0,
        0
      ],
      [
        0,
        3,
        0
      ],
      [
        0,
        2,
        1
      ]
    ]
  },
  "model_files": {
    "trained_model": "trained_model.joblib",
    "scaler": "scaler.joblib",
    "feature_selector": "feature_selector.joblib",
    "feature_names": "feature_names.json"
  },
  "timestamp": "2025-07-22T03:59:08.185285"
}