{
  "experiment_name": "advanced_stats_popolar_k20_WithModel",
  "config": {
    "dataset_path": "/home/brusc/Projects/random_forest/datasets/dataset_rgb_gaussian_50/original",
    "area_name": "popolar",
    "feature_method": "advanced_stats",
    "k_features": 20,
    "output_dir": "/home/brusc/Projects/random_forest/experiments_organized/gaussian_output/rgb_gaussian50/popolar/original/k20/advanced_stats",
    "n_estimators": 50,
    "test_size": 0.2,
    "random_state": 42,
    "cv_folds": 5
  },
  "dataset_info": {
    "data_directory": "/home/brusc/Projects/random_forest/datasets/dataset_rgb_gaussian_50/original",
    "area_name": "popolar",
    "total_images": 121,
    "classes": {
      "low_veg": 41,
      "trees": 40,
      "water": 40
    },
    "image_shape": [
      3,
      128,
      128
    ],
    "total_features_available": 54,
    "feature_method": "advanced_stats",
    "dataset_type": "original",
    "k_features": 20
  },
  "feature_selection": {
    "method": "SelectKBest_k20",
    "num_features": 20,
    "selected_features": [
      "R_mean",
      "R_std",
      "R_skew",
      "R_cv",
      "R_p25",
      "R_p50",
      "R_p75",
      "R_iqr",
      "R_mad",
      "G_std",
      "G_var",
      "G_kurt",
      "G_mad",
      "B_mean",
      "B_skew",
      "B_cv",
      "B_p25",
      "B_p50",
      "B_p75",
      "B_iqr"
    ],
    "feature_scores": [
      0.8471135712862834,
      0.5897574890119544,
      0.8421605328986315,
      0.8792585817735399,
      0.8792226793452929,
      0.8091367966025327,
      0.823389786250198,
      0.597454544041172,
      0.6011651573989365,
      0.6105933708685638,
      0.6103058895548492,
      0.5902511524909522,
      0.6005977779208225,
      0.87401089657363,
      0.8848290372648777,
      0.883831944990618,
      0.8930369713924164,
      0.8866605972831811,
      0.8302169649320656,
      0.6438797610400553
    ]
  },
  "performance": {
    "test_accuracy": 0.96,
    "cv_mean_accuracy": 0.9343333333333333,
    "cv_std_accuracy": 0.04114473099789194,
    "cv_scores": [
      0.88,
      1.0,
      0.9166666666666666,
      0.9583333333333334,
      0.9166666666666666
    ],
    "classification_report": {
      "low_veg": {
        "precision": 1.0,
        "recall": 0.8888888888888888,
        "f1-score": 0.9411764705882353,
        "support": 9.0
      },
      "trees": {
        "precision": 1.0,
        "recall": 1.0,
        "f1-score": 1.0,
        "support": 8.0
      },
      "water": {
        "precision": 0.8888888888888888,
        "recall": 1.0,
        "f1-score": 0.9411764705882353,
        "support": 8.0
      },
      "accuracy": 0.96,
      "macro avg": {
        "precision": 0.9629629629629629,
        "recall": 0.9629629629629629,
        "f1-score": 0.9607843137254902,
        "support": 25.0
      },
      "weighted avg": {
        "precision": 0.9644444444444444,
        "recall": 0.96,
        "f1-score": 0.96,
        "support": 25.0
      }
    },
    "confusion_matrix": [
      [
        8,
        0,
        1
      ],
      [
        0,
        8,
        0
      ],
      [
        0,
        0,
        8
      ]
    ]
  },
  "model_files": {
    "trained_model": "trained_model.joblib",
    "scaler": "scaler.joblib",
    "feature_selector": "feature_selector.joblib",
    "feature_names": "feature_names.json"
  },
  "timestamp": "2025-07-21T20:36:29.476221"
}