{
  "experiment_name": "wst_assatigue_k20_WithModel",
  "config": {
    "dataset_path": "/home/brusc/Projects/random_forest/datasets/dataset_rgb_salt_and_pepper_15/mini",
    "area_name": "assatigue",
    "feature_method": "wst",
    "k_features": 20,
    "output_dir": "/home/brusc/Projects/random_forest/experiments_organized_2/salt_and_pepper_output/dataset_rgb_salt_and_pepper_15/assatigue/mini/k20/wst",
    "n_estimators": 3,
    "test_size": 0.2,
    "random_state": 42,
    "cv_folds": 5
  },
  "dataset_info": {
    "data_directory": "/home/brusc/Projects/random_forest/datasets/dataset_rgb_salt_and_pepper_15/mini",
    "area_name": "assatigue",
    "total_images": 15,
    "classes": {
      "low_veg": 5,
      "trees": 5,
      "water": 5
    },
    "image_shape": [
      3,
      128,
      128
    ],
    "total_features_available": 486,
    "feature_method": "wst",
    "dataset_type": "mini",
    "k_features": 20
  },
  "feature_selection": {
    "method": "SelectKBest_k20",
    "num_features": 20,
    "selected_features": [
      "R_wst_mean_0",
      "R_wst_std_0",
      "G_wst_mean_0",
      "G_wst_mean_2",
      "G_wst_std_0",
      "B_wst_mean_0",
      "B_wst_mean_22",
      "B_wst_mean_23",
      "B_wst_mean_24",
      "B_wst_mean_54",
      "B_wst_mean_57",
      "B_wst_mean_69",
      "B_wst_mean_70",
      "B_wst_std_6",
      "B_wst_std_24",
      "B_wst_std_43",
      "B_wst_std_57",
      "B_wst_std_64",
      "B_wst_std_69",
      "B_wst_std_75"
    ],
    "feature_scores": [
      0.6091813741813745,
      0.5996575646575653,
      0.49965756465756517,
      0.5055546305546312,
      0.6158480408480411,
      0.8131496281496284,
      0.5317451067451071,
      0.7647369297369302,
      0.6324569874569881,
      0.7092871942871948,
      0.5206339956339956,
      0.5252412402412405,
      0.5249990749990754,
      0.48918137418137464,
      0.6842607392607398,
      0.5089649239649245,
      0.4867739667739672,
      0.48013375513375545,
      0.535369445369446,
      0.6173006623006625
    ]
  },
  "performance": {
    "test_accuracy": 1.0,
    "cv_mean_accuracy": 0.7333333333333332,
    "cv_std_accuracy": 0.24944382578492943,
    "cv_scores": [
      1.0,
      0.3333333333333333,
      1.0,
      0.6666666666666666,
      0.6666666666666666
    ],
    "classification_report": {
      "low_veg": {
        "precision": 1.0,
        "recall": 1.0,
        "f1-score": 1.0,
        "support": 1.0
      },
      "trees": {
        "precision": 1.0,
        "recall": 1.0,
        "f1-score": 1.0,
        "support": 1.0
      },
      "water": {
        "precision": 1.0,
        "recall": 1.0,
        "f1-score": 1.0,
        "support": 1.0
      },
      "accuracy": 1.0,
      "macro avg": {
        "precision": 1.0,
        "recall": 1.0,
        "f1-score": 1.0,
        "support": 3.0
      },
      "weighted avg": {
        "precision": 1.0,
        "recall": 1.0,
        "f1-score": 1.0,
        "support": 3.0
      }
    },
    "confusion_matrix": [
      [
        1,
        0,
        0
      ],
      [
        0,
        1,
        0
      ],
      [
        0,
        0,
        1
      ]
    ]
  },
  "model_files": {
    "trained_model": "trained_model.joblib",
    "scaler": "scaler.joblib",
    "feature_selector": "feature_selector.joblib",
    "feature_names": "feature_names.json"
  },
  "timestamp": "2025-07-22T13:43:10.875504"
}