{
  "experiment_name": "wst_popolar_k20_WithModel",
  "config": {
    "dataset_path": "/home/brusc/Projects/random_forest/datasets/dataset_rgb_speckle_35/original",
    "area_name": "popolar",
    "feature_method": "wst",
    "k_features": 20,
    "output_dir": "/home/brusc/Projects/random_forest/experiments_organized/speckle_output/dataset_rgb_speckle_35/popolar/original/k20/wst",
    "n_estimators": 50,
    "test_size": 0.2,
    "random_state": 42,
    "cv_folds": 5
  },
  "dataset_info": {
    "data_directory": "/home/brusc/Projects/random_forest/datasets/dataset_rgb_speckle_35/original",
    "area_name": "popolar",
    "total_images": 121,
    "classes": {
      "low_veg": 41,
      "trees": 40,
      "water": 40
    },
    "image_shape": [
      3,
      128,
      128
    ],
    "total_features_available": 486,
    "feature_method": "wst",
    "dataset_type": "original",
    "k_features": 20
  },
  "feature_selection": {
    "method": "SelectKBest_k20",
    "num_features": 20,
    "selected_features": [
      "R_wst_mean_5",
      "R_wst_std_0",
      "G_wst_std_0",
      "B_wst_mean_0",
      "B_wst_mean_2",
      "B_wst_mean_3",
      "B_wst_mean_4",
      "B_wst_mean_5",
      "B_wst_mean_6",
      "B_wst_mean_7",
      "B_wst_mean_21",
      "B_wst_mean_25",
      "B_wst_mean_32",
      "B_wst_mean_42",
      "B_wst_mean_45",
      "B_wst_mean_46",
      "B_wst_mean_52",
      "B_wst_mean_75",
      "B_wst_mean_76",
      "B_wst_std_0"
    ],
    "feature_scores": [
      0.8805617107180228,
      1.0299757689924323,
      1.0393167690879193,
      0.8840596598845929,
      0.927065095649936,
      0.9314909044896054,
      0.881252293003574,
      0.899950088936115,
      0.8989962868459496,
      0.9440399751747617,
      0.901123407809544,
      0.8708557973745858,
      0.8851266701061065,
      0.878242272800176,
      0.8767534305179234,
      0.9140808872495838,
      0.8872460980425929,
      0.8995810259943833,
      0.870505900870465,
      0.9127547432326983
    ]
  },
  "performance": {
    "test_accuracy": 0.88,
    "cv_mean_accuracy": 0.9666666666666668,
    "cv_std_accuracy": 0.031180478223116186,
    "cv_scores": [
      1.0,
      0.9583333333333334,
      1.0,
      0.9583333333333334,
      0.9166666666666666
    ],
    "classification_report": {
      "low_veg": {
        "precision": 0.875,
        "recall": 0.7777777777777778,
        "f1-score": 0.8235294117647058,
        "support": 9.0
      },
      "trees": {
        "precision": 0.875,
        "recall": 0.875,
        "f1-score": 0.875,
        "support": 8.0
      },
      "water": {
        "precision": 0.8888888888888888,
        "recall": 1.0,
        "f1-score": 0.9411764705882353,
        "support": 8.0
      },
      "accuracy": 0.88,
      "macro avg": {
        "precision": 0.8796296296296297,
        "recall": 0.8842592592592592,
        "f1-score": 0.8799019607843137,
        "support": 25.0
      },
      "weighted avg": {
        "precision": 0.8794444444444445,
        "recall": 0.88,
        "f1-score": 0.8776470588235292,
        "support": 25.0
      }
    },
    "confusion_matrix": [
      [
        7,
        1,
        1
      ],
      [
        1,
        7,
        0
      ],
      [
        0,
        0,
        8
      ]
    ]
  },
  "model_files": {
    "trained_model": "trained_model.joblib",
    "scaler": "scaler.joblib",
    "feature_selector": "feature_selector.joblib",
    "feature_names": "feature_names.json"
  },
  "timestamp": "2025-07-22T02:35:17.519479"
}