{
  "experiment_name": "wst_popolar_k10_WithModel",
  "config": {
    "dataset_path": "/home/brusc/Projects/random_forest/datasets/dataset_rgb_uniform_10/small",
    "area_name": "popolar",
    "feature_method": "wst",
    "k_features": 10,
    "output_dir": "/home/brusc/Projects/random_forest/experiments_organized/uniform_output/dataset_rgb_uniform_10/popolar/small/k10/wst",
    "n_estimators": 10,
    "test_size": 0.2,
    "random_state": 42,
    "cv_folds": 5
  },
  "dataset_info": {
    "data_directory": "/home/brusc/Projects/random_forest/datasets/dataset_rgb_uniform_10/small",
    "area_name": "popolar",
    "total_images": 45,
    "classes": {
      "low_veg": 15,
      "trees": 15,
      "water": 15
    },
    "image_shape": [
      3,
      128,
      128
    ],
    "total_features_available": 486,
    "feature_method": "wst",
    "dataset_type": "small",
    "k_features": 10
  },
  "feature_selection": {
    "method": "SelectKBest_k10",
    "num_features": 10,
    "selected_features": [
      "R_wst_mean_8",
      "R_wst_mean_9",
      "R_wst_mean_15",
      "R_wst_mean_16",
      "R_wst_std_0",
      "G_wst_mean_7",
      "G_wst_mean_9",
      "G_wst_mean_16",
      "G_wst_std_0",
      "B_wst_std_0"
    ],
    "feature_scores": [
      0.8718519524551587,
      0.8712955952321346,
      0.9105807545172941,
      0.9531829671195067,
      0.9642440574453031,
      0.8426896949595679,
      0.8706424829123558,
      0.9537385226750623,
      0.9857628871994268,
      0.8701724305666585
    ]
  },
  "performance": {
    "test_accuracy": 0.6666666666666666,
    "cv_mean_accuracy": 0.9333333333333332,
    "cv_std_accuracy": 0.0888888888888889,
    "cv_scores": [
      0.7777777777777778,
      0.8888888888888888,
      1.0,
      1.0,
      1.0
    ],
    "classification_report": {
      "low_veg": {
        "precision": 0.5,
        "recall": 0.6666666666666666,
        "f1-score": 0.5714285714285714,
        "support": 3.0
      },
      "trees": {
        "precision": 1.0,
        "recall": 0.3333333333333333,
        "f1-score": 0.5,
        "support": 3.0
      },
      "water": {
        "precision": 0.75,
        "recall": 1.0,
        "f1-score": 0.8571428571428571,
        "support": 3.0
      },
      "accuracy": 0.6666666666666666,
      "macro avg": {
        "precision": 0.75,
        "recall": 0.6666666666666666,
        "f1-score": 0.6428571428571428,
        "support": 9.0
      },
      "weighted avg": {
        "precision": 0.75,
        "recall": 0.6666666666666666,
        "f1-score": 0.6428571428571428,
        "support": 9.0
      }
    },
    "confusion_matrix": [
      [
        2,
        0,
        1
      ],
      [
        2,
        1,
        0
      ],
      [
        0,
        0,
        3
      ]
    ]
  },
  "model_files": {
    "trained_model": "trained_model.joblib",
    "scaler": "scaler.joblib",
    "feature_selector": "feature_selector.joblib",
    "feature_names": "feature_names.json"
  },
  "timestamp": "2025-07-22T03:54:12.267956"
}