{
  "experiment_name": "hybrid_popolar_k20_WithModel",
  "config": {
    "dataset_path": "/home/brusc/Projects/random_forest/datasets/dataset_rgb_gaussian_50/mini",
    "area_name": "popolar",
    "feature_method": "hybrid",
    "k_features": 20,
    "output_dir": "/home/brusc/Projects/random_forest/experiments_organized/gaussian_output/rgb_gaussian50/popolar/mini/k20/hybrid",
    "n_estimators": 3,
    "test_size": 0.2,
    "random_state": 42,
    "cv_folds": 5
  },
  "dataset_info": {
    "data_directory": "/home/brusc/Projects/random_forest/datasets/dataset_rgb_gaussian_50/mini",
    "area_name": "popolar",
    "total_images": 15,
    "classes": {
      "low_veg": 5,
      "trees": 5,
      "water": 5
    },
    "image_shape": [
      3,
      128,
      128
    ],
    "total_features_available": 540,
    "feature_method": "hybrid",
    "dataset_type": "mini",
    "k_features": 20
  },
  "feature_selection": {
    "method": "SelectKBest_k20",
    "num_features": 20,
    "selected_features": [
      "R_mean",
      "R_skew",
      "R_cv",
      "R_p10",
      "R_p25",
      "R_p50",
      "R_p75",
      "G_p75",
      "B_mean",
      "B_skew",
      "B_cv",
      "B_p10",
      "B_p25",
      "B_p50",
      "B_p75",
      "B_p90",
      "R_wst_mean_0",
      "R_wst_std_0",
      "G_wst_std_0",
      "B_wst_mean_0"
    ],
    "feature_scores": [
      0.7329355829355835,
      0.8357133607133609,
      0.7295228845228849,
      1.1754752654752658,
      0.8280702630702634,
      0.8829355829355834,
      1.0905546305546312,
      0.7823752173752176,
      0.967594072594073,
      0.8774088874088879,
      0.8369038369038371,
      0.782880267880268,
      1.462673437673438,
      0.8314829614829622,
      0.7678850778850783,
      1.6523223073223077,
      0.79460224960225,
      0.7279908979908989,
      0.8008480408480414,
      0.9453718503718507
    ]
  },
  "performance": {
    "test_accuracy": 1.0,
    "cv_mean_accuracy": 0.7999999999999999,
    "cv_std_accuracy": 0.16329931618554522,
    "cv_scores": [
      1.0,
      0.6666666666666666,
      0.6666666666666666,
      0.6666666666666666,
      1.0
    ],
    "classification_report": {
      "low_veg": {
        "precision": 1.0,
        "recall": 1.0,
        "f1-score": 1.0,
        "support": 1.0
      },
      "trees": {
        "precision": 1.0,
        "recall": 1.0,
        "f1-score": 1.0,
        "support": 1.0
      },
      "water": {
        "precision": 1.0,
        "recall": 1.0,
        "f1-score": 1.0,
        "support": 1.0
      },
      "accuracy": 1.0,
      "macro avg": {
        "precision": 1.0,
        "recall": 1.0,
        "f1-score": 1.0,
        "support": 3.0
      },
      "weighted avg": {
        "precision": 1.0,
        "recall": 1.0,
        "f1-score": 1.0,
        "support": 3.0
      }
    },
    "confusion_matrix": [
      [
        1,
        0,
        0
      ],
      [
        0,
        1,
        0
      ],
      [
        0,
        0,
        1
      ]
    ]
  },
  "model_files": {
    "trained_model": "trained_model.joblib",
    "scaler": "scaler.joblib",
    "feature_selector": "feature_selector.joblib",
    "feature_names": "feature_names.json"
  },
  "timestamp": "2025-07-21T20:04:45.476841"
}