{
  "experiment_name": "advanced_stats_sunset_k20_WithModel",
  "config": {
    "dataset_path": "/home/brusc/Projects/random_forest/datasets/dataset_rgb_uniform_25/original",
    "area_name": "sunset",
    "feature_method": "advanced_stats",
    "k_features": 20,
    "output_dir": "/home/brusc/Projects/random_forest/experiments_organized/uniform_output/dataset_rgb_uniform_25/sunset/original/k20/advanced_stats",
    "n_estimators": 50,
    "test_size": 0.2,
    "random_state": 42,
    "cv_folds": 5
  },
  "dataset_info": {
    "data_directory": "/home/brusc/Projects/random_forest/datasets/dataset_rgb_uniform_25/original",
    "area_name": "sunset",
    "total_images": 120,
    "classes": {
      "garden": 40,
      "low_veg": 40,
      "trees": 40
    },
    "image_shape": [
      3,
      128,
      128
    ],
    "total_features_available": 54,
    "feature_method": "advanced_stats",
    "dataset_type": "original",
    "k_features": 20
  },
  "feature_selection": {
    "method": "SelectKBest_k20",
    "num_features": 20,
    "selected_features": [
      "R_std",
      "R_var",
      "R_range",
      "R_iqr",
      "R_mad",
      "R_grad_mean",
      "G_std",
      "G_var",
      "G_range",
      "G_iqr",
      "G_mad",
      "G_grad_mean",
      "B_mean",
      "B_skew",
      "B_kurt",
      "B_cv",
      "B_p50",
      "B_p75",
      "B_iqr",
      "B_grad_mean"
    ],
    "feature_scores": [
      0.8426796248968313,
      0.8413326015511595,
      0.6532129171638219,
      0.8340427655314719,
      0.8149681568021334,
      0.7330590068899425,
      0.6644074046866761,
      0.6647645475438191,
      0.6545177688595405,
      0.7128664465048515,
      0.6633538633206351,
      0.774823878747017,
      0.6628183571173547,
      0.7220262615853081,
      0.7050382622833666,
      0.6797833074099637,
      0.6522591452386983,
      0.6735224883770414,
      0.7556364411464653,
      0.790196549899882
    ]
  },
  "performance": {
    "test_accuracy": 1.0,
    "cv_mean_accuracy": 0.9833333333333332,
    "cv_std_accuracy": 0.03333333333333335,
    "cv_scores": [
      0.9166666666666666,
      1.0,
      1.0,
      1.0,
      1.0
    ],
    "classification_report": {
      "garden": {
        "precision": 1.0,
        "recall": 1.0,
        "f1-score": 1.0,
        "support": 8.0
      },
      "low_veg": {
        "precision": 1.0,
        "recall": 1.0,
        "f1-score": 1.0,
        "support": 8.0
      },
      "trees": {
        "precision": 1.0,
        "recall": 1.0,
        "f1-score": 1.0,
        "support": 8.0
      },
      "accuracy": 1.0,
      "macro avg": {
        "precision": 1.0,
        "recall": 1.0,
        "f1-score": 1.0,
        "support": 24.0
      },
      "weighted avg": {
        "precision": 1.0,
        "recall": 1.0,
        "f1-score": 1.0,
        "support": 24.0
      }
    },
    "confusion_matrix": [
      [
        8,
        0,
        0
      ],
      [
        0,
        8,
        0
      ],
      [
        0,
        0,
        8
      ]
    ]
  },
  "model_files": {
    "trained_model": "trained_model.joblib",
    "scaler": "scaler.joblib",
    "feature_selector": "feature_selector.joblib",
    "feature_names": "feature_names.json"
  },
  "timestamp": "2025-07-22T05:19:02.988121"
}