{
  "experiment_name": "hybrid_assatigue_k20_WithModel",
  "config": {
    "dataset_path": "/home/brusc/Projects/random_forest/datasets/dataset_rgb_poisson_40/original",
    "area_name": "assatigue",
    "feature_method": "hybrid",
    "k_features": 20,
    "output_dir": "/home/brusc/Projects/random_forest/experiments_organized_2/poisson_output/dataset_rgb_poisson_40/assatigue/original/k20/hybrid",
    "n_estimators": 50,
    "test_size": 0.2,
    "random_state": 42,
    "cv_folds": 5
  },
  "dataset_info": {
    "data_directory": "/home/brusc/Projects/random_forest/datasets/dataset_rgb_poisson_40/original",
    "area_name": "assatigue",
    "total_images": 116,
    "classes": {
      "low_veg": 40,
      "water": 40,
      "trees": 36
    },
    "image_shape": [
      3,
      128,
      128
    ],
    "total_features_available": 540,
    "feature_method": "hybrid",
    "dataset_type": "original",
    "k_features": 20
  },
  "feature_selection": {
    "method": "SelectKBest_k20",
    "num_features": 20,
    "selected_features": [
      "R_std",
      "R_var",
      "R_cv",
      "R_mad",
      "G_std",
      "G_var",
      "G_min",
      "G_range",
      "G_cv",
      "G_p10",
      "G_mad",
      "B_min",
      "B_cv",
      "B_p10",
      "B_p50",
      "R_wst_std_0",
      "G_wst_std_0",
      "B_wst_mean_47",
      "B_wst_mean_56",
      "B_wst_mean_69"
    ],
    "feature_scores": [
      0.8242972915364364,
      0.8245367551379688,
      0.8453797154379414,
      0.8094670682840261,
      0.8890121290596478,
      0.8867916483908909,
      0.8321538838664551,
      0.7654125468284645,
      0.9128829322874852,
      0.7361903349277006,
      0.8773630861136221,
      0.7949508884404,
      0.8491200429718573,
      0.7783707598667462,
      0.7390395783218755,
      0.9108535937589279,
      0.9170307229261705,
      0.7468567611390584,
      0.7452973332913433,
      0.7433708612204057
    ]
  },
  "performance": {
    "test_accuracy": 0.9583333333333334,
    "cv_mean_accuracy": 0.9565217391304348,
    "cv_std_accuracy": 0.047628048478710105,
    "cv_scores": [
      1.0,
      0.9565217391304348,
      0.8695652173913043,
      0.9565217391304348,
      1.0
    ],
    "classification_report": {
      "low_veg": {
        "precision": 1.0,
        "recall": 0.875,
        "f1-score": 0.9333333333333333,
        "support": 8.0
      },
      "trees": {
        "precision": 1.0,
        "recall": 1.0,
        "f1-score": 1.0,
        "support": 8.0
      },
      "water": {
        "precision": 0.8888888888888888,
        "recall": 1.0,
        "f1-score": 0.9411764705882353,
        "support": 8.0
      },
      "accuracy": 0.9583333333333334,
      "macro avg": {
        "precision": 0.9629629629629629,
        "recall": 0.9583333333333334,
        "f1-score": 0.9581699346405229,
        "support": 24.0
      },
      "weighted avg": {
        "precision": 0.9629629629629629,
        "recall": 0.9583333333333334,
        "f1-score": 0.9581699346405229,
        "support": 24.0
      }
    },
    "confusion_matrix": [
      [
        7,
        0,
        1
      ],
      [
        0,
        8,
        0
      ],
      [
        0,
        0,
        8
      ]
    ]
  },
  "model_files": {
    "trained_model": "trained_model.joblib",
    "scaler": "scaler.joblib",
    "feature_selector": "feature_selector.joblib",
    "feature_names": "feature_names.json"
  },
  "timestamp": "2025-07-21T21:49:40.582442"
}