{
  "experiment_name": "wst_assatigue_k20_WithModel",
  "config": {
    "dataset_path": "/home/brusc/Projects/random_forest/datasets/dataset_rgb_poisson_40/augmented",
    "area_name": "assatigue",
    "feature_method": "wst",
    "k_features": 20,
    "output_dir": "/home/brusc/Projects/random_forest/experiments_organized_2/poisson_output/dataset_rgb_poisson_40/assatigue/augmented/k20/wst",
    "n_estimators": 50,
    "test_size": 0.2,
    "random_state": 42,
    "cv_folds": 5
  },
  "dataset_info": {
    "data_directory": "/home/brusc/Projects/random_forest/datasets/dataset_rgb_poisson_40/augmented",
    "area_name": "assatigue",
    "total_images": 1624,
    "classes": {
      "low_veg": 560,
      "water": 560,
      "trees": 504
    },
    "image_shape": [
      3,
      128,
      128
    ],
    "total_features_available": 486,
    "feature_method": "wst",
    "dataset_type": "augmented",
    "k_features": 20
  },
  "feature_selection": {
    "method": "SelectKBest_k20",
    "num_features": 20,
    "selected_features": [
      "R_wst_mean_0",
      "R_wst_std_0",
      "G_wst_mean_0",
      "G_wst_std_0",
      "B_wst_mean_0",
      "B_wst_mean_20",
      "B_wst_mean_21",
      "B_wst_mean_29",
      "B_wst_mean_30",
      "B_wst_mean_31",
      "B_wst_mean_40",
      "B_wst_mean_41",
      "B_wst_mean_47",
      "B_wst_mean_48",
      "B_wst_mean_49",
      "B_wst_mean_50",
      "B_wst_mean_56",
      "B_wst_mean_67",
      "B_wst_mean_75",
      "B_wst_mean_77"
    ],
    "feature_scores": [
      0.6801079186966883,
      0.8657308866420601,
      0.5574819185700672,
      0.8557784325125166,
      0.637534097866516,
      0.5653773950026997,
      0.5617188531706427,
      0.5704662410074919,
      0.5577608331323007,
      0.5707066841909845,
      0.5585718643398436,
      0.5816567251481957,
      0.5737891113275149,
      0.585120969339386,
      0.5557142978999812,
      0.5662687238771293,
      0.5555898027423862,
      0.561679987263882,
      0.5652874949851221,
      0.5702444061379648
    ]
  },
  "performance": {
    "test_accuracy": 0.9507692307692308,
    "cv_mean_accuracy": 0.95197150997151,
    "cv_std_accuracy": 0.012395544847463807,
    "cv_scores": [
      0.9415384615384615,
      0.9446153846153846,
      0.9753846153846154,
      0.9446153846153846,
      0.9537037037037037
    ],
    "classification_report": {
      "low_veg": {
        "precision": 0.9137931034482759,
        "recall": 0.9464285714285714,
        "f1-score": 0.9298245614035088,
        "support": 112.0
      },
      "trees": {
        "precision": 0.9901960784313726,
        "recall": 1.0,
        "f1-score": 0.9950738916256158,
        "support": 101.0
      },
      "water": {
        "precision": 0.9532710280373832,
        "recall": 0.9107142857142857,
        "f1-score": 0.9315068493150684,
        "support": 112.0
      },
      "accuracy": 0.9507692307692308,
      "macro avg": {
        "precision": 0.9524200699723439,
        "recall": 0.9523809523809524,
        "f1-score": 0.9521351007813976,
        "support": 325.0
      },
      "weighted avg": {
        "precision": 0.9511414973783461,
        "recall": 0.9507692307692308,
        "f1-score": 0.9506817878605164,
        "support": 325.0
      }
    },
    "confusion_matrix": [
      [
        106,
        1,
        5
      ],
      [
        0,
        101,
        0
      ],
      [
        10,
        0,
        102
      ]
    ]
  },
  "model_files": {
    "trained_model": "trained_model.joblib",
    "scaler": "scaler.joblib",
    "feature_selector": "feature_selector.joblib",
    "feature_names": "feature_names.json"
  },
  "timestamp": "2025-07-22T00:44:53.454208"
}