{
  "experiment_name": "hybrid_sunset_k10_WithModel",
  "config": {
    "dataset_path": "/home/brusc/Projects/random_forest/datasets/dataset_rgb_gaussian_50/original",
    "area_name": "sunset",
    "feature_method": "hybrid",
    "k_features": 10,
    "output_dir": "/home/brusc/Projects/random_forest/experiments_organized/gaussian_output/rgb_gaussian50/sunset/original/k10/hybrid",
    "n_estimators": 50,
    "test_size": 0.2,
    "random_state": 42,
    "cv_folds": 5
  },
  "dataset_info": {
    "data_directory": "/home/brusc/Projects/random_forest/datasets/dataset_rgb_gaussian_50/original",
    "area_name": "sunset",
    "total_images": 120,
    "classes": {
      "garden": 40,
      "low_veg": 40,
      "trees": 40
    },
    "image_shape": [
      3,
      128,
      128
    ],
    "total_features_available": 540,
    "feature_method": "hybrid",
    "dataset_type": "original",
    "k_features": 10
  },
  "feature_selection": {
    "method": "SelectKBest_k10",
    "num_features": 10,
    "selected_features": [
      "B_mean",
      "B_cv",
      "B_p75",
      "B_p90",
      "B_iqr",
      "B_grad_mean",
      "R_wst_std_0",
      "B_wst_mean_0",
      "B_wst_mean_5",
      "B_wst_mean_8"
    ],
    "feature_scores": [
      0.6478752425438778,
      0.626483263665057,
      0.6435513614951409,
      0.6519259834696187,
      0.6338327467765266,
      0.6269998524390086,
      0.7527619844411209,
      0.6695154541840898,
      0.6641206637892991,
      0.6517746950598393
    ]
  },
  "performance": {
    "test_accuracy": 0.9583333333333334,
    "cv_mean_accuracy": 0.975,
    "cv_std_accuracy": 0.03333333333333334,
    "cv_scores": [
      0.9166666666666666,
      1.0,
      0.9583333333333334,
      1.0,
      1.0
    ],
    "classification_report": {
      "garden": {
        "precision": 0.8888888888888888,
        "recall": 1.0,
        "f1-score": 0.9411764705882353,
        "support": 8.0
      },
      "low_veg": {
        "precision": 1.0,
        "recall": 1.0,
        "f1-score": 1.0,
        "support": 8.0
      },
      "trees": {
        "precision": 1.0,
        "recall": 0.875,
        "f1-score": 0.9333333333333333,
        "support": 8.0
      },
      "accuracy": 0.9583333333333334,
      "macro avg": {
        "precision": 0.9629629629629629,
        "recall": 0.9583333333333334,
        "f1-score": 0.9581699346405229,
        "support": 24.0
      },
      "weighted avg": {
        "precision": 0.9629629629629629,
        "recall": 0.9583333333333334,
        "f1-score": 0.9581699346405229,
        "support": 24.0
      }
    },
    "confusion_matrix": [
      [
        8,
        0,
        0
      ],
      [
        0,
        8,
        0
      ],
      [
        1,
        0,
        7
      ]
    ]
  },
  "model_files": {
    "trained_model": "trained_model.joblib",
    "scaler": "scaler.joblib",
    "feature_selector": "feature_selector.joblib",
    "feature_names": "feature_names.json"
  },
  "timestamp": "2025-07-21T20:51:26.094935"
}