{
  "experiment_name": "wst_assatigue_k20_WithModel",
  "config": {
    "dataset_path": "/home/brusc/Projects/random_forest/datasets/dataset_rgb_gaussian_30/small",
    "area_name": "assatigue",
    "feature_method": "wst",
    "k_features": 20,
    "output_dir": "/home/brusc/Projects/random_forest/experiments_organized/gaussian_output/rgb_gaussian30/assatigue/small/k20/wst",
    "n_estimators": 10,
    "test_size": 0.2,
    "random_state": 42,
    "cv_folds": 5
  },
  "dataset_info": {
    "data_directory": "/home/brusc/Projects/random_forest/datasets/dataset_rgb_gaussian_30/small",
    "area_name": "assatigue",
    "total_images": 45,
    "classes": {
      "low_veg": 15,
      "trees": 15,
      "water": 15
    },
    "image_shape": [
      3,
      128,
      128
    ],
    "total_features_available": 486,
    "feature_method": "wst",
    "dataset_type": "small",
    "k_features": 20
  },
  "feature_selection": {
    "method": "SelectKBest_k20",
    "num_features": 20,
    "selected_features": [
      "R_wst_mean_0",
      "R_wst_mean_54",
      "R_wst_std_0",
      "G_wst_mean_0",
      "G_wst_std_0",
      "B_wst_mean_0",
      "B_wst_mean_7",
      "B_wst_mean_8",
      "B_wst_mean_12",
      "B_wst_mean_17",
      "B_wst_mean_23",
      "B_wst_mean_24",
      "B_wst_mean_29",
      "B_wst_mean_36",
      "B_wst_mean_45",
      "B_wst_mean_46",
      "B_wst_mean_49",
      "B_wst_mean_58",
      "B_wst_mean_65",
      "B_wst_mean_79"
    ],
    "feature_scores": [
      0.7160930200295597,
      0.49616499779761614,
      0.8956758137790204,
      0.6779007801706534,
      0.862557974827848,
      0.6499995456027523,
      0.5456764187952847,
      0.5153800423322419,
      0.5031227923162067,
      0.5494575258940659,
      0.5024681880713946,
      0.5417547040245771,
      0.5141127602316262,
      0.5409659663038102,
      0.5181059622918454,
      0.5429669266413484,
      0.572971881908422,
      0.6182130913162978,
      0.5066145881491673,
      0.519466155381956
    ]
  },
  "performance": {
    "test_accuracy": 1.0,
    "cv_mean_accuracy": 0.888888888888889,
    "cv_std_accuracy": 0.07027283689263066,
    "cv_scores": [
      1.0,
      0.8888888888888888,
      0.8888888888888888,
      0.7777777777777778,
      0.8888888888888888
    ],
    "classification_report": {
      "low_veg": {
        "precision": 1.0,
        "recall": 1.0,
        "f1-score": 1.0,
        "support": 3.0
      },
      "trees": {
        "precision": 1.0,
        "recall": 1.0,
        "f1-score": 1.0,
        "support": 3.0
      },
      "water": {
        "precision": 1.0,
        "recall": 1.0,
        "f1-score": 1.0,
        "support": 3.0
      },
      "accuracy": 1.0,
      "macro avg": {
        "precision": 1.0,
        "recall": 1.0,
        "f1-score": 1.0,
        "support": 9.0
      },
      "weighted avg": {
        "precision": 1.0,
        "recall": 1.0,
        "f1-score": 1.0,
        "support": 9.0
      }
    },
    "confusion_matrix": [
      [
        3,
        0,
        0
      ],
      [
        0,
        3,
        0
      ],
      [
        0,
        0,
        3
      ]
    ]
  },
  "model_files": {
    "trained_model": "trained_model.joblib",
    "scaler": "scaler.joblib",
    "feature_selector": "feature_selector.joblib",
    "feature_names": "feature_names.json"
  },
  "timestamp": "2025-07-21T19:16:45.195931"
}