{
  "experiment_name": "wst_assatigue_k20_WithModel",
  "config": {
    "dataset_path": "/home/brusc/Projects/random_forest/datasets/dataset_rgb_speckle_55/small",
    "area_name": "assatigue",
    "feature_method": "wst",
    "k_features": 20,
    "output_dir": "/home/brusc/Projects/random_forest/experiments_organized/speckle_output/dataset_rgb_speckle_55/assatigue/small/k20/wst",
    "n_estimators": 10,
    "test_size": 0.2,
    "random_state": 42,
    "cv_folds": 5
  },
  "dataset_info": {
    "data_directory": "/home/brusc/Projects/random_forest/datasets/dataset_rgb_speckle_55/small",
    "area_name": "assatigue",
    "total_images": 45,
    "classes": {
      "low_veg": 15,
      "trees": 15,
      "water": 15
    },
    "image_shape": [
      3,
      128,
      128
    ],
    "total_features_available": 486,
    "feature_method": "wst",
    "dataset_type": "small",
    "k_features": 20
  },
  "feature_selection": {
    "method": "SelectKBest_k20",
    "num_features": 20,
    "selected_features": [
      "R_wst_mean_14",
      "R_wst_std_0",
      "R_wst_std_51",
      "G_wst_mean_21",
      "G_wst_mean_27",
      "G_wst_mean_30",
      "G_wst_std_0",
      "B_wst_mean_6",
      "B_wst_mean_7",
      "B_wst_mean_15",
      "B_wst_mean_35",
      "B_wst_mean_38",
      "B_wst_mean_41",
      "B_wst_mean_45",
      "B_wst_mean_53",
      "B_wst_mean_55",
      "B_wst_mean_63",
      "B_wst_mean_70",
      "B_wst_mean_74",
      "B_wst_mean_75"
    ],
    "feature_scores": [
      0.7791794397826461,
      0.9715780288479017,
      0.7492014962060067,
      0.7826373399072128,
      0.7909679599044999,
      0.7580416269781671,
      0.9639169771182226,
      0.7473628612994012,
      0.7498237337602738,
      0.7488310666165994,
      0.7518073057438459,
      0.7849730905762973,
      0.7483064239096302,
      0.8222394045092773,
      0.7467543956909355,
      0.7402192024890757,
      0.7443558066256799,
      0.7541880114578847,
      0.766383223653097,
      0.8074494413859814
    ]
  },
  "performance": {
    "test_accuracy": 0.8888888888888888,
    "cv_mean_accuracy": 0.9555555555555555,
    "cv_std_accuracy": 0.054433105395181765,
    "cv_scores": [
      1.0,
      1.0,
      1.0,
      0.8888888888888888,
      0.8888888888888888
    ],
    "classification_report": {
      "low_veg": {
        "precision": 0.75,
        "recall": 1.0,
        "f1-score": 0.8571428571428571,
        "support": 3.0
      },
      "trees": {
        "precision": 1.0,
        "recall": 1.0,
        "f1-score": 1.0,
        "support": 3.0
      },
      "water": {
        "precision": 1.0,
        "recall": 0.6666666666666666,
        "f1-score": 0.8,
        "support": 3.0
      },
      "accuracy": 0.8888888888888888,
      "macro avg": {
        "precision": 0.9166666666666666,
        "recall": 0.8888888888888888,
        "f1-score": 0.8857142857142858,
        "support": 9.0
      },
      "weighted avg": {
        "precision": 0.9166666666666666,
        "recall": 0.8888888888888888,
        "f1-score": 0.8857142857142857,
        "support": 9.0
      }
    },
    "confusion_matrix": [
      [
        3,
        0,
        0
      ],
      [
        0,
        3,
        0
      ],
      [
        1,
        0,
        2
      ]
    ]
  },
  "model_files": {
    "trained_model": "trained_model.joblib",
    "scaler": "scaler.joblib",
    "feature_selector": "feature_selector.joblib",
    "feature_names": "feature_names.json"
  },
  "timestamp": "2025-07-22T02:59:22.892497"
}