{
  "experiment_name": "wst_sunset_k20_WithModel",
  "config": {
    "dataset_path": "/home/brusc/Projects/random_forest/datasets/dataset_rgb_speckle_55/original",
    "area_name": "sunset",
    "feature_method": "wst",
    "k_features": 20,
    "output_dir": "/home/brusc/Projects/random_forest/experiments_organized/speckle_output/dataset_rgb_speckle_55/sunset/original/k20/wst",
    "n_estimators": 50,
    "test_size": 0.2,
    "random_state": 42,
    "cv_folds": 5
  },
  "dataset_info": {
    "data_directory": "/home/brusc/Projects/random_forest/datasets/dataset_rgb_speckle_55/original",
    "area_name": "sunset",
    "total_images": 120,
    "classes": {
      "garden": 40,
      "low_veg": 40,
      "trees": 40
    },
    "image_shape": [
      3,
      128,
      128
    ],
    "total_features_available": 486,
    "feature_method": "wst",
    "dataset_type": "original",
    "k_features": 20
  },
  "feature_selection": {
    "method": "SelectKBest_k20",
    "num_features": 20,
    "selected_features": [
      "R_wst_std_0",
      "R_wst_std_2",
      "R_wst_std_3",
      "R_wst_std_5",
      "G_wst_std_0",
      "B_wst_mean_0",
      "B_wst_mean_4",
      "B_wst_mean_5",
      "B_wst_mean_6",
      "B_wst_mean_8",
      "B_wst_mean_19",
      "B_wst_mean_20",
      "B_wst_mean_42",
      "B_wst_mean_43",
      "B_wst_mean_44",
      "B_wst_mean_46",
      "B_wst_mean_47",
      "B_wst_mean_69",
      "B_wst_mean_73",
      "B_wst_mean_78"
    ],
    "feature_scores": [
      0.8524148359070063,
      0.7130032746088484,
      0.6690629639945449,
      0.6621630807258905,
      0.7026920058264146,
      0.6809335957881488,
      0.6780716082386615,
      0.6818952961248492,
      0.6735077924248454,
      0.675266418698212,
      0.6651778704715061,
      0.6950764128709275,
      0.6812987887227862,
      0.6832364091550445,
      0.6680483102169454,
      0.6757165703983639,
      0.6998442688879043,
      0.6576769695203968,
      0.6586408008955738,
      0.6697174975111331
    ]
  },
  "performance": {
    "test_accuracy": 0.9583333333333334,
    "cv_mean_accuracy": 0.975,
    "cv_std_accuracy": 0.03333333333333334,
    "cv_scores": [
      0.9166666666666666,
      1.0,
      1.0,
      0.9583333333333334,
      1.0
    ],
    "classification_report": {
      "garden": {
        "precision": 0.8888888888888888,
        "recall": 1.0,
        "f1-score": 0.9411764705882353,
        "support": 8.0
      },
      "low_veg": {
        "precision": 1.0,
        "recall": 1.0,
        "f1-score": 1.0,
        "support": 8.0
      },
      "trees": {
        "precision": 1.0,
        "recall": 0.875,
        "f1-score": 0.9333333333333333,
        "support": 8.0
      },
      "accuracy": 0.9583333333333334,
      "macro avg": {
        "precision": 0.9629629629629629,
        "recall": 0.9583333333333334,
        "f1-score": 0.9581699346405229,
        "support": 24.0
      },
      "weighted avg": {
        "precision": 0.9629629629629629,
        "recall": 0.9583333333333334,
        "f1-score": 0.9581699346405229,
        "support": 24.0
      }
    },
    "confusion_matrix": [
      [
        8,
        0,
        0
      ],
      [
        0,
        8,
        0
      ],
      [
        1,
        0,
        7
      ]
    ]
  },
  "model_files": {
    "trained_model": "trained_model.joblib",
    "scaler": "scaler.joblib",
    "feature_selector": "feature_selector.joblib",
    "feature_names": "feature_names.json"
  },
  "timestamp": "2025-07-22T03:36:50.483435"
}