{
  "experiment_name": "hybrid_assatigue_k20_WithModel",
  "config": {
    "dataset_path": "/home/brusc/Projects/random_forest/datasets/dataset_rgb_gaussian_30/small",
    "area_name": "assatigue",
    "feature_method": "hybrid",
    "k_features": 20,
    "output_dir": "/home/brusc/Projects/random_forest/experiments_organized/gaussian_output/rgb_gaussian30/assatigue/small/k20/hybrid",
    "n_estimators": 10,
    "test_size": 0.2,
    "random_state": 42,
    "cv_folds": 5
  },
  "dataset_info": {
    "data_directory": "/home/brusc/Projects/random_forest/datasets/dataset_rgb_gaussian_30/small",
    "area_name": "assatigue",
    "total_images": 45,
    "classes": {
      "low_veg": 15,
      "trees": 15,
      "water": 15
    },
    "image_shape": [
      3,
      128,
      128
    ],
    "total_features_available": 540,
    "feature_method": "hybrid",
    "dataset_type": "small",
    "k_features": 20
  },
  "feature_selection": {
    "method": "SelectKBest_k20",
    "num_features": 20,
    "selected_features": [
      "R_mean",
      "R_cv",
      "R_p10",
      "R_p25",
      "R_p50",
      "R_p90",
      "G_mean",
      "G_cv",
      "G_p10",
      "G_p25",
      "G_iqr",
      "G_mad",
      "B_skew",
      "B_p50",
      "B_p75",
      "B_p90",
      "R_wst_mean_0",
      "R_wst_std_0",
      "G_wst_mean_0",
      "G_wst_std_0"
    ],
    "feature_scores": [
      0.7142411681777079,
      0.6976626849325582,
      0.6923011329043396,
      0.6852023674722407,
      0.6882623321988721,
      0.6913251133296239,
      0.6761106567138633,
      0.74424036651024,
      0.7548926771625506,
      0.6795939018637753,
      0.6770949632138292,
      0.7083149955848691,
      0.6832976055674789,
      0.6737032493064559,
      0.6776979583011649,
      0.7595850835216236,
      0.7160930200295597,
      0.8956758137790204,
      0.6779007801706534,
      0.862557974827848
    ]
  },
  "performance": {
    "test_accuracy": 0.8888888888888888,
    "cv_mean_accuracy": 0.888888888888889,
    "cv_std_accuracy": 0.07027283689263066,
    "cv_scores": [
      0.7777777777777778,
      1.0,
      0.8888888888888888,
      0.8888888888888888,
      0.8888888888888888
    ],
    "classification_report": {
      "low_veg": {
        "precision": 0.75,
        "recall": 1.0,
        "f1-score": 0.8571428571428571,
        "support": 3.0
      },
      "trees": {
        "precision": 1.0,
        "recall": 1.0,
        "f1-score": 1.0,
        "support": 3.0
      },
      "water": {
        "precision": 1.0,
        "recall": 0.6666666666666666,
        "f1-score": 0.8,
        "support": 3.0
      },
      "accuracy": 0.8888888888888888,
      "macro avg": {
        "precision": 0.9166666666666666,
        "recall": 0.8888888888888888,
        "f1-score": 0.8857142857142858,
        "support": 9.0
      },
      "weighted avg": {
        "precision": 0.9166666666666666,
        "recall": 0.8888888888888888,
        "f1-score": 0.8857142857142857,
        "support": 9.0
      }
    },
    "confusion_matrix": [
      [
        3,
        0,
        0
      ],
      [
        0,
        3,
        0
      ],
      [
        1,
        0,
        2
      ]
    ]
  },
  "model_files": {
    "trained_model": "trained_model.joblib",
    "scaler": "scaler.joblib",
    "feature_selector": "feature_selector.joblib",
    "feature_names": "feature_names.json"
  },
  "timestamp": "2025-07-21T19:19:08.933293"
}