{
  "experiment_name": "wst_assatigue_k20_WithModel",
  "config": {
    "dataset_path": "/home/brusc/Projects/random_forest/datasets/dataset_rgb_speckle_15/original",
    "area_name": "assatigue",
    "feature_method": "wst",
    "k_features": 20,
    "output_dir": "/home/brusc/Projects/random_forest/experiments_organized/speckle_output/dataset_rgb_speckle_15/assatigue/original/k20/wst",
    "n_estimators": 50,
    "test_size": 0.2,
    "random_state": 42,
    "cv_folds": 5
  },
  "dataset_info": {
    "data_directory": "/home/brusc/Projects/random_forest/datasets/dataset_rgb_speckle_15/original",
    "area_name": "assatigue",
    "total_images": 116,
    "classes": {
      "low_veg": 40,
      "water": 40,
      "trees": 36
    },
    "image_shape": [
      3,
      128,
      128
    ],
    "total_features_available": 486,
    "feature_method": "wst",
    "dataset_type": "original",
    "k_features": 20
  },
  "feature_selection": {
    "method": "SelectKBest_k20",
    "num_features": 20,
    "selected_features": [
      "R_wst_mean_6",
      "R_wst_mean_44",
      "R_wst_mean_52",
      "R_wst_mean_53",
      "R_wst_mean_63",
      "R_wst_mean_75",
      "R_wst_mean_76",
      "R_wst_std_0",
      "G_wst_mean_6",
      "G_wst_mean_29",
      "G_wst_mean_48",
      "G_wst_mean_59",
      "G_wst_mean_72",
      "G_wst_mean_78",
      "G_wst_std_0",
      "B_wst_mean_3",
      "B_wst_mean_29",
      "B_wst_mean_30",
      "B_wst_mean_48",
      "B_wst_mean_50"
    ],
    "feature_scores": [
      0.6934641032041908,
      0.6933179015422859,
      0.6828041221899137,
      0.7008744417852677,
      0.6980459290368877,
      0.6877736268404069,
      0.6890777704936881,
      0.9233405912104287,
      0.7502793093081237,
      0.7315886001812426,
      0.6799546463223902,
      0.6829344730091131,
      0.684810474358126,
      0.6832516880512267,
      0.9139801121301219,
      0.6901271010548806,
      0.6775470774473584,
      0.6966524750498282,
      0.6844126191267654,
      0.701686898207184
    ]
  },
  "performance": {
    "test_accuracy": 0.875,
    "cv_mean_accuracy": 0.9144927536231885,
    "cv_std_accuracy": 0.04499760781524644,
    "cv_scores": [
      0.8333333333333334,
      0.9565217391304348,
      0.9130434782608695,
      0.9130434782608695,
      0.9565217391304348
    ],
    "classification_report": {
      "low_veg": {
        "precision": 0.7777777777777778,
        "recall": 0.875,
        "f1-score": 0.8235294117647058,
        "support": 8.0
      },
      "trees": {
        "precision": 1.0,
        "recall": 1.0,
        "f1-score": 1.0,
        "support": 8.0
      },
      "water": {
        "precision": 0.8571428571428571,
        "recall": 0.75,
        "f1-score": 0.8,
        "support": 8.0
      },
      "accuracy": 0.875,
      "macro avg": {
        "precision": 0.8783068783068783,
        "recall": 0.875,
        "f1-score": 0.8745098039215686,
        "support": 24.0
      },
      "weighted avg": {
        "precision": 0.8783068783068783,
        "recall": 0.875,
        "f1-score": 0.8745098039215686,
        "support": 24.0
      }
    },
    "confusion_matrix": [
      [
        7,
        0,
        1
      ],
      [
        0,
        8,
        0
      ],
      [
        2,
        0,
        6
      ]
    ]
  },
  "model_files": {
    "trained_model": "trained_model.joblib",
    "scaler": "scaler.joblib",
    "feature_selector": "feature_selector.joblib",
    "feature_names": "feature_names.json"
  },
  "timestamp": "2025-07-22T01:33:37.523303"
}