{
  "experiment_name": "hybrid_popolar_k20_WithModel",
  "config": {
    "dataset_path": "/home/brusc/Projects/random_forest/datasets/dataset_rgb_uniform_40/original",
    "area_name": "popolar",
    "feature_method": "hybrid",
    "k_features": 20,
    "output_dir": "/home/brusc/Projects/random_forest/experiments_organized/uniform_output/dataset_rgb_uniform_40/popolar/original/k20/hybrid",
    "n_estimators": 50,
    "test_size": 0.2,
    "random_state": 42,
    "cv_folds": 5
  },
  "dataset_info": {
    "data_directory": "/home/brusc/Projects/random_forest/datasets/dataset_rgb_uniform_40/original",
    "area_name": "popolar",
    "total_images": 121,
    "classes": {
      "low_veg": 41,
      "trees": 40,
      "water": 40
    },
    "image_shape": [
      3,
      128,
      128
    ],
    "total_features_available": 540,
    "feature_method": "hybrid",
    "dataset_type": "original",
    "k_features": 20
  },
  "feature_selection": {
    "method": "SelectKBest_k20",
    "num_features": 20,
    "selected_features": [
      "R_std",
      "R_var",
      "R_min",
      "R_cv",
      "R_p10",
      "R_mad",
      "G_std",
      "G_var",
      "G_min",
      "G_range",
      "G_mad",
      "B_mean",
      "B_cv",
      "B_p10",
      "B_p25",
      "B_p50",
      "R_wst_std_0",
      "G_wst_mean_16",
      "G_wst_std_0",
      "B_wst_mean_0"
    ],
    "feature_scores": [
      0.9920406588101174,
      0.9920406588101174,
      0.933936768022414,
      0.986539429324252,
      0.9660576268930186,
      0.9918575740560553,
      1.0194375043887811,
      1.0187487991546214,
      1.013761612888005,
      0.945188424928775,
      1.0195755435764071,
      0.9034132125097329,
      1.0809346152255157,
      0.96933969095647,
      0.935846579113492,
      0.8947869554763845,
      0.9811345194948871,
      0.8845560405816975,
      0.9842499259219024,
      0.8936024424716902
    ]
  },
  "performance": {
    "test_accuracy": 0.96,
    "cv_mean_accuracy": 0.9833333333333334,
    "cv_std_accuracy": 0.02041241452319313,
    "cv_scores": [
      1.0,
      1.0,
      1.0,
      0.9583333333333334,
      0.9583333333333334
    ],
    "classification_report": {
      "low_veg": {
        "precision": 1.0,
        "recall": 0.8888888888888888,
        "f1-score": 0.9411764705882353,
        "support": 9.0
      },
      "trees": {
        "precision": 1.0,
        "recall": 1.0,
        "f1-score": 1.0,
        "support": 8.0
      },
      "water": {
        "precision": 0.8888888888888888,
        "recall": 1.0,
        "f1-score": 0.9411764705882353,
        "support": 8.0
      },
      "accuracy": 0.96,
      "macro avg": {
        "precision": 0.9629629629629629,
        "recall": 0.9629629629629629,
        "f1-score": 0.9607843137254902,
        "support": 25.0
      },
      "weighted avg": {
        "precision": 0.9644444444444444,
        "recall": 0.96,
        "f1-score": 0.96,
        "support": 25.0
      }
    },
    "confusion_matrix": [
      [
        8,
        0,
        1
      ],
      [
        0,
        8,
        0
      ],
      [
        0,
        0,
        8
      ]
    ]
  },
  "model_files": {
    "trained_model": "trained_model.joblib",
    "scaler": "scaler.joblib",
    "feature_selector": "feature_selector.joblib",
    "feature_names": "feature_names.json"
  },
  "timestamp": "2025-07-22T06:04:33.985323"
}