{
  "experiment_name": "wst_sunset_k20_WithModel",
  "config": {
    "dataset_path": "/home/brusc/Projects/random_forest/datasets/dataset_rgb_uniform_10/original",
    "area_name": "sunset",
    "feature_method": "wst",
    "k_features": 20,
    "output_dir": "/home/brusc/Projects/random_forest/experiments_organized/uniform_output/dataset_rgb_uniform_10/sunset/original/k20/wst",
    "n_estimators": 50,
    "test_size": 0.2,
    "random_state": 42,
    "cv_folds": 5
  },
  "dataset_info": {
    "data_directory": "/home/brusc/Projects/random_forest/datasets/dataset_rgb_uniform_10/original",
    "area_name": "sunset",
    "total_images": 120,
    "classes": {
      "garden": 40,
      "low_veg": 40,
      "trees": 40
    },
    "image_shape": [
      3,
      128,
      128
    ],
    "total_features_available": 486,
    "feature_method": "wst",
    "dataset_type": "original",
    "k_features": 20
  },
  "feature_selection": {
    "method": "SelectKBest_k20",
    "num_features": 20,
    "selected_features": [
      "R_wst_mean_4",
      "R_wst_mean_11",
      "R_wst_mean_13",
      "R_wst_mean_34",
      "R_wst_mean_52",
      "R_wst_std_0",
      "G_wst_mean_3",
      "G_wst_mean_4",
      "G_wst_mean_5",
      "G_wst_mean_11",
      "G_wst_mean_12",
      "G_wst_mean_13",
      "G_wst_mean_36",
      "G_wst_mean_44",
      "G_wst_mean_45",
      "G_wst_mean_53",
      "G_wst_mean_54",
      "G_wst_std_4",
      "G_wst_std_5",
      "G_wst_std_12"
    ],
    "feature_scores": [
      0.8127470474816423,
      0.8071874727008774,
      0.8518157172706615,
      0.8153083804309185,
      0.8023731138568537,
      0.9029344032137192,
      0.8183970605522408,
      0.8586756452372484,
      0.8574885765804594,
      0.8347833651517806,
      0.8212919454020395,
      0.8625242382899718,
      0.8076096195575628,
      0.8667440138348685,
      0.8403765487387813,
      0.8144187400833705,
      0.8103182573922574,
      0.8246231588957591,
      0.8249399493989438,
      0.8406894617791338
    ]
  },
  "performance": {
    "test_accuracy": 0.9166666666666666,
    "cv_mean_accuracy": 0.9166666666666666,
    "cv_std_accuracy": 0.06454972243679032,
    "cv_scores": [
      0.7916666666666666,
      0.9583333333333334,
      0.9166666666666666,
      0.9583333333333334,
      0.9583333333333334
    ],
    "classification_report": {
      "garden": {
        "precision": 1.0,
        "recall": 1.0,
        "f1-score": 1.0,
        "support": 8.0
      },
      "low_veg": {
        "precision": 1.0,
        "recall": 0.75,
        "f1-score": 0.8571428571428571,
        "support": 8.0
      },
      "trees": {
        "precision": 0.8,
        "recall": 1.0,
        "f1-score": 0.8888888888888888,
        "support": 8.0
      },
      "accuracy": 0.9166666666666666,
      "macro avg": {
        "precision": 0.9333333333333332,
        "recall": 0.9166666666666666,
        "f1-score": 0.9153439153439153,
        "support": 24.0
      },
      "weighted avg": {
        "precision": 0.9333333333333332,
        "recall": 0.9166666666666666,
        "f1-score": 0.9153439153439153,
        "support": 24.0
      }
    },
    "confusion_matrix": [
      [
        8,
        0,
        0
      ],
      [
        0,
        6,
        2
      ],
      [
        0,
        0,
        8
      ]
    ]
  },
  "model_files": {
    "trained_model": "trained_model.joblib",
    "scaler": "scaler.joblib",
    "feature_selector": "feature_selector.joblib",
    "feature_names": "feature_names.json"
  },
  "timestamp": "2025-07-22T04:27:50.881772"
}