{
  "experiment_name": "hybrid_assatigue_k20_WithModel",
  "config": {
    "dataset_path": "/home/brusc/Projects/random_forest/datasets/dataset_rgb_uniform_40/mini",
    "area_name": "assatigue",
    "feature_method": "hybrid",
    "k_features": 20,
    "output_dir": "/home/brusc/Projects/random_forest/experiments_organized/uniform_output/dataset_rgb_uniform_40/assatigue/mini/k20/hybrid",
    "n_estimators": 3,
    "test_size": 0.2,
    "random_state": 42,
    "cv_folds": 5
  },
  "dataset_info": {
    "data_directory": "/home/brusc/Projects/random_forest/datasets/dataset_rgb_uniform_40/mini",
    "area_name": "assatigue",
    "total_images": 15,
    "classes": {
      "low_veg": 5,
      "trees": 5,
      "water": 5
    },
    "image_shape": [
      3,
      128,
      128
    ],
    "total_features_available": 540,
    "feature_method": "hybrid",
    "dataset_type": "mini",
    "k_features": 20
  },
  "feature_selection": {
    "method": "SelectKBest_k20",
    "num_features": 20,
    "selected_features": [
      "R_min",
      "R_cv",
      "R_mad",
      "G_std",
      "G_var",
      "G_min",
      "G_max",
      "G_range",
      "G_iqr",
      "G_mad",
      "B_mean",
      "B_min",
      "B_range",
      "B_cv",
      "B_p10",
      "R_wst_mean_11",
      "R_wst_mean_14",
      "R_wst_mean_15",
      "R_wst_std_13",
      "B_wst_mean_0"
    ],
    "feature_scores": [
      1.1814035964035967,
      0.7918797868797873,
      0.82426073926074,
      0.8264829614829619,
      0.8375940725940729,
      0.9669591519591525,
      1.3970914270914276,
      0.8598162948162953,
      1.0432530432530436,
      0.8320385170385176,
      0.8075940725940727,
      1.2508480408480411,
      0.7689673289673293,
      0.895292485292486,
      0.8280702630702637,
      0.7786258186258193,
      0.887594072594073,
      0.7598162948162952,
      0.8502371702371705,
      0.8480702630702635
    ]
  },
  "performance": {
    "test_accuracy": 0.6666666666666666,
    "cv_mean_accuracy": 0.9333333333333332,
    "cv_std_accuracy": 0.13333333333333336,
    "cv_scores": [
      0.6666666666666666,
      1.0,
      1.0,
      1.0,
      1.0
    ],
    "classification_report": {
      "low_veg": {
        "precision": 0.0,
        "recall": 0.0,
        "f1-score": 0.0,
        "support": 1.0
      },
      "trees": {
        "precision": 1.0,
        "recall": 1.0,
        "f1-score": 1.0,
        "support": 1.0
      },
      "water": {
        "precision": 0.5,
        "recall": 1.0,
        "f1-score": 0.6666666666666666,
        "support": 1.0
      },
      "accuracy": 0.6666666666666666,
      "macro avg": {
        "precision": 0.5,
        "recall": 0.6666666666666666,
        "f1-score": 0.5555555555555555,
        "support": 3.0
      },
      "weighted avg": {
        "precision": 0.5,
        "recall": 0.6666666666666666,
        "f1-score": 0.5555555555555555,
        "support": 3.0
      }
    },
    "confusion_matrix": [
      [
        0,
        0,
        1
      ],
      [
        0,
        1,
        0
      ],
      [
        0,
        0,
        1
      ]
    ]
  },
  "model_files": {
    "trained_model": "trained_model.joblib",
    "scaler": "scaler.joblib",
    "feature_selector": "feature_selector.joblib",
    "feature_names": "feature_names.json"
  },
  "timestamp": "2025-07-22T05:26:15.028841"
}