{
  "experiment_name": "wst_popolar_k20_WithModel",
  "config": {
    "dataset_path": "/home/brusc/Projects/random_forest/datasets/dataset_rgb_clean/original",
    "area_name": "popolar",
    "feature_method": "wst",
    "k_features": 20,
    "output_dir": "/home/brusc/Projects/random_forest/experiments_organized/gaussian_output/rgb_clean/popolar/original/k20/wst",
    "n_estimators": 50,
    "test_size": 0.2,
    "random_state": 42,
    "cv_folds": 5
  },
  "dataset_info": {
    "data_directory": "/home/brusc/Projects/random_forest/datasets/dataset_rgb_clean/original",
    "area_name": "popolar",
    "total_images": 121,
    "classes": {
      "low_veg": 41,
      "trees": 40,
      "water": 40
    },
    "image_shape": [
      3,
      128,
      128
    ],
    "total_features_available": 486,
    "feature_method": "wst",
    "dataset_type": "original",
    "k_features": 20
  },
  "feature_selection": {
    "method": "SelectKBest_k20",
    "num_features": 20,
    "selected_features": [
      "R_wst_mean_0",
      "R_wst_mean_1",
      "R_wst_mean_7",
      "R_wst_mean_8",
      "R_wst_mean_9",
      "R_wst_mean_10",
      "R_wst_mean_15",
      "R_wst_mean_16",
      "R_wst_mean_17",
      "R_wst_mean_69",
      "R_wst_mean_71",
      "R_wst_mean_73",
      "R_wst_std_0",
      "G_wst_mean_1",
      "G_wst_mean_9",
      "G_wst_mean_10",
      "G_wst_mean_16",
      "G_wst_std_0",
      "B_wst_mean_0",
      "B_wst_std_0"
    ],
    "feature_scores": [
      0.842254621695929,
      0.9032215085604858,
      0.8342677384338912,
      0.8944708044220813,
      0.9216997967337184,
      0.910518049188334,
      0.8529054138897485,
      0.9547489101547326,
      0.8295213803404895,
      0.8244433766831805,
      0.8290397464160664,
      0.8318318796741464,
      0.9254254681502654,
      0.8984660401321931,
      0.9051643120164152,
      0.883242971190116,
      0.8899900464289263,
      0.903572083802705,
      0.8989930425268502,
      0.8671291116822404
    ]
  },
  "performance": {
    "test_accuracy": 0.92,
    "cv_mean_accuracy": 0.9833333333333332,
    "cv_std_accuracy": 0.03333333333333335,
    "cv_scores": [
      1.0,
      1.0,
      1.0,
      0.9166666666666666,
      1.0
    ],
    "classification_report": {
      "low_veg": {
        "precision": 0.8888888888888888,
        "recall": 0.8888888888888888,
        "f1-score": 0.8888888888888888,
        "support": 9.0
      },
      "trees": {
        "precision": 1.0,
        "recall": 1.0,
        "f1-score": 1.0,
        "support": 8.0
      },
      "water": {
        "precision": 0.875,
        "recall": 0.875,
        "f1-score": 0.875,
        "support": 8.0
      },
      "accuracy": 0.92,
      "macro avg": {
        "precision": 0.9212962962962963,
        "recall": 0.9212962962962963,
        "f1-score": 0.9212962962962963,
        "support": 25.0
      },
      "weighted avg": {
        "precision": 0.92,
        "recall": 0.92,
        "f1-score": 0.92,
        "support": 25.0
      }
    },
    "confusion_matrix": [
      [
        8,
        0,
        1
      ],
      [
        0,
        8,
        0
      ],
      [
        1,
        0,
        7
      ]
    ]
  },
  "model_files": {
    "trained_model": "trained_model.joblib",
    "scaler": "scaler.joblib",
    "feature_selector": "feature_selector.joblib",
    "feature_names": "feature_names.json"
  },
  "timestamp": "2025-07-21T18:51:46.536823"
}