{
  "experiment_name": "wst_sunset_k20_WithModel",
  "config": {
    "dataset_path": "/home/brusc/Projects/random_forest/datasets/dataset_rgb_gaussian_30/small",
    "area_name": "sunset",
    "feature_method": "wst",
    "k_features": 20,
    "output_dir": "/home/brusc/Projects/random_forest/experiments_organized/gaussian_output/rgb_gaussian30/sunset/small/k20/wst",
    "n_estimators": 10,
    "test_size": 0.2,
    "random_state": 42,
    "cv_folds": 5
  },
  "dataset_info": {
    "data_directory": "/home/brusc/Projects/random_forest/datasets/dataset_rgb_gaussian_30/small",
    "area_name": "sunset",
    "total_images": 45,
    "classes": {
      "garden": 15,
      "low_veg": 15,
      "trees": 15
    },
    "image_shape": [
      3,
      128,
      128
    ],
    "total_features_available": 486,
    "feature_method": "wst",
    "dataset_type": "small",
    "k_features": 20
  },
  "feature_selection": {
    "method": "SelectKBest_k20",
    "num_features": 20,
    "selected_features": [
      "R_wst_std_0",
      "G_wst_std_0",
      "B_wst_mean_0",
      "B_wst_mean_1",
      "B_wst_mean_3",
      "B_wst_mean_6",
      "B_wst_mean_9",
      "B_wst_mean_10",
      "B_wst_mean_11",
      "B_wst_mean_13",
      "B_wst_mean_16",
      "B_wst_mean_32",
      "B_wst_mean_34",
      "B_wst_mean_35",
      "B_wst_mean_36",
      "B_wst_mean_43",
      "B_wst_mean_49",
      "B_wst_mean_75",
      "B_wst_std_0",
      "B_wst_std_24"
    ],
    "feature_scores": [
      0.740568422536281,
      0.7314535237233968,
      0.5620506223884663,
      0.5750210453621336,
      0.5563076770621875,
      0.5530889821768259,
      0.5369788278946286,
      0.6520481860984246,
      0.5458932149810589,
      0.5830650873142214,
      0.5997380121591895,
      0.5562738066116504,
      0.5063197814486466,
      0.5073180578635903,
      0.5215191972260194,
      0.5686134625500021,
      0.6541943901101912,
      0.56598771684122,
      0.5232055193243852,
      0.5636327025692425
    ]
  },
  "performance": {
    "test_accuracy": 0.8888888888888888,
    "cv_mean_accuracy": 0.9333333333333332,
    "cv_std_accuracy": 0.054433105395181765,
    "cv_scores": [
      1.0,
      0.8888888888888888,
      0.8888888888888888,
      1.0,
      0.8888888888888888
    ],
    "classification_report": {
      "garden": {
        "precision": 1.0,
        "recall": 1.0,
        "f1-score": 1.0,
        "support": 3.0
      },
      "low_veg": {
        "precision": 0.75,
        "recall": 1.0,
        "f1-score": 0.8571428571428571,
        "support": 3.0
      },
      "trees": {
        "precision": 1.0,
        "recall": 0.6666666666666666,
        "f1-score": 0.8,
        "support": 3.0
      },
      "accuracy": 0.8888888888888888,
      "macro avg": {
        "precision": 0.9166666666666666,
        "recall": 0.8888888888888888,
        "f1-score": 0.8857142857142858,
        "support": 9.0
      },
      "weighted avg": {
        "precision": 0.9166666666666666,
        "recall": 0.8888888888888888,
        "f1-score": 0.8857142857142857,
        "support": 9.0
      }
    },
    "confusion_matrix": [
      [
        3,
        0,
        0
      ],
      [
        0,
        3,
        0
      ],
      [
        0,
        1,
        2
      ]
    ]
  },
  "model_files": {
    "trained_model": "trained_model.joblib",
    "scaler": "scaler.joblib",
    "feature_selector": "feature_selector.joblib",
    "feature_names": "feature_names.json"
  },
  "timestamp": "2025-07-21T19:25:48.791021"
}