{
  "experiment_name": "hybrid_popolar_k20_WithModel",
  "config": {
    "dataset_path": "/home/brusc/Projects/random_forest/datasets/dataset_rgb_salt_and_pepper_25/original",
    "area_name": "popolar",
    "feature_method": "hybrid",
    "k_features": 20,
    "output_dir": "/home/brusc/Projects/random_forest/experiments_organized_2/salt_and_pepper_output/dataset_rgb_salt_and_pepper_25/popolar/original/k20/hybrid",
    "n_estimators": 50,
    "test_size": 0.2,
    "random_state": 42,
    "cv_folds": 5
  },
  "dataset_info": {
    "data_directory": "/home/brusc/Projects/random_forest/datasets/dataset_rgb_salt_and_pepper_25/original",
    "area_name": "popolar",
    "total_images": 121,
    "classes": {
      "low_veg": 41,
      "trees": 40,
      "water": 40
    },
    "image_shape": [
      3,
      128,
      128
    ],
    "total_features_available": 540,
    "feature_method": "hybrid",
    "dataset_type": "original",
    "k_features": 20
  },
  "feature_selection": {
    "method": "SelectKBest_k20",
    "num_features": 20,
    "selected_features": [
      "R_mean",
      "R_skew",
      "R_cv",
      "R_p50",
      "G_skew",
      "G_kurt",
      "G_cv",
      "G_p50",
      "B_mean",
      "B_skew",
      "B_kurt",
      "B_cv",
      "B_p50",
      "B_p75",
      "B_iqr",
      "R_wst_mean_0",
      "R_wst_std_0",
      "G_wst_std_0",
      "B_wst_mean_0",
      "B_wst_std_0"
    ],
    "feature_scores": [
      0.8742958388487063,
      0.8623325155178416,
      0.9280439311569753,
      0.8660565332300385,
      0.5781932055313941,
      0.5364582535545419,
      0.6347708680644548,
      0.5986001460646007,
      0.8945578346460903,
      0.9043887761535478,
      0.593524570097268,
      0.9202793459793213,
      0.9245397848854231,
      0.5341424367969669,
      0.5488028223251211,
      0.8606683828005657,
      0.717674743571572,
      0.7438166553693462,
      0.8879921369575658,
      0.5820673796015192
    ]
  },
  "performance": {
    "test_accuracy": 0.92,
    "cv_mean_accuracy": 0.9333333333333332,
    "cv_std_accuracy": 0.056519416526043906,
    "cv_scores": [
      1.0,
      0.9166666666666666,
      0.875,
      0.875,
      1.0
    ],
    "classification_report": {
      "low_veg": {
        "precision": 1.0,
        "recall": 0.7777777777777778,
        "f1-score": 0.875,
        "support": 9.0
      },
      "trees": {
        "precision": 0.8888888888888888,
        "recall": 1.0,
        "f1-score": 0.9411764705882353,
        "support": 8.0
      },
      "water": {
        "precision": 0.8888888888888888,
        "recall": 1.0,
        "f1-score": 0.9411764705882353,
        "support": 8.0
      },
      "accuracy": 0.92,
      "macro avg": {
        "precision": 0.9259259259259259,
        "recall": 0.9259259259259259,
        "f1-score": 0.9191176470588235,
        "support": 25.0
      },
      "weighted avg": {
        "precision": 0.9288888888888889,
        "recall": 0.92,
        "f1-score": 0.9173529411764706,
        "support": 25.0
      }
    },
    "confusion_matrix": [
      [
        7,
        1,
        1
      ],
      [
        0,
        8,
        0
      ],
      [
        0,
        0,
        8
      ]
    ]
  },
  "model_files": {
    "trained_model": "trained_model.joblib",
    "scaler": "scaler.joblib",
    "feature_selector": "feature_selector.joblib",
    "feature_names": "feature_names.json"
  },
  "timestamp": "2025-07-22T16:38:28.940813"
}