{
  "experiment_name": "hybrid_popolar_k10_WithModel",
  "config": {
    "dataset_path": "/home/brusc/Projects/random_forest/datasets/dataset_rgb_salt_and_pepper_25/small",
    "area_name": "popolar",
    "feature_method": "hybrid",
    "k_features": 10,
    "output_dir": "/home/brusc/Projects/random_forest/experiments_organized_2/salt_and_pepper_output/dataset_rgb_salt_and_pepper_25/popolar/small/k10/hybrid",
    "n_estimators": 10,
    "test_size": 0.2,
    "random_state": 42,
    "cv_folds": 5
  },
  "dataset_info": {
    "data_directory": "/home/brusc/Projects/random_forest/datasets/dataset_rgb_salt_and_pepper_25/small",
    "area_name": "popolar",
    "total_images": 45,
    "classes": {
      "low_veg": 15,
      "trees": 15,
      "water": 15
    },
    "image_shape": [
      3,
      128,
      128
    ],
    "total_features_available": 540,
    "feature_method": "hybrid",
    "dataset_type": "small",
    "k_features": 10
  },
  "feature_selection": {
    "method": "SelectKBest_k10",
    "num_features": 10,
    "selected_features": [
      "R_skew",
      "R_cv",
      "R_p50",
      "G_p50",
      "B_mean",
      "B_skew",
      "B_cv",
      "B_p50",
      "G_wst_std_0",
      "B_wst_mean_0"
    ],
    "feature_scores": [
      0.7872931778963845,
      0.772223186159726,
      0.8047719337084736,
      0.786425015877215,
      0.8149609857602709,
      0.818092298891584,
      0.8416934905639901,
      0.7769205693865211,
      0.7737393860092592,
      0.8168128376121229
    ]
  },
  "performance": {
    "test_accuracy": 0.5555555555555556,
    "cv_mean_accuracy": 0.8666666666666666,
    "cv_std_accuracy": 0.10886621079036346,
    "cv_scores": [
      0.7777777777777778,
      0.7777777777777778,
      1.0,
      1.0,
      0.7777777777777778
    ],
    "classification_report": {
      "low_veg": {
        "precision": 0.3333333333333333,
        "recall": 0.3333333333333333,
        "f1-score": 0.3333333333333333,
        "support": 3.0
      },
      "trees": {
        "precision": 1.0,
        "recall": 0.3333333333333333,
        "f1-score": 0.5,
        "support": 3.0
      },
      "water": {
        "precision": 0.6,
        "recall": 1.0,
        "f1-score": 0.75,
        "support": 3.0
      },
      "accuracy": 0.5555555555555556,
      "macro avg": {
        "precision": 0.6444444444444444,
        "recall": 0.5555555555555555,
        "f1-score": 0.5277777777777778,
        "support": 9.0
      },
      "weighted avg": {
        "precision": 0.6444444444444444,
        "recall": 0.5555555555555556,
        "f1-score": 0.5277777777777778,
        "support": 9.0
      }
    },
    "confusion_matrix": [
      [
        1,
        0,
        2
      ],
      [
        2,
        1,
        0
      ],
      [
        0,
        0,
        3
      ]
    ]
  },
  "model_files": {
    "trained_model": "trained_model.joblib",
    "scaler": "scaler.joblib",
    "feature_selector": "feature_selector.joblib",
    "feature_names": "feature_names.json"
  },
  "timestamp": "2025-07-22T15:46:36.029962"
}