{
  "experiment_name": "wst_popolar_k20_WithModel",
  "config": {
    "dataset_path": "/home/brusc/Projects/random_forest/datasets/dataset_rgb_uniform_25/original",
    "area_name": "popolar",
    "feature_method": "wst",
    "k_features": 20,
    "output_dir": "/home/brusc/Projects/random_forest/experiments_organized/uniform_output/dataset_rgb_uniform_25/popolar/original/k20/wst",
    "n_estimators": 50,
    "test_size": 0.2,
    "random_state": 42,
    "cv_folds": 5
  },
  "dataset_info": {
    "data_directory": "/home/brusc/Projects/random_forest/datasets/dataset_rgb_uniform_25/original",
    "area_name": "popolar",
    "total_images": 121,
    "classes": {
      "low_veg": 41,
      "trees": 40,
      "water": 40
    },
    "image_shape": [
      3,
      128,
      128
    ],
    "total_features_available": 486,
    "feature_method": "wst",
    "dataset_type": "original",
    "k_features": 20
  },
  "feature_selection": {
    "method": "SelectKBest_k20",
    "num_features": 20,
    "selected_features": [
      "R_wst_mean_0",
      "R_wst_mean_9",
      "R_wst_mean_10",
      "R_wst_mean_14",
      "R_wst_mean_15",
      "R_wst_mean_16",
      "R_wst_std_0",
      "R_wst_std_14",
      "G_wst_mean_4",
      "G_wst_mean_6",
      "G_wst_mean_7",
      "G_wst_mean_9",
      "G_wst_mean_10",
      "G_wst_mean_14",
      "G_wst_mean_15",
      "G_wst_mean_16",
      "G_wst_std_0",
      "B_wst_mean_0",
      "B_wst_mean_9",
      "B_wst_std_0"
    ],
    "feature_scores": [
      0.8390840697285855,
      0.8094034890713335,
      0.8157988072948092,
      0.7262482450061001,
      0.8201582563856635,
      0.8337707540377719,
      0.9534815030244821,
      0.7346752760384909,
      0.7164646474234595,
      0.7473982038626703,
      0.7308336134964912,
      0.8351391793723049,
      0.7714506631178422,
      0.7559332137515298,
      0.7737562801951601,
      0.8908015593636773,
      0.9568727848415526,
      0.900973591821449,
      0.7188177269304581,
      0.8777314580459223
    ]
  },
  "performance": {
    "test_accuracy": 0.92,
    "cv_mean_accuracy": 0.9833333333333332,
    "cv_std_accuracy": 0.03333333333333335,
    "cv_scores": [
      1.0,
      1.0,
      1.0,
      0.9166666666666666,
      1.0
    ],
    "classification_report": {
      "low_veg": {
        "precision": 0.8888888888888888,
        "recall": 0.8888888888888888,
        "f1-score": 0.8888888888888888,
        "support": 9.0
      },
      "trees": {
        "precision": 1.0,
        "recall": 1.0,
        "f1-score": 1.0,
        "support": 8.0
      },
      "water": {
        "precision": 0.875,
        "recall": 0.875,
        "f1-score": 0.875,
        "support": 8.0
      },
      "accuracy": 0.92,
      "macro avg": {
        "precision": 0.9212962962962963,
        "recall": 0.9212962962962963,
        "f1-score": 0.9212962962962963,
        "support": 25.0
      },
      "weighted avg": {
        "precision": 0.92,
        "recall": 0.92,
        "f1-score": 0.92,
        "support": 25.0
      }
    },
    "confusion_matrix": [
      [
        8,
        0,
        1
      ],
      [
        0,
        8,
        0
      ],
      [
        1,
        0,
        7
      ]
    ]
  },
  "model_files": {
    "trained_model": "trained_model.joblib",
    "scaler": "scaler.joblib",
    "feature_selector": "feature_selector.joblib",
    "feature_names": "feature_names.json"
  },
  "timestamp": "2025-07-22T05:08:04.375111"
}