{
  "experiment_name": "hybrid_popolar_k20_WithModel",
  "config": {
    "dataset_path": "/home/brusc/Projects/random_forest/datasets/dataset_rgb_speckle_55/small",
    "area_name": "popolar",
    "feature_method": "hybrid",
    "k_features": 20,
    "output_dir": "/home/brusc/Projects/random_forest/experiments_organized/speckle_output/dataset_rgb_speckle_55/popolar/small/k20/hybrid",
    "n_estimators": 10,
    "test_size": 0.2,
    "random_state": 42,
    "cv_folds": 5
  },
  "dataset_info": {
    "data_directory": "/home/brusc/Projects/random_forest/datasets/dataset_rgb_speckle_55/small",
    "area_name": "popolar",
    "total_images": 45,
    "classes": {
      "low_veg": 15,
      "trees": 15,
      "water": 15
    },
    "image_shape": [
      3,
      128,
      128
    ],
    "total_features_available": 540,
    "feature_method": "hybrid",
    "dataset_type": "small",
    "k_features": 20
  },
  "feature_selection": {
    "method": "SelectKBest_k20",
    "num_features": 20,
    "selected_features": [
      "R_cv",
      "B_skew",
      "B_cv",
      "B_p10",
      "B_p25",
      "B_p50",
      "R_wst_mean_4",
      "R_wst_mean_6",
      "R_wst_std_0",
      "G_wst_mean_76",
      "G_wst_std_0",
      "B_wst_mean_0",
      "B_wst_mean_2",
      "B_wst_mean_3",
      "B_wst_mean_4",
      "B_wst_mean_7",
      "B_wst_mean_30",
      "B_wst_mean_37",
      "B_wst_mean_62",
      "B_wst_std_0"
    ],
    "feature_scores": [
      0.8603583534615598,
      0.8751352650031774,
      0.9164162588822107,
      0.89280777767569,
      0.8844144952137802,
      0.8692629800622651,
      0.8734202606901338,
      0.8671600394299126,
      1.0522217678249741,
      0.8653974810006873,
      0.9736236375601772,
      0.8581518689511543,
      0.9068818517497639,
      0.8627123085115933,
      0.8703746334778399,
      0.9404786253465376,
      0.8630416269781667,
      0.8549634705666769,
      0.8735807892976943,
      0.953294008631852
    ]
  },
  "performance": {
    "test_accuracy": 0.7777777777777778,
    "cv_mean_accuracy": 0.9333333333333332,
    "cv_std_accuracy": 0.08888888888888889,
    "cv_scores": [
      0.7777777777777778,
      1.0,
      0.8888888888888888,
      1.0,
      1.0
    ],
    "classification_report": {
      "low_veg": {
        "precision": 0.6666666666666666,
        "recall": 0.6666666666666666,
        "f1-score": 0.6666666666666666,
        "support": 3.0
      },
      "trees": {
        "precision": 1.0,
        "recall": 0.6666666666666666,
        "f1-score": 0.8,
        "support": 3.0
      },
      "water": {
        "precision": 0.75,
        "recall": 1.0,
        "f1-score": 0.8571428571428571,
        "support": 3.0
      },
      "accuracy": 0.7777777777777778,
      "macro avg": {
        "precision": 0.8055555555555555,
        "recall": 0.7777777777777777,
        "f1-score": 0.7746031746031746,
        "support": 9.0
      },
      "weighted avg": {
        "precision": 0.8055555555555556,
        "recall": 0.7777777777777778,
        "f1-score": 0.7746031746031746,
        "support": 9.0
      }
    },
    "confusion_matrix": [
      [
        2,
        0,
        1
      ],
      [
        1,
        2,
        0
      ],
      [
        0,
        0,
        3
      ]
    ]
  },
  "model_files": {
    "trained_model": "trained_model.joblib",
    "scaler": "scaler.joblib",
    "feature_selector": "feature_selector.joblib",
    "feature_names": "feature_names.json"
  },
  "timestamp": "2025-07-22T03:06:07.455185"
}