{
  "experiment_name": "wst_popolar_k20_WithModel",
  "config": {
    "dataset_path": "/home/brusc/Projects/random_forest/datasets/dataset_rgb_clean/mini",
    "area_name": "popolar",
    "feature_method": "wst",
    "k_features": 20,
    "output_dir": "/home/brusc/Projects/random_forest/experiments_organized/gaussian_output/rgb_clean/popolar/mini/k20/wst",
    "n_estimators": 3,
    "test_size": 0.2,
    "random_state": 42,
    "cv_folds": 5
  },
  "dataset_info": {
    "data_directory": "/home/brusc/Projects/random_forest/datasets/dataset_rgb_clean/mini",
    "area_name": "popolar",
    "total_images": 15,
    "classes": {
      "low_veg": 5,
      "trees": 5,
      "water": 5
    },
    "image_shape": [
      3,
      128,
      128
    ],
    "total_features_available": 486,
    "feature_method": "wst",
    "dataset_type": "mini",
    "k_features": 20
  },
  "feature_selection": {
    "method": "SelectKBest_k20",
    "num_features": 20,
    "selected_features": [
      "R_wst_mean_8",
      "R_wst_mean_9",
      "R_wst_mean_10",
      "R_wst_mean_46",
      "R_wst_mean_49",
      "R_wst_mean_63",
      "R_wst_mean_66",
      "R_wst_mean_69",
      "R_wst_mean_70",
      "G_wst_mean_1",
      "G_wst_mean_2",
      "G_wst_mean_8",
      "G_wst_mean_9",
      "G_wst_mean_15",
      "G_wst_mean_16",
      "G_wst_mean_39",
      "G_wst_mean_70",
      "G_wst_mean_78",
      "G_wst_std_0",
      "B_wst_mean_0"
    ],
    "feature_scores": [
      0.8489961889961894,
      0.8440755540755549,
      0.8782289932289937,
      0.8820385170385174,
      0.8425147075147077,
      0.886403596403597,
      0.8402371702371707,
      0.8542607392607398,
      0.9153718503718509,
      0.8640755540755543,
      0.8669591519591524,
      0.8381496281496283,
      0.8829644429644434,
      0.8641813741813744,
      0.9107422207422213,
      0.8542607392607395,
      0.848705183705184,
      0.852594072594073,
      0.8593401043401048,
      0.9459274059274065
    ]
  },
  "performance": {
    "test_accuracy": 0.6666666666666666,
    "cv_mean_accuracy": 0.8,
    "cv_std_accuracy": 0.26666666666666666,
    "cv_scores": [
      0.6666666666666666,
      1.0,
      0.3333333333333333,
      1.0,
      1.0
    ],
    "classification_report": {
      "low_veg": {
        "precision": 0.0,
        "recall": 0.0,
        "f1-score": 0.0,
        "support": 1.0
      },
      "trees": {
        "precision": 0.5,
        "recall": 1.0,
        "f1-score": 0.6666666666666666,
        "support": 1.0
      },
      "water": {
        "precision": 1.0,
        "recall": 1.0,
        "f1-score": 1.0,
        "support": 1.0
      },
      "accuracy": 0.6666666666666666,
      "macro avg": {
        "precision": 0.5,
        "recall": 0.6666666666666666,
        "f1-score": 0.5555555555555555,
        "support": 3.0
      },
      "weighted avg": {
        "precision": 0.5,
        "recall": 0.6666666666666666,
        "f1-score": 0.5555555555555555,
        "support": 3.0
      }
    },
    "confusion_matrix": [
      [
        0,
        1,
        0
      ],
      [
        0,
        1,
        0
      ],
      [
        0,
        0,
        1
      ]
    ]
  },
  "model_files": {
    "trained_model": "trained_model.joblib",
    "scaler": "scaler.joblib",
    "feature_selector": "feature_selector.joblib",
    "feature_names": "feature_names.json"
  },
  "timestamp": "2025-07-21T18:16:41.833683"
}