{
  "experiment_name": "wst_assatigue_k20_WithModel",
  "config": {
    "dataset_path": "/home/brusc/Projects/random_forest/datasets/dataset_rgb_salt_and_pepper_25/original",
    "area_name": "assatigue",
    "feature_method": "wst",
    "k_features": 20,
    "output_dir": "/home/brusc/Projects/random_forest/experiments_organized_2/salt_and_pepper_output/dataset_rgb_salt_and_pepper_25/assatigue/original/k20/wst",
    "n_estimators": 50,
    "test_size": 0.2,
    "random_state": 42,
    "cv_folds": 5
  },
  "dataset_info": {
    "data_directory": "/home/brusc/Projects/random_forest/datasets/dataset_rgb_salt_and_pepper_25/original",
    "area_name": "assatigue",
    "total_images": 116,
    "classes": {
      "low_veg": 40,
      "water": 40,
      "trees": 36
    },
    "image_shape": [
      3,
      128,
      128
    ],
    "total_features_available": 486,
    "feature_method": "wst",
    "dataset_type": "original",
    "k_features": 20
  },
  "feature_selection": {
    "method": "SelectKBest_k20",
    "num_features": 20,
    "selected_features": [
      "R_wst_mean_0",
      "R_wst_mean_1",
      "R_wst_std_0",
      "G_wst_mean_0",
      "G_wst_mean_1",
      "G_wst_mean_2",
      "G_wst_mean_3",
      "G_wst_mean_4",
      "G_wst_mean_5",
      "G_wst_mean_6",
      "G_wst_mean_7",
      "G_wst_mean_8",
      "G_wst_std_0",
      "B_wst_mean_0",
      "B_wst_mean_69",
      "B_wst_mean_70",
      "B_wst_std_0",
      "B_wst_std_6",
      "B_wst_std_7",
      "B_wst_std_53"
    ],
    "feature_scores": [
      0.655731686501053,
      0.35057777620693953,
      0.7607031651967155,
      0.6432363872600642,
      0.4120271734320362,
      0.40014265262366466,
      0.38462922257812715,
      0.29456870125071855,
      0.3608689830020315,
      0.29525525572012357,
      0.3309303563615176,
      0.36671278892535564,
      0.6700434292179056,
      0.6720966038596303,
      0.2730087255851681,
      0.29843010114539736,
      0.43652875659661516,
      0.37800618642876405,
      0.27626485288005576,
      0.2695887002755466
    ]
  },
  "performance": {
    "test_accuracy": 0.7916666666666666,
    "cv_mean_accuracy": 0.8880434782608695,
    "cv_std_accuracy": 0.034303769213172804,
    "cv_scores": [
      0.875,
      0.9130434782608695,
      0.8260869565217391,
      0.9130434782608695,
      0.9130434782608695
    ],
    "classification_report": {
      "low_veg": {
        "precision": 0.7142857142857143,
        "recall": 0.625,
        "f1-score": 0.6666666666666666,
        "support": 8.0
      },
      "trees": {
        "precision": 1.0,
        "recall": 1.0,
        "f1-score": 1.0,
        "support": 8.0
      },
      "water": {
        "precision": 0.6666666666666666,
        "recall": 0.75,
        "f1-score": 0.7058823529411765,
        "support": 8.0
      },
      "accuracy": 0.7916666666666666,
      "macro avg": {
        "precision": 0.7936507936507936,
        "recall": 0.7916666666666666,
        "f1-score": 0.7908496732026143,
        "support": 24.0
      },
      "weighted avg": {
        "precision": 0.7936507936507936,
        "recall": 0.7916666666666666,
        "f1-score": 0.7908496732026143,
        "support": 24.0
      }
    },
    "confusion_matrix": [
      [
        5,
        0,
        3
      ],
      [
        0,
        8,
        0
      ],
      [
        2,
        0,
        6
      ]
    ]
  },
  "model_files": {
    "trained_model": "trained_model.joblib",
    "scaler": "scaler.joblib",
    "feature_selector": "feature_selector.joblib",
    "feature_names": "feature_names.json"
  },
  "timestamp": "2025-07-22T16:05:21.997056"
}