{
  "experiment_name": "hybrid_popolar_k20_WithModel",
  "config": {
    "dataset_path": "/home/brusc/Projects/random_forest/datasets/dataset_rgb_clean/mini",
    "area_name": "popolar",
    "feature_method": "hybrid",
    "k_features": 20,
    "output_dir": "/home/brusc/Projects/random_forest/experiments_organized/gaussian_output/rgb_clean/popolar/mini/k20/hybrid",
    "n_estimators": 3,
    "test_size": 0.2,
    "random_state": 42,
    "cv_folds": 5
  },
  "dataset_info": {
    "data_directory": "/home/brusc/Projects/random_forest/datasets/dataset_rgb_clean/mini",
    "area_name": "popolar",
    "total_images": 15,
    "classes": {
      "low_veg": 5,
      "trees": 5,
      "water": 5
    },
    "image_shape": [
      3,
      128,
      128
    ],
    "total_features_available": 540,
    "feature_method": "hybrid",
    "dataset_type": "mini",
    "k_features": 20
  },
  "feature_selection": {
    "method": "SelectKBest_k20",
    "num_features": 20,
    "selected_features": [
      "R_min",
      "R_max",
      "R_p10",
      "R_iqr",
      "R_mad",
      "G_min",
      "G_max",
      "G_range",
      "G_iqr",
      "G_mad",
      "B_mean",
      "B_min",
      "B_max",
      "B_p10",
      "B_p25",
      "R_wst_mean_69",
      "G_wst_mean_2",
      "G_wst_mean_9",
      "G_wst_mean_15",
      "B_wst_mean_0"
    ],
    "feature_scores": [
      0.9620385170385173,
      1.0301578051578058,
      0.9514829614829619,
      0.9092607392607397,
      0.9382289932289938,
      0.9398162948162949,
      1.1518244718244726,
      0.917594072594073,
      1.0473800273800278,
      0.9237051837051842,
      1.003705183705184,
      1.2002924852924859,
      1.2942111592111596,
      1.0571178821178826,
      0.917594072594073,
      0.9153718503718511,
      0.9114035964035969,
      0.9218533318533324,
      0.9169591519591525,
      0.9070385170385176
    ]
  },
  "performance": {
    "test_accuracy": 1.0,
    "cv_mean_accuracy": 0.8666666666666666,
    "cv_std_accuracy": 0.16329931618554522,
    "cv_scores": [
      1.0,
      1.0,
      0.6666666666666666,
      0.6666666666666666,
      1.0
    ],
    "classification_report": {
      "low_veg": {
        "precision": 1.0,
        "recall": 1.0,
        "f1-score": 1.0,
        "support": 1.0
      },
      "trees": {
        "precision": 1.0,
        "recall": 1.0,
        "f1-score": 1.0,
        "support": 1.0
      },
      "water": {
        "precision": 1.0,
        "recall": 1.0,
        "f1-score": 1.0,
        "support": 1.0
      },
      "accuracy": 1.0,
      "macro avg": {
        "precision": 1.0,
        "recall": 1.0,
        "f1-score": 1.0,
        "support": 3.0
      },
      "weighted avg": {
        "precision": 1.0,
        "recall": 1.0,
        "f1-score": 1.0,
        "support": 3.0
      }
    },
    "confusion_matrix": [
      [
        1,
        0,
        0
      ],
      [
        0,
        1,
        0
      ],
      [
        0,
        0,
        1
      ]
    ]
  },
  "model_files": {
    "trained_model": "trained_model.joblib",
    "scaler": "scaler.joblib",
    "feature_selector": "feature_selector.joblib",
    "feature_names": "feature_names.json"
  },
  "timestamp": "2025-07-21T18:17:46.507806"
}