{
  "experiment_name": "hybrid_sunset_k20_WithModel",
  "config": {
    "dataset_path": "/home/brusc/Projects/random_forest/datasets/dataset_rgb_uniform_10/mini",
    "area_name": "sunset",
    "feature_method": "hybrid",
    "k_features": 20,
    "output_dir": "/home/brusc/Projects/random_forest/experiments_organized/uniform_output/dataset_rgb_uniform_10/sunset/mini/k20/hybrid",
    "n_estimators": 3,
    "test_size": 0.2,
    "random_state": 42,
    "cv_folds": 5
  },
  "dataset_info": {
    "data_directory": "/home/brusc/Projects/random_forest/datasets/dataset_rgb_uniform_10/mini",
    "area_name": "sunset",
    "total_images": 15,
    "classes": {
      "garden": 5,
      "low_veg": 5,
      "trees": 5
    },
    "image_shape": [
      3,
      128,
      128
    ],
    "total_features_available": 540,
    "feature_method": "hybrid",
    "dataset_type": "mini",
    "k_features": 20
  },
  "feature_selection": {
    "method": "SelectKBest_k20",
    "num_features": 20,
    "selected_features": [
      "G_grad_mean",
      "B_min",
      "R_wst_mean_11",
      "R_wst_mean_43",
      "R_wst_std_3",
      "R_wst_std_11",
      "G_wst_mean_11",
      "G_wst_mean_13",
      "G_wst_mean_25",
      "G_wst_mean_34",
      "G_wst_mean_45",
      "G_wst_std_3",
      "G_wst_std_10",
      "G_wst_std_11",
      "G_wst_std_26",
      "G_wst_std_36",
      "G_wst_std_37",
      "G_wst_std_45",
      "G_wst_std_51",
      "B_wst_mean_46"
    ],
    "feature_scores": [
      1.0348956598956605,
      1.3183300033300038,
      1.0731496281496287,
      1.0126734376734383,
      1.0271178821178826,
      1.0382289932289936,
      1.060451215451216,
      1.0351866651866657,
      1.006482961482962,
      1.0225147075147079,
      1.0793401043401047,
      1.0404512154512158,
      1.0160067710067715,
      1.0048956598956602,
      1.0293401043401047,
      1.0793401043401047,
      1.006482961482962,
      1.0348956598956605,
      0.9937845487845494,
      1.0548956598956603
    ]
  },
  "performance": {
    "test_accuracy": 1.0,
    "cv_mean_accuracy": 0.8666666666666666,
    "cv_std_accuracy": 0.16329931618554522,
    "cv_scores": [
      0.6666666666666666,
      0.6666666666666666,
      1.0,
      1.0,
      1.0
    ],
    "classification_report": {
      "garden": {
        "precision": 1.0,
        "recall": 1.0,
        "f1-score": 1.0,
        "support": 1.0
      },
      "low_veg": {
        "precision": 1.0,
        "recall": 1.0,
        "f1-score": 1.0,
        "support": 1.0
      },
      "trees": {
        "precision": 1.0,
        "recall": 1.0,
        "f1-score": 1.0,
        "support": 1.0
      },
      "accuracy": 1.0,
      "macro avg": {
        "precision": 1.0,
        "recall": 1.0,
        "f1-score": 1.0,
        "support": 3.0
      },
      "weighted avg": {
        "precision": 1.0,
        "recall": 1.0,
        "f1-score": 1.0,
        "support": 3.0
      }
    },
    "confusion_matrix": [
      [
        1,
        0,
        0
      ],
      [
        0,
        1,
        0
      ],
      [
        0,
        0,
        1
      ]
    ]
  },
  "model_files": {
    "trained_model": "trained_model.joblib",
    "scaler": "scaler.joblib",
    "feature_selector": "feature_selector.joblib",
    "feature_names": "feature_names.json"
  },
  "timestamp": "2025-07-22T03:48:13.567815"
}