{
  "experiment_name": "wst_popolar_k20_WithModel",
  "config": {
    "dataset_path": "/home/brusc/Projects/random_forest/datasets/dataset_rgb_uniform_40/small",
    "area_name": "popolar",
    "feature_method": "wst",
    "k_features": 20,
    "output_dir": "/home/brusc/Projects/random_forest/experiments_organized/uniform_output/dataset_rgb_uniform_40/popolar/small/k20/wst",
    "n_estimators": 10,
    "test_size": 0.2,
    "random_state": 42,
    "cv_folds": 5
  },
  "dataset_info": {
    "data_directory": "/home/brusc/Projects/random_forest/datasets/dataset_rgb_uniform_40/small",
    "area_name": "popolar",
    "total_images": 45,
    "classes": {
      "low_veg": 15,
      "trees": 15,
      "water": 15
    },
    "image_shape": [
      3,
      128,
      128
    ],
    "total_features_available": 486,
    "feature_method": "wst",
    "dataset_type": "small",
    "k_features": 20
  },
  "feature_selection": {
    "method": "SelectKBest_k20",
    "num_features": 20,
    "selected_features": [
      "R_wst_mean_0",
      "R_wst_mean_9",
      "R_wst_mean_10",
      "R_wst_mean_11",
      "R_wst_mean_15",
      "R_wst_mean_16",
      "R_wst_std_0",
      "R_wst_std_12",
      "R_wst_std_13",
      "R_wst_std_16",
      "G_wst_mean_9",
      "G_wst_mean_10",
      "G_wst_mean_11",
      "G_wst_mean_15",
      "G_wst_mean_16",
      "G_wst_std_0",
      "G_wst_std_16",
      "B_wst_mean_0",
      "B_wst_mean_16",
      "B_wst_std_0"
    ],
    "feature_scores": [
      0.762126986063526,
      0.8164022170054233,
      0.6896096885462282,
      0.6618786450798908,
      0.7789058245090308,
      0.8281516930196053,
      1.0086156208854937,
      0.7141519364218094,
      0.6688396996389845,
      0.6715072354437754,
      0.8020189459554856,
      0.6603203667569066,
      0.7817123915803039,
      0.7623000845699575,
      0.8396548285913681,
      1.0052029224727954,
      0.6985525358224092,
      0.7874477582470434,
      0.7507843780542511,
      0.89834783540873
    ]
  },
  "performance": {
    "test_accuracy": 0.7777777777777778,
    "cv_mean_accuracy": 0.9333333333333332,
    "cv_std_accuracy": 0.05443310539518176,
    "cv_scores": [
      0.8888888888888888,
      0.8888888888888888,
      1.0,
      1.0,
      0.8888888888888888
    ],
    "classification_report": {
      "low_veg": {
        "precision": 0.6666666666666666,
        "recall": 0.6666666666666666,
        "f1-score": 0.6666666666666666,
        "support": 3.0
      },
      "trees": {
        "precision": 1.0,
        "recall": 0.6666666666666666,
        "f1-score": 0.8,
        "support": 3.0
      },
      "water": {
        "precision": 0.75,
        "recall": 1.0,
        "f1-score": 0.8571428571428571,
        "support": 3.0
      },
      "accuracy": 0.7777777777777778,
      "macro avg": {
        "precision": 0.8055555555555555,
        "recall": 0.7777777777777777,
        "f1-score": 0.7746031746031746,
        "support": 9.0
      },
      "weighted avg": {
        "precision": 0.8055555555555556,
        "recall": 0.7777777777777778,
        "f1-score": 0.7746031746031746,
        "support": 9.0
      }
    },
    "confusion_matrix": [
      [
        2,
        0,
        1
      ],
      [
        1,
        2,
        0
      ],
      [
        0,
        0,
        3
      ]
    ]
  },
  "model_files": {
    "trained_model": "trained_model.joblib",
    "scaler": "scaler.joblib",
    "feature_selector": "feature_selector.joblib",
    "feature_names": "feature_names.json"
  },
  "timestamp": "2025-07-22T05:36:39.281987"
}