{
  "experiment_name": "wst_sunset_k20_WithModel",
  "config": {
    "dataset_path": "/home/brusc/Projects/random_forest/datasets/dataset_rgb_uniform_40/mini",
    "area_name": "sunset",
    "feature_method": "wst",
    "k_features": 20,
    "output_dir": "/home/brusc/Projects/random_forest/experiments_organized/uniform_output/dataset_rgb_uniform_40/sunset/mini/k20/wst",
    "n_estimators": 3,
    "test_size": 0.2,
    "random_state": 42,
    "cv_folds": 5
  },
  "dataset_info": {
    "data_directory": "/home/brusc/Projects/random_forest/datasets/dataset_rgb_uniform_40/mini",
    "area_name": "sunset",
    "total_images": 15,
    "classes": {
      "garden": 5,
      "low_veg": 5,
      "trees": 5
    },
    "image_shape": [
      3,
      128,
      128
    ],
    "total_features_available": 486,
    "feature_method": "wst",
    "dataset_type": "mini",
    "k_features": 20
  },
  "feature_selection": {
    "method": "SelectKBest_k20",
    "num_features": 20,
    "selected_features": [
      "R_wst_mean_10",
      "R_wst_mean_11",
      "R_wst_mean_12",
      "R_wst_mean_13",
      "R_wst_mean_14",
      "R_wst_std_0",
      "R_wst_std_11",
      "R_wst_std_12",
      "R_wst_std_13",
      "G_wst_mean_3",
      "G_wst_mean_4",
      "G_wst_mean_9",
      "G_wst_mean_10",
      "G_wst_mean_11",
      "G_wst_mean_12",
      "G_wst_mean_13",
      "G_wst_std_10",
      "G_wst_std_11",
      "G_wst_std_12",
      "B_wst_std_12"
    ],
    "feature_scores": [
      0.6606339956339962,
      0.8207422207422215,
      0.9502371702371706,
      0.885186665186666,
      0.6719591519591519,
      0.9026734376734382,
      0.9114035964035969,
      0.6406339956339959,
      0.8535705035705039,
      0.6460837310837313,
      0.678491138491139,
      0.9226734376734382,
      0.917594072594073,
      0.9898162948162952,
      1.0391260591260596,
      0.9057927257927263,
      0.7053718503718507,
      0.821824471824472,
      0.8835705035705042,
      0.7184670884670885
    ]
  },
  "performance": {
    "test_accuracy": 1.0,
    "cv_mean_accuracy": 0.9333333333333332,
    "cv_std_accuracy": 0.13333333333333336,
    "cv_scores": [
      0.6666666666666666,
      1.0,
      1.0,
      1.0,
      1.0
    ],
    "classification_report": {
      "garden": {
        "precision": 1.0,
        "recall": 1.0,
        "f1-score": 1.0,
        "support": 1.0
      },
      "low_veg": {
        "precision": 1.0,
        "recall": 1.0,
        "f1-score": 1.0,
        "support": 1.0
      },
      "trees": {
        "precision": 1.0,
        "recall": 1.0,
        "f1-score": 1.0,
        "support": 1.0
      },
      "accuracy": 1.0,
      "macro avg": {
        "precision": 1.0,
        "recall": 1.0,
        "f1-score": 1.0,
        "support": 3.0
      },
      "weighted avg": {
        "precision": 1.0,
        "recall": 1.0,
        "f1-score": 1.0,
        "support": 3.0
      }
    },
    "confusion_matrix": [
      [
        1,
        0,
        0
      ],
      [
        0,
        1,
        0
      ],
      [
        0,
        0,
        1
      ]
    ]
  },
  "model_files": {
    "trained_model": "trained_model.joblib",
    "scaler": "scaler.joblib",
    "feature_selector": "feature_selector.joblib",
    "feature_names": "feature_names.json"
  },
  "timestamp": "2025-07-22T05:29:04.039763"
}