{
  "experiment_name": "wst_popolar_k20_WithModel",
  "config": {
    "dataset_path": "/home/brusc/Projects/random_forest/datasets/dataset_rgb_salt_and_pepper_25/small",
    "area_name": "popolar",
    "feature_method": "wst",
    "k_features": 20,
    "output_dir": "/home/brusc/Projects/random_forest/experiments_organized_2/salt_and_pepper_output/dataset_rgb_salt_and_pepper_25/popolar/small/k20/wst",
    "n_estimators": 10,
    "test_size": 0.2,
    "random_state": 42,
    "cv_folds": 5
  },
  "dataset_info": {
    "data_directory": "/home/brusc/Projects/random_forest/datasets/dataset_rgb_salt_and_pepper_25/small",
    "area_name": "popolar",
    "total_images": 45,
    "classes": {
      "low_veg": 15,
      "trees": 15,
      "water": 15
    },
    "image_shape": [
      3,
      128,
      128
    ],
    "total_features_available": 486,
    "feature_method": "wst",
    "dataset_type": "small",
    "k_features": 20
  },
  "feature_selection": {
    "method": "SelectKBest_k20",
    "num_features": 20,
    "selected_features": [
      "R_wst_mean_0",
      "R_wst_mean_1",
      "R_wst_mean_2",
      "R_wst_mean_4",
      "R_wst_mean_5",
      "R_wst_mean_6",
      "R_wst_mean_7",
      "R_wst_mean_8",
      "R_wst_mean_16",
      "R_wst_std_0",
      "R_wst_std_16",
      "G_wst_mean_0",
      "G_wst_mean_8",
      "G_wst_mean_77",
      "G_wst_std_0",
      "B_wst_mean_0",
      "B_wst_mean_1",
      "B_wst_mean_8",
      "B_wst_mean_49",
      "B_wst_std_0"
    ],
    "feature_scores": [
      0.7444787700819766,
      0.46920438533891096,
      0.3350114781146847,
      0.3742069340748462,
      0.41167453727774395,
      0.5034821341833797,
      0.40422303815957816,
      0.4276196656119331,
      0.32967528870953156,
      0.6678051918930359,
      0.39209648021534615,
      0.5863703622861631,
      0.34340405764727855,
      0.3485367731957074,
      0.7737393860092592,
      0.8168128376121229,
      0.47115930269388184,
      0.41509225475118927,
      0.3263964025152686,
      0.4684504915824528
    ]
  },
  "performance": {
    "test_accuracy": 0.6666666666666666,
    "cv_mean_accuracy": 0.8,
    "cv_std_accuracy": 0.14740554623801774,
    "cv_scores": [
      0.7777777777777778,
      0.5555555555555556,
      0.7777777777777778,
      1.0,
      0.8888888888888888
    ],
    "classification_report": {
      "low_veg": {
        "precision": 0.5,
        "recall": 0.6666666666666666,
        "f1-score": 0.5714285714285714,
        "support": 3.0
      },
      "trees": {
        "precision": 1.0,
        "recall": 0.3333333333333333,
        "f1-score": 0.5,
        "support": 3.0
      },
      "water": {
        "precision": 0.75,
        "recall": 1.0,
        "f1-score": 0.8571428571428571,
        "support": 3.0
      },
      "accuracy": 0.6666666666666666,
      "macro avg": {
        "precision": 0.75,
        "recall": 0.6666666666666666,
        "f1-score": 0.6428571428571428,
        "support": 9.0
      },
      "weighted avg": {
        "precision": 0.75,
        "recall": 0.6666666666666666,
        "f1-score": 0.6428571428571428,
        "support": 9.0
      }
    },
    "confusion_matrix": [
      [
        2,
        0,
        1
      ],
      [
        2,
        1,
        0
      ],
      [
        0,
        0,
        3
      ]
    ]
  },
  "model_files": {
    "trained_model": "trained_model.joblib",
    "scaler": "scaler.joblib",
    "feature_selector": "feature_selector.joblib",
    "feature_names": "feature_names.json"
  },
  "timestamp": "2025-07-22T15:43:19.173287"
}