{
  "experiment_name": "hybrid_sunset_k20_WithModel",
  "config": {
    "dataset_path": "/home/brusc/Projects/random_forest/datasets/dataset_rgb_uniform_40/original",
    "area_name": "sunset",
    "feature_method": "hybrid",
    "k_features": 20,
    "output_dir": "/home/brusc/Projects/random_forest/experiments_organized/uniform_output/dataset_rgb_uniform_40/sunset/original/k20/hybrid",
    "n_estimators": 50,
    "test_size": 0.2,
    "random_state": 42,
    "cv_folds": 5
  },
  "dataset_info": {
    "data_directory": "/home/brusc/Projects/random_forest/datasets/dataset_rgb_uniform_40/original",
    "area_name": "sunset",
    "total_images": 120,
    "classes": {
      "garden": 40,
      "low_veg": 40,
      "trees": 40
    },
    "image_shape": [
      3,
      128,
      128
    ],
    "total_features_available": 540,
    "feature_method": "hybrid",
    "dataset_type": "original",
    "k_features": 20
  },
  "feature_selection": {
    "method": "SelectKBest_k20",
    "num_features": 20,
    "selected_features": [
      "R_std",
      "R_var",
      "R_iqr",
      "R_mad",
      "G_mad",
      "G_grad_mean",
      "B_skew",
      "B_kurt",
      "R_wst_mean_11",
      "R_wst_mean_12",
      "R_wst_mean_13",
      "R_wst_std_0",
      "R_wst_std_11",
      "G_wst_mean_10",
      "G_wst_mean_11",
      "G_wst_mean_12",
      "G_wst_mean_13",
      "G_wst_mean_14",
      "G_wst_std_13",
      "B_wst_mean_11"
    ],
    "feature_scores": [
      0.8195639553917942,
      0.8203004364248851,
      0.8393707780323953,
      0.7993038079721637,
      0.7384384893427611,
      0.790161269831285,
      0.7400071889206097,
      0.7739123293840056,
      0.780825225064457,
      0.7424138577085788,
      0.8345806773921576,
      0.8436819522333268,
      0.7434630290927591,
      0.7475607808083187,
      0.8308062737413118,
      0.8331279686769684,
      0.8759027366117313,
      0.762116900870311,
      0.7341175356017728,
      0.7184158618743277
    ]
  },
  "performance": {
    "test_accuracy": 1.0,
    "cv_mean_accuracy": 0.9833333333333332,
    "cv_std_accuracy": 0.03333333333333335,
    "cv_scores": [
      0.9166666666666666,
      1.0,
      1.0,
      1.0,
      1.0
    ],
    "classification_report": {
      "garden": {
        "precision": 1.0,
        "recall": 1.0,
        "f1-score": 1.0,
        "support": 8.0
      },
      "low_veg": {
        "precision": 1.0,
        "recall": 1.0,
        "f1-score": 1.0,
        "support": 8.0
      },
      "trees": {
        "precision": 1.0,
        "recall": 1.0,
        "f1-score": 1.0,
        "support": 8.0
      },
      "accuracy": 1.0,
      "macro avg": {
        "precision": 1.0,
        "recall": 1.0,
        "f1-score": 1.0,
        "support": 24.0
      },
      "weighted avg": {
        "precision": 1.0,
        "recall": 1.0,
        "f1-score": 1.0,
        "support": 24.0
      }
    },
    "confusion_matrix": [
      [
        8,
        0,
        0
      ],
      [
        0,
        8,
        0
      ],
      [
        0,
        0,
        8
      ]
    ]
  },
  "model_files": {
    "trained_model": "trained_model.joblib",
    "scaler": "scaler.joblib",
    "feature_selector": "feature_selector.joblib",
    "feature_names": "feature_names.json"
  },
  "timestamp": "2025-07-22T06:15:14.327773"
}