{
  "experiment_name": "hybrid_assatigue_k20_WithModel",
  "config": {
    "dataset_path": "/home/brusc/Projects/random_forest/datasets/dataset_rgb_clean/original",
    "area_name": "assatigue",
    "feature_method": "hybrid",
    "k_features": 20,
    "output_dir": "/home/brusc/Projects/random_forest/experiments_organized/gaussian_output/rgb_clean/assatigue/original/k20/hybrid",
    "n_estimators": 50,
    "test_size": 0.2,
    "random_state": 42,
    "cv_folds": 5
  },
  "dataset_info": {
    "data_directory": "/home/brusc/Projects/random_forest/datasets/dataset_rgb_clean/original",
    "area_name": "assatigue",
    "total_images": 116,
    "classes": {
      "low_veg": 40,
      "water": 40,
      "trees": 36
    },
    "image_shape": [
      3,
      128,
      128
    ],
    "total_features_available": 540,
    "feature_method": "hybrid",
    "dataset_type": "original",
    "k_features": 20
  },
  "feature_selection": {
    "method": "SelectKBest_k20",
    "num_features": 20,
    "selected_features": [
      "R_std",
      "R_min",
      "R_cv",
      "R_iqr",
      "R_mad",
      "G_std",
      "G_var",
      "G_min",
      "G_cv",
      "G_iqr",
      "G_mad",
      "B_min",
      "R_wst_mean_15",
      "R_wst_mean_53",
      "R_wst_mean_60",
      "R_wst_mean_61",
      "R_wst_mean_62",
      "R_wst_mean_63",
      "R_wst_mean_70",
      "G_wst_std_0"
    ],
    "feature_scores": [
      0.9041539124465774,
      1.0560524229447597,
      0.9414110537775284,
      1.076282459961309,
      1.0093241218944309,
      0.9088703485109666,
      0.9058862284705678,
      1.030436064976983,
      0.9282937991869527,
      1.0744015822183623,
      1.0326472403468596,
      1.0794081810887945,
      0.9117923506875902,
      0.907110809415876,
      0.916514076159912,
      0.9242710972181916,
      0.9070122007238142,
      0.90249688058831,
      0.8984452258125868,
      0.9048212343416044
    ]
  },
  "performance": {
    "test_accuracy": 1.0,
    "cv_mean_accuracy": 0.9913043478260869,
    "cv_std_accuracy": 0.017391304347826077,
    "cv_scores": [
      1.0,
      0.9565217391304348,
      1.0,
      1.0,
      1.0
    ],
    "classification_report": {
      "low_veg": {
        "precision": 1.0,
        "recall": 1.0,
        "f1-score": 1.0,
        "support": 8.0
      },
      "trees": {
        "precision": 1.0,
        "recall": 1.0,
        "f1-score": 1.0,
        "support": 8.0
      },
      "water": {
        "precision": 1.0,
        "recall": 1.0,
        "f1-score": 1.0,
        "support": 8.0
      },
      "accuracy": 1.0,
      "macro avg": {
        "precision": 1.0,
        "recall": 1.0,
        "f1-score": 1.0,
        "support": 24.0
      },
      "weighted avg": {
        "precision": 1.0,
        "recall": 1.0,
        "f1-score": 1.0,
        "support": 24.0
      }
    },
    "confusion_matrix": [
      [
        8,
        0,
        0
      ],
      [
        0,
        8,
        0
      ],
      [
        0,
        0,
        8
      ]
    ]
  },
  "model_files": {
    "trained_model": "trained_model.joblib",
    "scaler": "scaler.joblib",
    "feature_selector": "feature_selector.joblib",
    "feature_names": "feature_names.json"
  },
  "timestamp": "2025-07-21T18:46:12.245198"
}