{
  "experiment_name": "advanced_stats_sunset_k20_WithModel",
  "config": {
    "dataset_path": "/home/brusc/Projects/random_forest/datasets/dataset_rgb_clean/mini",
    "area_name": "sunset",
    "feature_method": "advanced_stats",
    "k_features": 20,
    "output_dir": "/home/brusc/Projects/random_forest/experiments_organized/gaussian_output/rgb_clean/sunset/mini/k20/advanced_stats",
    "n_estimators": 3,
    "test_size": 0.2,
    "random_state": 42,
    "cv_folds": 5
  },
  "dataset_info": {
    "data_directory": "/home/brusc/Projects/random_forest/datasets/dataset_rgb_clean/mini",
    "area_name": "sunset",
    "total_images": 15,
    "classes": {
      "garden": 5,
      "low_veg": 5,
      "trees": 5
    },
    "image_shape": [
      3,
      128,
      128
    ],
    "total_features_available": 54,
    "feature_method": "advanced_stats",
    "dataset_type": "mini",
    "k_features": 20
  },
  "feature_selection": {
    "method": "SelectKBest_k20",
    "num_features": 20,
    "selected_features": [
      "R_std",
      "R_var",
      "R_max",
      "R_range",
      "R_iqr",
      "R_mad",
      "R_grad_mean",
      "G_std",
      "G_min",
      "G_range",
      "G_iqr",
      "G_grad_mean",
      "B_std",
      "B_var",
      "B_range",
      "B_cv",
      "B_p75",
      "B_iqr",
      "B_mad",
      "B_grad_mean"
    ],
    "feature_scores": [
      0.7670385170385177,
      0.7520385170385175,
      0.5081496281496287,
      0.6264829614829619,
      0.7229644429644433,
      0.8315623265623269,
      1.0404512154512158,
      0.5930702630702633,
      0.5171707921707926,
      0.5542607392607395,
      0.5409274059274065,
      0.990451215451216,
      0.7064829614829617,
      0.7064829614829617,
      0.5449197099197101,
      0.5603189403189404,
      0.558758093758094,
      0.7998162948162955,
      0.7015623265623268,
      0.9153718503718504
    ]
  },
  "performance": {
    "test_accuracy": 0.3333333333333333,
    "cv_mean_accuracy": 0.7333333333333333,
    "cv_std_accuracy": 0.13333333333333336,
    "cv_scores": [
      0.6666666666666666,
      0.6666666666666666,
      0.6666666666666666,
      0.6666666666666666,
      1.0
    ],
    "classification_report": {
      "garden": {
        "precision": 1.0,
        "recall": 1.0,
        "f1-score": 1.0,
        "support": 1.0
      },
      "low_veg": {
        "precision": 0.0,
        "recall": 0.0,
        "f1-score": 0.0,
        "support": 1.0
      },
      "trees": {
        "precision": 0.0,
        "recall": 0.0,
        "f1-score": 0.0,
        "support": 1.0
      },
      "accuracy": 0.3333333333333333,
      "macro avg": {
        "precision": 0.3333333333333333,
        "recall": 0.3333333333333333,
        "f1-score": 0.3333333333333333,
        "support": 3.0
      },
      "weighted avg": {
        "precision": 0.3333333333333333,
        "recall": 0.3333333333333333,
        "f1-score": 0.3333333333333333,
        "support": 3.0
      }
    },
    "confusion_matrix": [
      [
        1,
        0,
        0
      ],
      [
        0,
        0,
        1
      ],
      [
        0,
        1,
        0
      ]
    ]
  },
  "model_files": {
    "trained_model": "trained_model.joblib",
    "scaler": "scaler.joblib",
    "feature_selector": "feature_selector.joblib",
    "feature_names": "feature_names.json"
  },
  "timestamp": "2025-07-21T18:18:55.590965"
}