{
  "experiment_name": "wst_assatigue_k20_WithModel",
  "config": {
    "dataset_path": "/home/brusc/Projects/random_forest/datasets/dataset_rgb_poisson_40/original",
    "area_name": "assatigue",
    "feature_method": "wst",
    "k_features": 20,
    "output_dir": "/home/brusc/Projects/random_forest/experiments_organized_2/poisson_output/dataset_rgb_poisson_40/assatigue/original/k20/wst",
    "n_estimators": 50,
    "test_size": 0.2,
    "random_state": 42,
    "cv_folds": 5
  },
  "dataset_info": {
    "data_directory": "/home/brusc/Projects/random_forest/datasets/dataset_rgb_poisson_40/original",
    "area_name": "assatigue",
    "total_images": 116,
    "classes": {
      "low_veg": 40,
      "water": 40,
      "trees": 36
    },
    "image_shape": [
      3,
      128,
      128
    ],
    "total_features_available": 486,
    "feature_method": "wst",
    "dataset_type": "original",
    "k_features": 20
  },
  "feature_selection": {
    "method": "SelectKBest_k20",
    "num_features": 20,
    "selected_features": [
      "R_wst_mean_4",
      "R_wst_mean_6",
      "R_wst_mean_19",
      "R_wst_mean_50",
      "R_wst_mean_51",
      "R_wst_mean_60",
      "R_wst_std_0",
      "G_wst_mean_68",
      "G_wst_std_0",
      "B_wst_mean_33",
      "B_wst_mean_39",
      "B_wst_mean_42",
      "B_wst_mean_47",
      "B_wst_mean_56",
      "B_wst_mean_57",
      "B_wst_mean_58",
      "B_wst_mean_65",
      "B_wst_mean_67",
      "B_wst_mean_69",
      "B_wst_mean_76"
    ],
    "feature_scores": [
      0.7243531238027641,
      0.6902030939250465,
      0.697930711135422,
      0.7042832929152467,
      0.7011593146933761,
      0.7005957185418092,
      0.9108535937589279,
      0.6943107045362067,
      0.9170307229261705,
      0.6875160061086485,
      0.7142264976961679,
      0.6982022221509712,
      0.7468567611390584,
      0.7452973332913433,
      0.6921471852145407,
      0.7206521356455777,
      0.7062054584187902,
      0.7058393374009178,
      0.7433708612204057,
      0.7123187416872458
    ]
  },
  "performance": {
    "test_accuracy": 0.9583333333333334,
    "cv_mean_accuracy": 0.9137681159420291,
    "cv_std_accuracy": 0.047650093399343764,
    "cv_scores": [
      0.9166666666666666,
      0.9565217391304348,
      0.8260869565217391,
      0.9130434782608695,
      0.9565217391304348
    ],
    "classification_report": {
      "low_veg": {
        "precision": 1.0,
        "recall": 0.875,
        "f1-score": 0.9333333333333333,
        "support": 8.0
      },
      "trees": {
        "precision": 1.0,
        "recall": 1.0,
        "f1-score": 1.0,
        "support": 8.0
      },
      "water": {
        "precision": 0.8888888888888888,
        "recall": 1.0,
        "f1-score": 0.9411764705882353,
        "support": 8.0
      },
      "accuracy": 0.9583333333333334,
      "macro avg": {
        "precision": 0.9629629629629629,
        "recall": 0.9583333333333334,
        "f1-score": 0.9581699346405229,
        "support": 24.0
      },
      "weighted avg": {
        "precision": 0.9629629629629629,
        "recall": 0.9583333333333334,
        "f1-score": 0.9581699346405229,
        "support": 24.0
      }
    },
    "confusion_matrix": [
      [
        7,
        0,
        1
      ],
      [
        0,
        8,
        0
      ],
      [
        0,
        0,
        8
      ]
    ]
  },
  "model_files": {
    "trained_model": "trained_model.joblib",
    "scaler": "scaler.joblib",
    "feature_selector": "feature_selector.joblib",
    "feature_names": "feature_names.json"
  },
  "timestamp": "2025-07-21T21:42:50.814221"
}