{
  "experiment_name": "wst_sunset_k20_WithModel",
  "config": {
    "dataset_path": "/home/brusc/Projects/random_forest/datasets/dataset_rgb_gaussian_50/small",
    "area_name": "sunset",
    "feature_method": "wst",
    "k_features": 20,
    "output_dir": "/home/brusc/Projects/random_forest/experiments_organized/gaussian_output/rgb_gaussian50/sunset/small/k20/wst",
    "n_estimators": 10,
    "test_size": 0.2,
    "random_state": 42,
    "cv_folds": 5
  },
  "dataset_info": {
    "data_directory": "/home/brusc/Projects/random_forest/datasets/dataset_rgb_gaussian_50/small",
    "area_name": "sunset",
    "total_images": 45,
    "classes": {
      "garden": 15,
      "low_veg": 15,
      "trees": 15
    },
    "image_shape": [
      3,
      128,
      128
    ],
    "total_features_available": 486,
    "feature_method": "wst",
    "dataset_type": "small",
    "k_features": 20
  },
  "feature_selection": {
    "method": "SelectKBest_k20",
    "num_features": 20,
    "selected_features": [
      "R_wst_std_0",
      "G_wst_std_0",
      "B_wst_mean_0",
      "B_wst_mean_1",
      "B_wst_mean_2",
      "B_wst_mean_3",
      "B_wst_mean_4",
      "B_wst_mean_5",
      "B_wst_mean_6",
      "B_wst_mean_7",
      "B_wst_mean_9",
      "B_wst_mean_10",
      "B_wst_mean_11",
      "B_wst_mean_12",
      "B_wst_mean_14",
      "B_wst_mean_15",
      "B_wst_mean_16",
      "B_wst_mean_43",
      "B_wst_mean_71",
      "B_wst_std_0"
    ],
    "feature_scores": [
      0.6023988036420242,
      0.7005983912015974,
      0.5622269892314997,
      0.5668456405200621,
      0.5662667005158344,
      0.5098107634819407,
      0.4308963223485216,
      0.43639505881623575,
      0.5429051982462867,
      0.5198484196339523,
      0.4446569583845199,
      0.5212676793865454,
      0.4247738867783972,
      0.4075369656558312,
      0.4352484739196507,
      0.4086437360649131,
      0.531158320246164,
      0.48693877920865236,
      0.46539303421863476,
      0.5096615217224165
    ]
  },
  "performance": {
    "test_accuracy": 1.0,
    "cv_mean_accuracy": 0.888888888888889,
    "cv_std_accuracy": 0.09938079899999065,
    "cv_scores": [
      1.0,
      0.7777777777777778,
      0.8888888888888888,
      1.0,
      0.7777777777777778
    ],
    "classification_report": {
      "garden": {
        "precision": 1.0,
        "recall": 1.0,
        "f1-score": 1.0,
        "support": 3.0
      },
      "low_veg": {
        "precision": 1.0,
        "recall": 1.0,
        "f1-score": 1.0,
        "support": 3.0
      },
      "trees": {
        "precision": 1.0,
        "recall": 1.0,
        "f1-score": 1.0,
        "support": 3.0
      },
      "accuracy": 1.0,
      "macro avg": {
        "precision": 1.0,
        "recall": 1.0,
        "f1-score": 1.0,
        "support": 9.0
      },
      "weighted avg": {
        "precision": 1.0,
        "recall": 1.0,
        "f1-score": 1.0,
        "support": 9.0
      }
    },
    "confusion_matrix": [
      [
        3,
        0,
        0
      ],
      [
        0,
        3,
        0
      ],
      [
        0,
        0,
        3
      ]
    ]
  },
  "model_files": {
    "trained_model": "trained_model.joblib",
    "scaler": "scaler.joblib",
    "feature_selector": "feature_selector.joblib",
    "feature_names": "feature_names.json"
  },
  "timestamp": "2025-07-21T20:17:55.104705"
}