{
  "experiment_name": "hybrid_assatigue_k20_WithModel",
  "config": {
    "dataset_path": "/home/brusc/Projects/random_forest/datasets/dataset_rgb_poisson_60/original",
    "area_name": "assatigue",
    "feature_method": "hybrid",
    "k_features": 20,
    "output_dir": "/home/brusc/Projects/random_forest/experiments_organized_2/poisson_output/dataset_rgb_poisson_60/assatigue/original/k20/hybrid",
    "n_estimators": 50,
    "test_size": 0.2,
    "random_state": 42,
    "cv_folds": 5
  },
  "dataset_info": {
    "data_directory": "/home/brusc/Projects/random_forest/datasets/dataset_rgb_poisson_60/original",
    "area_name": "assatigue",
    "total_images": 116,
    "classes": {
      "low_veg": 40,
      "water": 40,
      "trees": 36
    },
    "image_shape": [
      3,
      128,
      128
    ],
    "total_features_available": 540,
    "feature_method": "hybrid",
    "dataset_type": "original",
    "k_features": 20
  },
  "feature_selection": {
    "method": "SelectKBest_k20",
    "num_features": 20,
    "selected_features": [
      "R_std",
      "R_var",
      "R_min",
      "R_cv",
      "R_mad",
      "G_std",
      "G_var",
      "G_min",
      "G_range",
      "G_cv",
      "G_iqr",
      "G_mad",
      "B_min",
      "B_cv",
      "B_p10",
      "B_p25",
      "R_wst_mean_3",
      "R_wst_mean_4",
      "R_wst_std_0",
      "G_wst_std_0"
    ],
    "feature_scores": [
      0.8479040141363161,
      0.849093825448006,
      0.7530330959155349,
      0.8842005741934982,
      0.886508235954719,
      0.8745367588625619,
      0.8743823265600759,
      0.8360462625650016,
      0.8425091438200503,
      0.9264351260255375,
      0.8490889444827683,
      0.904846241241565,
      0.7501966610144377,
      0.8820506913750636,
      0.8189577025400057,
      0.7440957529901191,
      0.7512903860036537,
      0.7617622803047774,
      0.9177154211759628,
      0.9082176274883271
    ]
  },
  "performance": {
    "test_accuracy": 0.9166666666666666,
    "cv_mean_accuracy": 0.9311594202898551,
    "cv_std_accuracy": 0.044077989349987114,
    "cv_scores": [
      0.9166666666666666,
      0.9565217391304348,
      0.8695652173913043,
      0.9130434782608695,
      1.0
    ],
    "classification_report": {
      "low_veg": {
        "precision": 1.0,
        "recall": 0.75,
        "f1-score": 0.8571428571428571,
        "support": 8.0
      },
      "trees": {
        "precision": 1.0,
        "recall": 1.0,
        "f1-score": 1.0,
        "support": 8.0
      },
      "water": {
        "precision": 0.8,
        "recall": 1.0,
        "f1-score": 0.8888888888888888,
        "support": 8.0
      },
      "accuracy": 0.9166666666666666,
      "macro avg": {
        "precision": 0.9333333333333332,
        "recall": 0.9166666666666666,
        "f1-score": 0.9153439153439153,
        "support": 24.0
      },
      "weighted avg": {
        "precision": 0.9333333333333332,
        "recall": 0.9166666666666666,
        "f1-score": 0.9153439153439153,
        "support": 24.0
      }
    },
    "confusion_matrix": [
      [
        6,
        0,
        2
      ],
      [
        0,
        8,
        0
      ],
      [
        0,
        0,
        8
      ]
    ]
  },
  "model_files": {
    "trained_model": "trained_model.joblib",
    "scaler": "scaler.joblib",
    "feature_selector": "feature_selector.joblib",
    "feature_names": "feature_names.json"
  },
  "timestamp": "2025-07-22T01:39:19.984972"
}