{
  "experiment_name": "wst_popolar_k20_WithModel",
  "config": {
    "dataset_path": "/home/brusc/Projects/random_forest/datasets/dataset_rgb_poisson_40/small",
    "area_name": "popolar",
    "feature_method": "wst",
    "k_features": 20,
    "output_dir": "/home/brusc/Projects/random_forest/experiments_organized_2/poisson_output/dataset_rgb_poisson_40/popolar/small/k20/wst",
    "n_estimators": 10,
    "test_size": 0.2,
    "random_state": 42,
    "cv_folds": 5
  },
  "dataset_info": {
    "data_directory": "/home/brusc/Projects/random_forest/datasets/dataset_rgb_poisson_40/small",
    "area_name": "popolar",
    "total_images": 45,
    "classes": {
      "low_veg": 15,
      "trees": 15,
      "water": 15
    },
    "image_shape": [
      3,
      128,
      128
    ],
    "total_features_available": 486,
    "feature_method": "wst",
    "dataset_type": "small",
    "k_features": 20
  },
  "feature_selection": {
    "method": "SelectKBest_k20",
    "num_features": 20,
    "selected_features": [
      "R_wst_mean_22",
      "R_wst_mean_28",
      "R_wst_mean_29",
      "R_wst_mean_38",
      "R_wst_mean_74",
      "R_wst_std_0",
      "G_wst_mean_10",
      "G_wst_std_0",
      "B_wst_mean_5",
      "B_wst_mean_28",
      "B_wst_mean_38",
      "B_wst_mean_39",
      "B_wst_mean_41",
      "B_wst_mean_42",
      "B_wst_mean_46",
      "B_wst_mean_48",
      "B_wst_mean_54",
      "B_wst_mean_55",
      "B_wst_mean_56",
      "B_wst_std_0"
    ],
    "feature_scores": [
      0.8949265140591323,
      0.8168858691557421,
      0.8238972528337924,
      0.8538619794651858,
      0.8559745401071586,
      0.9942946332311728,
      0.8784034256732987,
      0.9972135044833774,
      0.8593551474740131,
      0.8606091212123279,
      1.05961073688061,
      0.8333155505854237,
      0.8548852154884221,
      0.9174611911887525,
      0.819668809121008,
      0.8330854720220118,
      0.8776574384119484,
      0.885910118804347,
      0.9148833038198434,
      0.9428010981953263
    ]
  },
  "performance": {
    "test_accuracy": 0.6666666666666666,
    "cv_mean_accuracy": 0.9333333333333332,
    "cv_std_accuracy": 0.054433105395181765,
    "cv_scores": [
      0.8888888888888888,
      1.0,
      0.8888888888888888,
      1.0,
      0.8888888888888888
    ],
    "classification_report": {
      "low_veg": {
        "precision": 0.5,
        "recall": 0.3333333333333333,
        "f1-score": 0.4,
        "support": 3.0
      },
      "trees": {
        "precision": 1.0,
        "recall": 0.6666666666666666,
        "f1-score": 0.8,
        "support": 3.0
      },
      "water": {
        "precision": 0.6,
        "recall": 1.0,
        "f1-score": 0.75,
        "support": 3.0
      },
      "accuracy": 0.6666666666666666,
      "macro avg": {
        "precision": 0.7000000000000001,
        "recall": 0.6666666666666666,
        "f1-score": 0.65,
        "support": 9.0
      },
      "weighted avg": {
        "precision": 0.7,
        "recall": 0.6666666666666666,
        "f1-score": 0.65,
        "support": 9.0
      }
    },
    "confusion_matrix": [
      [
        1,
        0,
        2
      ],
      [
        1,
        2,
        0
      ],
      [
        0,
        0,
        3
      ]
    ]
  },
  "model_files": {
    "trained_model": "trained_model.joblib",
    "scaler": "scaler.joblib",
    "feature_selector": "feature_selector.joblib",
    "feature_names": "feature_names.json"
  },
  "timestamp": "2025-07-21T21:18:08.920096"
}