{
  "experiment_name": "wst_assatigue_k2_WithModel",
  "config": {
    "dataset_path": "/home/brusc/Projects/random_forest/datasets/dataset_rgb_uniform_40/original",
    "area_name": "assatigue",
    "feature_method": "wst",
    "k_features": 2,
    "output_dir": "/home/brusc/Projects/random_forest/experiments_organized/uniform_output/dataset_rgb_uniform_40/assatigue/original/k2/wst",
    "n_estimators": 50,
    "test_size": 0.2,
    "random_state": 42,
    "cv_folds": 5
  },
  "dataset_info": {
    "data_directory": "/home/brusc/Projects/random_forest/datasets/dataset_rgb_uniform_40/original",
    "area_name": "assatigue",
    "total_images": 116,
    "classes": {
      "low_veg": 40,
      "water": 40,
      "trees": 36
    },
    "image_shape": [
      3,
      128,
      128
    ],
    "total_features_available": 486,
    "feature_method": "wst",
    "dataset_type": "original",
    "k_features": 2
  },
  "feature_selection": {
    "method": "SelectKBest_k2",
    "num_features": 2,
    "selected_features": [
      "R_wst_std_0",
      "G_wst_std_0"
    ],
    "feature_scores": [
      0.8846864136763462,
      0.8991185742592616
    ]
  },
  "performance": {
    "test_accuracy": 0.7916666666666666,
    "cv_mean_accuracy": 0.8971014492753623,
    "cv_std_accuracy": 0.057315130241406345,
    "cv_scores": [
      0.8333333333333334,
      0.8260869565217391,
      0.9130434782608695,
      0.9565217391304348,
      0.9565217391304348
    ],
    "classification_report": {
      "low_veg": {
        "precision": 0.7142857142857143,
        "recall": 0.625,
        "f1-score": 0.6666666666666666,
        "support": 8.0
      },
      "trees": {
        "precision": 1.0,
        "recall": 1.0,
        "f1-score": 1.0,
        "support": 8.0
      },
      "water": {
        "precision": 0.6666666666666666,
        "recall": 0.75,
        "f1-score": 0.7058823529411765,
        "support": 8.0
      },
      "accuracy": 0.7916666666666666,
      "macro avg": {
        "precision": 0.7936507936507936,
        "recall": 0.7916666666666666,
        "f1-score": 0.7908496732026143,
        "support": 24.0
      },
      "weighted avg": {
        "precision": 0.7936507936507936,
        "recall": 0.7916666666666666,
        "f1-score": 0.7908496732026143,
        "support": 24.0
      }
    },
    "confusion_matrix": [
      [
        5,
        0,
        3
      ],
      [
        0,
        8,
        0
      ],
      [
        2,
        0,
        6
      ]
    ]
  },
  "model_files": {
    "trained_model": "trained_model.joblib",
    "scaler": "scaler.joblib",
    "feature_selector": "feature_selector.joblib",
    "feature_names": "feature_names.json"
  },
  "timestamp": "2025-07-22T05:44:42.852306"
}