{
  "experiment_name": "hybrid_assatigue_k20_WithModel",
  "config": {
    "dataset_path": "/home/brusc/Projects/random_forest/datasets/dataset_rgb_speckle_55/mini",
    "area_name": "assatigue",
    "feature_method": "hybrid",
    "k_features": 20,
    "output_dir": "/home/brusc/Projects/random_forest/experiments_organized/speckle_output/dataset_rgb_speckle_55/assatigue/mini/k20/hybrid",
    "n_estimators": 3,
    "test_size": 0.2,
    "random_state": 42,
    "cv_folds": 5
  },
  "dataset_info": {
    "data_directory": "/home/brusc/Projects/random_forest/datasets/dataset_rgb_speckle_55/mini",
    "area_name": "assatigue",
    "total_images": 15,
    "classes": {
      "low_veg": 5,
      "trees": 5,
      "water": 5
    },
    "image_shape": [
      3,
      128,
      128
    ],
    "total_features_available": 540,
    "feature_method": "hybrid",
    "dataset_type": "mini",
    "k_features": 20
  },
  "feature_selection": {
    "method": "SelectKBest_k20",
    "num_features": 20,
    "selected_features": [
      "R_p90",
      "G_p90",
      "R_wst_mean_38",
      "B_wst_mean_3",
      "B_wst_mean_18",
      "B_wst_mean_30",
      "B_wst_mean_31",
      "B_wst_mean_32",
      "B_wst_mean_40",
      "B_wst_mean_47",
      "B_wst_mean_48",
      "B_wst_mean_49",
      "B_wst_mean_53",
      "B_wst_mean_57",
      "B_wst_mean_61",
      "B_wst_mean_63",
      "B_wst_mean_66",
      "B_wst_mean_67",
      "B_wst_mean_70",
      "B_wst_std_37"
    ],
    "feature_scores": [
      1.146800421800422,
      1.5772718022718024,
      0.8947369297369303,
      0.8614035964035971,
      0.8603718503718507,
      0.932673437673438,
      0.9203718503718508,
      0.8542607392607395,
      0.8780702630702637,
      0.8598162948162953,
      0.8909274059274062,
      0.9209274059274062,
      0.8487051837051844,
      0.8860067710067714,
      0.8709274059274061,
      0.8598162948162953,
      0.8641813741813746,
      0.850292485292486,
      0.9598162948162954,
      0.953705183705184
    ]
  },
  "performance": {
    "test_accuracy": 1.0,
    "cv_mean_accuracy": 0.8666666666666666,
    "cv_std_accuracy": 0.16329931618554522,
    "cv_scores": [
      1.0,
      0.6666666666666666,
      1.0,
      1.0,
      0.6666666666666666
    ],
    "classification_report": {
      "low_veg": {
        "precision": 1.0,
        "recall": 1.0,
        "f1-score": 1.0,
        "support": 1.0
      },
      "trees": {
        "precision": 1.0,
        "recall": 1.0,
        "f1-score": 1.0,
        "support": 1.0
      },
      "water": {
        "precision": 1.0,
        "recall": 1.0,
        "f1-score": 1.0,
        "support": 1.0
      },
      "accuracy": 1.0,
      "macro avg": {
        "precision": 1.0,
        "recall": 1.0,
        "f1-score": 1.0,
        "support": 3.0
      },
      "weighted avg": {
        "precision": 1.0,
        "recall": 1.0,
        "f1-score": 1.0,
        "support": 3.0
      }
    },
    "confusion_matrix": [
      [
        1,
        0,
        0
      ],
      [
        0,
        1,
        0
      ],
      [
        0,
        0,
        1
      ]
    ]
  },
  "model_files": {
    "trained_model": "trained_model.joblib",
    "scaler": "scaler.joblib",
    "feature_selector": "feature_selector.joblib",
    "feature_names": "feature_names.json"
  },
  "timestamp": "2025-07-22T02:53:25.566086"
}