{
  "experiment_name": "advanced_stats_assatigue_k20_WithModel",
  "config": {
    "dataset_path": "/home/brusc/Projects/random_forest/datasets/dataset_rgb_poisson_40/original",
    "area_name": "assatigue",
    "feature_method": "advanced_stats",
    "k_features": 20,
    "output_dir": "/home/brusc/Projects/random_forest/experiments_organized_2/poisson_output/dataset_rgb_poisson_40/assatigue/original/k20/advanced_stats",
    "n_estimators": 50,
    "test_size": 0.2,
    "random_state": 42,
    "cv_folds": 5
  },
  "dataset_info": {
    "data_directory": "/home/brusc/Projects/random_forest/datasets/dataset_rgb_poisson_40/original",
    "area_name": "assatigue",
    "total_images": 116,
    "classes": {
      "low_veg": 40,
      "water": 40,
      "trees": 36
    },
    "image_shape": [
      3,
      128,
      128
    ],
    "total_features_available": 54,
    "feature_method": "advanced_stats",
    "dataset_type": "original",
    "k_features": 20
  },
  "feature_selection": {
    "method": "SelectKBest_k20",
    "num_features": 20,
    "selected_features": [
      "R_std",
      "R_var",
      "R_min",
      "R_cv",
      "R_p50",
      "R_p75",
      "R_mad",
      "G_std",
      "G_var",
      "G_min",
      "G_range",
      "G_cv",
      "G_p10",
      "G_p25",
      "G_mad",
      "B_min",
      "B_cv",
      "B_p10",
      "B_p25",
      "B_p50"
    ],
    "feature_scores": [
      0.8242972915364364,
      0.8245367551379688,
      0.681656841601104,
      0.8453797154379414,
      0.6788286136611137,
      0.7104783247973312,
      0.8094670682840261,
      0.8890121290596478,
      0.8867916483908909,
      0.7739937764226255,
      0.7808290756337519,
      0.9128829322874852,
      0.7269032282227974,
      0.6826939842607649,
      0.8773630861136221,
      0.7426899786258498,
      0.8491200429718573,
      0.7618844923028925,
      0.7185007301968207,
      0.7114715285555497
    ]
  },
  "performance": {
    "test_accuracy": 0.9166666666666666,
    "cv_mean_accuracy": 0.9394927536231885,
    "cv_std_accuracy": 0.044487088342524156,
    "cv_scores": [
      0.9583333333333334,
      0.9130434782608695,
      0.8695652173913043,
      0.9565217391304348,
      1.0
    ],
    "classification_report": {
      "low_veg": {
        "precision": 1.0,
        "recall": 0.75,
        "f1-score": 0.8571428571428571,
        "support": 8.0
      },
      "trees": {
        "precision": 1.0,
        "recall": 1.0,
        "f1-score": 1.0,
        "support": 8.0
      },
      "water": {
        "precision": 0.8,
        "recall": 1.0,
        "f1-score": 0.8888888888888888,
        "support": 8.0
      },
      "accuracy": 0.9166666666666666,
      "macro avg": {
        "precision": 0.9333333333333332,
        "recall": 0.9166666666666666,
        "f1-score": 0.9153439153439153,
        "support": 24.0
      },
      "weighted avg": {
        "precision": 0.9333333333333332,
        "recall": 0.9166666666666666,
        "f1-score": 0.9153439153439153,
        "support": 24.0
      }
    },
    "confusion_matrix": [
      [
        6,
        0,
        2
      ],
      [
        0,
        8,
        0
      ],
      [
        0,
        0,
        8
      ]
    ]
  },
  "model_files": {
    "trained_model": "trained_model.joblib",
    "scaler": "scaler.joblib",
    "feature_selector": "feature_selector.joblib",
    "feature_names": "feature_names.json"
  },
  "timestamp": "2025-07-21T21:40:15.947821"
}