{
  "experiment_name": "wst_assatigue_k20_WithModel",
  "config": {
    "dataset_path": "/home/brusc/Projects/random_forest/datasets/dataset_rgb_speckle_15/small",
    "area_name": "assatigue",
    "feature_method": "wst",
    "k_features": 20,
    "output_dir": "/home/brusc/Projects/random_forest/experiments_organized/speckle_output/dataset_rgb_speckle_15/assatigue/small/k20/wst",
    "n_estimators": 10,
    "test_size": 0.2,
    "random_state": 42,
    "cv_folds": 5
  },
  "dataset_info": {
    "data_directory": "/home/brusc/Projects/random_forest/datasets/dataset_rgb_speckle_15/small",
    "area_name": "assatigue",
    "total_images": 45,
    "classes": {
      "low_veg": 15,
      "trees": 15,
      "water": 15
    },
    "image_shape": [
      3,
      128,
      128
    ],
    "total_features_available": 486,
    "feature_method": "wst",
    "dataset_type": "small",
    "k_features": 20
  },
  "feature_selection": {
    "method": "SelectKBest_k20",
    "num_features": 20,
    "selected_features": [
      "R_wst_mean_0",
      "R_wst_mean_2",
      "R_wst_mean_3",
      "R_wst_mean_5",
      "R_wst_mean_6",
      "R_wst_mean_38",
      "R_wst_mean_51",
      "R_wst_std_0",
      "R_wst_std_13",
      "G_wst_mean_4",
      "G_wst_mean_30",
      "G_wst_mean_51",
      "G_wst_std_0",
      "B_wst_mean_2",
      "B_wst_mean_3",
      "B_wst_mean_5",
      "B_wst_mean_6",
      "B_wst_mean_32",
      "B_wst_mean_47",
      "B_wst_mean_66"
    ],
    "feature_scores": [
      0.7542411681777081,
      0.7411939376304775,
      0.7813928436627169,
      0.7631917854616586,
      0.758720885990759,
      0.7713840253205653,
      0.7629095985128052,
      0.9132672963705029,
      0.7370710167299508,
      0.7487208859907593,
      0.7554140076838809,
      0.7280234352933088,
      0.8543428874460939,
      0.7396203568902304,
      0.7366838489537224,
      0.7319924909290307,
      0.7339942545974614,
      0.770377932647806,
      0.7370261609627009,
      0.7826883382915448
    ]
  },
  "performance": {
    "test_accuracy": 0.7777777777777778,
    "cv_mean_accuracy": 0.9333333333333332,
    "cv_std_accuracy": 0.054433105395181765,
    "cv_scores": [
      0.8888888888888888,
      1.0,
      0.8888888888888888,
      0.8888888888888888,
      1.0
    ],
    "classification_report": {
      "low_veg": {
        "precision": 0.6,
        "recall": 1.0,
        "f1-score": 0.75,
        "support": 3.0
      },
      "trees": {
        "precision": 1.0,
        "recall": 1.0,
        "f1-score": 1.0,
        "support": 3.0
      },
      "water": {
        "precision": 1.0,
        "recall": 0.3333333333333333,
        "f1-score": 0.5,
        "support": 3.0
      },
      "accuracy": 0.7777777777777778,
      "macro avg": {
        "precision": 0.8666666666666667,
        "recall": 0.7777777777777778,
        "f1-score": 0.75,
        "support": 9.0
      },
      "weighted avg": {
        "precision": 0.8666666666666667,
        "recall": 0.7777777777777778,
        "f1-score": 0.75,
        "support": 9.0
      }
    },
    "confusion_matrix": [
      [
        3,
        0,
        0
      ],
      [
        0,
        3,
        0
      ],
      [
        2,
        0,
        1
      ]
    ]
  },
  "model_files": {
    "trained_model": "trained_model.joblib",
    "scaler": "scaler.joblib",
    "feature_selector": "feature_selector.joblib",
    "feature_names": "feature_names.json"
  },
  "timestamp": "2025-07-22T01:17:00.240755"
}