{
  "experiment_name": "advanced_stats_assatigue_k10_WithModel",
  "config": {
    "dataset_path": "/home/brusc/Projects/random_forest/datasets/dataset_rgb_speckle_55/original",
    "area_name": "assatigue",
    "feature_method": "advanced_stats",
    "k_features": 10,
    "output_dir": "/home/brusc/Projects/random_forest/experiments_organized/speckle_output/dataset_rgb_speckle_55/assatigue/original/k10/advanced_stats",
    "n_estimators": 50,
    "test_size": 0.2,
    "random_state": 42,
    "cv_folds": 5
  },
  "dataset_info": {
    "data_directory": "/home/brusc/Projects/random_forest/datasets/dataset_rgb_speckle_55/original",
    "area_name": "assatigue",
    "total_images": 116,
    "classes": {
      "low_veg": 40,
      "water": 40,
      "trees": 36
    },
    "image_shape": [
      3,
      128,
      128
    ],
    "total_features_available": 54,
    "feature_method": "advanced_stats",
    "dataset_type": "original",
    "k_features": 10
  },
  "feature_selection": {
    "method": "SelectKBest_k10",
    "num_features": 10,
    "selected_features": [
      "R_p25",
      "G_skew",
      "G_p25",
      "G_p50",
      "B_skew",
      "B_cv",
      "B_p10",
      "B_p25",
      "B_p50",
      "B_grad_mean"
    ],
    "feature_scores": [
      0.6729216325703093,
      0.6873008955487101,
      0.7081382717740179,
      0.6765879734133744,
      0.7405461536431059,
      0.7599379806857953,
      0.7437678959812275,
      0.7595146492279812,
      0.732348783484529,
      0.7298785764884603
    ]
  },
  "performance": {
    "test_accuracy": 0.7916666666666666,
    "cv_mean_accuracy": 0.7681159420289856,
    "cv_std_accuracy": 0.060105627111094864,
    "cv_scores": [
      0.6666666666666666,
      0.7391304347826086,
      0.782608695652174,
      0.8260869565217391,
      0.8260869565217391
    ],
    "classification_report": {
      "low_veg": {
        "precision": 0.8,
        "recall": 0.5,
        "f1-score": 0.6153846153846154,
        "support": 8.0
      },
      "trees": {
        "precision": 1.0,
        "recall": 1.0,
        "f1-score": 1.0,
        "support": 8.0
      },
      "water": {
        "precision": 0.6363636363636364,
        "recall": 0.875,
        "f1-score": 0.7368421052631579,
        "support": 8.0
      },
      "accuracy": 0.7916666666666666,
      "macro avg": {
        "precision": 0.8121212121212121,
        "recall": 0.7916666666666666,
        "f1-score": 0.7840755735492578,
        "support": 24.0
      },
      "weighted avg": {
        "precision": 0.8121212121212121,
        "recall": 0.7916666666666666,
        "f1-score": 0.7840755735492578,
        "support": 24.0
      }
    },
    "confusion_matrix": [
      [
        4,
        0,
        4
      ],
      [
        0,
        8,
        0
      ],
      [
        1,
        0,
        7
      ]
    ]
  },
  "model_files": {
    "trained_model": "trained_model.joblib",
    "scaler": "scaler.joblib",
    "feature_selector": "feature_selector.joblib",
    "feature_names": "feature_names.json"
  },
  "timestamp": "2025-07-22T03:15:46.303144"
}