{
  "experiment_name": "advanced_stats_assatigue_k20_WithModel",
  "config": {
    "dataset_path": "/home/brusc/Projects/random_forest/datasets/dataset_rgb_uniform_40/mini",
    "area_name": "assatigue",
    "feature_method": "advanced_stats",
    "k_features": 20,
    "output_dir": "/home/brusc/Projects/random_forest/experiments_organized/uniform_output/dataset_rgb_uniform_40/assatigue/mini/k20/advanced_stats",
    "n_estimators": 3,
    "test_size": 0.2,
    "random_state": 42,
    "cv_folds": 5
  },
  "dataset_info": {
    "data_directory": "/home/brusc/Projects/random_forest/datasets/dataset_rgb_uniform_40/mini",
    "area_name": "assatigue",
    "total_images": 15,
    "classes": {
      "low_veg": 5,
      "trees": 5,
      "water": 5
    },
    "image_shape": [
      3,
      128,
      128
    ],
    "total_features_available": 54,
    "feature_method": "advanced_stats",
    "dataset_type": "mini",
    "k_features": 20
  },
  "feature_selection": {
    "method": "SelectKBest_k20",
    "num_features": 20,
    "selected_features": [
      "R_std",
      "R_var",
      "R_min",
      "R_mad",
      "R_grad_mean",
      "G_std",
      "G_var",
      "G_min",
      "G_max",
      "G_range",
      "G_mad",
      "B_mean",
      "B_min",
      "B_max",
      "B_skew",
      "B_cv",
      "B_p10",
      "B_p25",
      "B_p50",
      "B_p75"
    ],
    "feature_scores": [
      0.7825940725940732,
      0.7575940725940733,
      1.3002924852924858,
      0.7687051837051841,
      0.850848040848041,
      0.9098162948162953,
      0.7959274059274066,
      1.4697369297369298,
      1.4332530432530437,
      0.8669591519591524,
      0.8264829614829619,
      0.6909274059274064,
      1.173625818625819,
      0.8700760350760355,
      0.7658480408480413,
      0.8480702630702635,
      0.748070263070264,
      0.7909274059274061,
      0.7442607392607397,
      0.7002131202131208
    ]
  },
  "performance": {
    "test_accuracy": 0.6666666666666666,
    "cv_mean_accuracy": 0.9333333333333332,
    "cv_std_accuracy": 0.13333333333333336,
    "cv_scores": [
      0.6666666666666666,
      1.0,
      1.0,
      1.0,
      1.0
    ],
    "classification_report": {
      "low_veg": {
        "precision": 0.0,
        "recall": 0.0,
        "f1-score": 0.0,
        "support": 1.0
      },
      "trees": {
        "precision": 1.0,
        "recall": 1.0,
        "f1-score": 1.0,
        "support": 1.0
      },
      "water": {
        "precision": 0.5,
        "recall": 1.0,
        "f1-score": 0.6666666666666666,
        "support": 1.0
      },
      "accuracy": 0.6666666666666666,
      "macro avg": {
        "precision": 0.5,
        "recall": 0.6666666666666666,
        "f1-score": 0.5555555555555555,
        "support": 3.0
      },
      "weighted avg": {
        "precision": 0.5,
        "recall": 0.6666666666666666,
        "f1-score": 0.5555555555555555,
        "support": 3.0
      }
    },
    "confusion_matrix": [
      [
        0,
        0,
        1
      ],
      [
        0,
        1,
        0
      ],
      [
        0,
        0,
        1
      ]
    ]
  },
  "model_files": {
    "trained_model": "trained_model.joblib",
    "scaler": "scaler.joblib",
    "feature_selector": "feature_selector.joblib",
    "feature_names": "feature_names.json"
  },
  "timestamp": "2025-07-22T05:25:21.898302"
}