{
  "experiment_name": "advanced_stats_assatigue_k10_WithModel",
  "config": {
    "dataset_path": "/home/brusc/Projects/random_forest/datasets/dataset_rgb_poisson_60/original",
    "area_name": "assatigue",
    "feature_method": "advanced_stats",
    "k_features": 10,
    "output_dir": "/home/brusc/Projects/random_forest/experiments_organized_2/poisson_output/dataset_rgb_poisson_60/assatigue/original/k10/advanced_stats",
    "n_estimators": 50,
    "test_size": 0.2,
    "random_state": 42,
    "cv_folds": 5
  },
  "dataset_info": {
    "data_directory": "/home/brusc/Projects/random_forest/datasets/dataset_rgb_poisson_60/original",
    "area_name": "assatigue",
    "total_images": 116,
    "classes": {
      "low_veg": 40,
      "water": 40,
      "trees": 36
    },
    "image_shape": [
      3,
      128,
      128
    ],
    "total_features_available": 54,
    "feature_method": "advanced_stats",
    "dataset_type": "original",
    "k_features": 10
  },
  "feature_selection": {
    "method": "SelectKBest_k10",
    "num_features": 10,
    "selected_features": [
      "R_std",
      "R_var",
      "R_cv",
      "R_mad",
      "G_std",
      "G_var",
      "G_range",
      "G_cv",
      "G_mad",
      "B_cv"
    ],
    "feature_scores": [
      0.8479040141363161,
      0.849093825448006,
      0.8842005741934982,
      0.886508235954719,
      0.8745367588625619,
      0.8743823265600759,
      0.846368432417971,
      0.9264351260255375,
      0.904846241241565,
      0.8820506913750636
    ]
  },
  "performance": {
    "test_accuracy": 0.9166666666666666,
    "cv_mean_accuracy": 0.9391304347826088,
    "cv_std_accuracy": 0.044339300118198144,
    "cv_scores": [
      1.0,
      0.9565217391304348,
      0.8695652173913043,
      0.9130434782608695,
      0.9565217391304348
    ],
    "classification_report": {
      "low_veg": {
        "precision": 1.0,
        "recall": 0.75,
        "f1-score": 0.8571428571428571,
        "support": 8.0
      },
      "trees": {
        "precision": 1.0,
        "recall": 1.0,
        "f1-score": 1.0,
        "support": 8.0
      },
      "water": {
        "precision": 0.8,
        "recall": 1.0,
        "f1-score": 0.8888888888888888,
        "support": 8.0
      },
      "accuracy": 0.9166666666666666,
      "macro avg": {
        "precision": 0.9333333333333332,
        "recall": 0.9166666666666666,
        "f1-score": 0.9153439153439153,
        "support": 24.0
      },
      "weighted avg": {
        "precision": 0.9333333333333332,
        "recall": 0.9166666666666666,
        "f1-score": 0.9153439153439153,
        "support": 24.0
      }
    },
    "confusion_matrix": [
      [
        6,
        0,
        2
      ],
      [
        0,
        8,
        0
      ],
      [
        0,
        0,
        8
      ]
    ]
  },
  "model_files": {
    "trained_model": "trained_model.joblib",
    "scaler": "scaler.joblib",
    "feature_selector": "feature_selector.joblib",
    "feature_names": "feature_names.json"
  },
  "timestamp": "2025-07-22T01:29:47.946587"
}