{
  "experiment_name": "hybrid_sunset_k20_WithModel",
  "config": {
    "dataset_path": "/home/brusc/Projects/random_forest/datasets/dataset_rgb_salt_and_pepper_5/mini",
    "area_name": "sunset",
    "feature_method": "hybrid",
    "k_features": 20,
    "output_dir": "/home/brusc/Projects/random_forest/experiments_organized_2/salt_and_pepper_output/dataset_rgb_salt_and_pepper_5/sunset/mini/k20/hybrid",
    "n_estimators": 3,
    "test_size": 0.2,
    "random_state": 42,
    "cv_folds": 5
  },
  "dataset_info": {
    "data_directory": "/home/brusc/Projects/random_forest/datasets/dataset_rgb_salt_and_pepper_5/mini",
    "area_name": "sunset",
    "total_images": 15,
    "classes": {
      "garden": 5,
      "low_veg": 5,
      "trees": 5
    },
    "image_shape": [
      3,
      128,
      128
    ],
    "total_features_available": 540,
    "feature_method": "hybrid",
    "dataset_type": "mini",
    "k_features": 20
  },
  "feature_selection": {
    "method": "SelectKBest_k20",
    "num_features": 20,
    "selected_features": [
      "R_std",
      "R_var",
      "R_iqr",
      "R_mad",
      "R_grad_mean",
      "G_grad_mean",
      "B_iqr",
      "B_grad_mean",
      "R_wst_mean_12",
      "R_wst_std_0",
      "G_wst_mean_10",
      "G_wst_mean_11",
      "G_wst_mean_12",
      "G_wst_mean_13",
      "G_wst_mean_14",
      "G_wst_mean_16",
      "B_wst_std_0",
      "B_wst_std_4",
      "B_wst_std_31",
      "B_wst_std_60"
    ],
    "feature_scores": [
      0.70973692973693,
      0.7156628556628561,
      0.7748162948162953,
      0.8709274059274061,
      0.990451215451216,
      0.990451215451216,
      0.7031496281496281,
      0.9493401043401046,
      0.65497261997262,
      0.9160067710067714,
      0.6257133607133611,
      0.7854776704776714,
      0.6479355829355831,
      0.8169038369038373,
      0.6571178821178825,
      0.6830983830983837,
      0.7113242313242316,
      0.672805712805713,
      0.6486258186258194,
      0.6691813741813748
    ]
  },
  "performance": {
    "test_accuracy": 0.6666666666666666,
    "cv_mean_accuracy": 0.7333333333333333,
    "cv_std_accuracy": 0.24944382578492943,
    "cv_scores": [
      1.0,
      0.6666666666666666,
      0.6666666666666666,
      0.3333333333333333,
      1.0
    ],
    "classification_report": {
      "garden": {
        "precision": 0.5,
        "recall": 1.0,
        "f1-score": 0.6666666666666666,
        "support": 1.0
      },
      "low_veg": {
        "precision": 1.0,
        "recall": 1.0,
        "f1-score": 1.0,
        "support": 1.0
      },
      "trees": {
        "precision": 0.0,
        "recall": 0.0,
        "f1-score": 0.0,
        "support": 1.0
      },
      "accuracy": 0.6666666666666666,
      "macro avg": {
        "precision": 0.5,
        "recall": 0.6666666666666666,
        "f1-score": 0.5555555555555555,
        "support": 3.0
      },
      "weighted avg": {
        "precision": 0.5,
        "recall": 0.6666666666666666,
        "f1-score": 0.5555555555555555,
        "support": 3.0
      }
    },
    "confusion_matrix": [
      [
        1,
        0,
        0
      ],
      [
        0,
        1,
        0
      ],
      [
        1,
        0,
        0
      ]
    ]
  },
  "model_files": {
    "trained_model": "trained_model.joblib",
    "scaler": "scaler.joblib",
    "feature_selector": "feature_selector.joblib",
    "feature_names": "feature_names.json"
  },
  "timestamp": "2025-07-22T12:15:00.383368"
}