{
  "experiment_name": "wst_assatigue_k20_WithModel",
  "config": {
    "dataset_path": "/home/brusc/Projects/random_forest/datasets/dataset_rgb_gaussian_50/original",
    "area_name": "assatigue",
    "feature_method": "wst",
    "k_features": 20,
    "output_dir": "/home/brusc/Projects/random_forest/experiments_organized/gaussian_output/rgb_gaussian50/assatigue/original/k20/wst",
    "n_estimators": 50,
    "test_size": 0.2,
    "random_state": 42,
    "cv_folds": 5
  },
  "dataset_info": {
    "data_directory": "/home/brusc/Projects/random_forest/datasets/dataset_rgb_gaussian_50/original",
    "area_name": "assatigue",
    "total_images": 116,
    "classes": {
      "low_veg": 40,
      "water": 40,
      "trees": 36
    },
    "image_shape": [
      3,
      128,
      128
    ],
    "total_features_available": 486,
    "feature_method": "wst",
    "dataset_type": "original",
    "k_features": 20
  },
  "feature_selection": {
    "method": "SelectKBest_k20",
    "num_features": 20,
    "selected_features": [
      "R_wst_mean_0",
      "R_wst_std_0",
      "G_wst_mean_0",
      "G_wst_std_0",
      "B_wst_mean_0",
      "B_wst_mean_1",
      "B_wst_mean_2",
      "B_wst_mean_3",
      "B_wst_mean_4",
      "B_wst_mean_5",
      "B_wst_mean_6",
      "B_wst_mean_7",
      "B_wst_mean_8",
      "B_wst_mean_13",
      "B_wst_mean_42",
      "B_wst_mean_46",
      "B_wst_mean_53",
      "B_wst_mean_59",
      "B_wst_mean_76",
      "B_wst_std_0"
    ],
    "feature_scores": [
      0.6151398155592833,
      0.8207080385063643,
      0.6442291684252583,
      0.8572191167341103,
      0.657825565109627,
      0.4979553968141537,
      0.44183864890937663,
      0.4304557734346284,
      0.5387775584936065,
      0.47992536376351036,
      0.46720384745978727,
      0.4786759670059879,
      0.5155337549083345,
      0.39420876060539434,
      0.38008251217166156,
      0.3885211384324503,
      0.4197218172553159,
      0.3706675110996518,
      0.3908404589962473,
      0.3652208656177509
    ]
  },
  "performance": {
    "test_accuracy": 0.8333333333333334,
    "cv_mean_accuracy": 0.9054347826086957,
    "cv_std_accuracy": 0.05,
    "cv_scores": [
      0.875,
      0.8695652173913043,
      0.9130434782608695,
      0.8695652173913043,
      1.0
    ],
    "classification_report": {
      "low_veg": {
        "precision": 0.8333333333333334,
        "recall": 0.625,
        "f1-score": 0.7142857142857143,
        "support": 8.0
      },
      "trees": {
        "precision": 1.0,
        "recall": 1.0,
        "f1-score": 1.0,
        "support": 8.0
      },
      "water": {
        "precision": 0.7,
        "recall": 0.875,
        "f1-score": 0.7777777777777778,
        "support": 8.0
      },
      "accuracy": 0.8333333333333334,
      "macro avg": {
        "precision": 0.8444444444444444,
        "recall": 0.8333333333333334,
        "f1-score": 0.8306878306878307,
        "support": 24.0
      },
      "weighted avg": {
        "precision": 0.8444444444444444,
        "recall": 0.8333333333333334,
        "f1-score": 0.8306878306878307,
        "support": 24.0
      }
    },
    "confusion_matrix": [
      [
        5,
        0,
        3
      ],
      [
        0,
        8,
        0
      ],
      [
        1,
        0,
        7
      ]
    ]
  },
  "model_files": {
    "trained_model": "trained_model.joblib",
    "scaler": "scaler.joblib",
    "feature_selector": "feature_selector.joblib",
    "feature_names": "feature_names.json"
  },
  "timestamp": "2025-07-21T20:25:25.262301"
}