{
  "experiment_name": "hybrid_sunset_k20_WithModel",
  "config": {
    "dataset_path": "/home/brusc/Projects/random_forest/datasets/dataset_rgb_uniform_10/original",
    "area_name": "sunset",
    "feature_method": "hybrid",
    "k_features": 20,
    "output_dir": "/home/brusc/Projects/random_forest/experiments_organized/uniform_output/dataset_rgb_uniform_10/sunset/original/k20/hybrid",
    "n_estimators": 50,
    "test_size": 0.2,
    "random_state": 42,
    "cv_folds": 5
  },
  "dataset_info": {
    "data_directory": "/home/brusc/Projects/random_forest/datasets/dataset_rgb_uniform_10/original",
    "area_name": "sunset",
    "total_images": 120,
    "classes": {
      "garden": 40,
      "low_veg": 40,
      "trees": 40
    },
    "image_shape": [
      3,
      128,
      128
    ],
    "total_features_available": 540,
    "feature_method": "hybrid",
    "dataset_type": "original",
    "k_features": 20
  },
  "feature_selection": {
    "method": "SelectKBest_k20",
    "num_features": 20,
    "selected_features": [
      "R_std",
      "R_var",
      "R_mad",
      "R_wst_mean_4",
      "R_wst_mean_13",
      "R_wst_mean_34",
      "R_wst_std_0",
      "G_wst_mean_3",
      "G_wst_mean_4",
      "G_wst_mean_5",
      "G_wst_mean_11",
      "G_wst_mean_12",
      "G_wst_mean_13",
      "G_wst_mean_44",
      "G_wst_mean_45",
      "G_wst_mean_53",
      "G_wst_mean_54",
      "G_wst_std_4",
      "G_wst_std_5",
      "G_wst_std_12"
    ],
    "feature_scores": [
      0.8408968808558575,
      0.8414573028653769,
      0.8318137060155966,
      0.8127470474816423,
      0.8518157172706615,
      0.8153083804309185,
      0.9029344032137192,
      0.8183970605522408,
      0.8586756452372484,
      0.8574885765804594,
      0.8347833651517806,
      0.8212919454020395,
      0.8625242382899718,
      0.8667440138348685,
      0.8403765487387813,
      0.8144187400833705,
      0.8103182573922574,
      0.8246231588957591,
      0.8249399493989438,
      0.8406894617791338
    ]
  },
  "performance": {
    "test_accuracy": 1.0,
    "cv_mean_accuracy": 0.9416666666666667,
    "cv_std_accuracy": 0.08164965809277262,
    "cv_scores": [
      0.7916666666666666,
      1.0,
      0.9166666666666666,
      1.0,
      1.0
    ],
    "classification_report": {
      "garden": {
        "precision": 1.0,
        "recall": 1.0,
        "f1-score": 1.0,
        "support": 8.0
      },
      "low_veg": {
        "precision": 1.0,
        "recall": 1.0,
        "f1-score": 1.0,
        "support": 8.0
      },
      "trees": {
        "precision": 1.0,
        "recall": 1.0,
        "f1-score": 1.0,
        "support": 8.0
      },
      "accuracy": 1.0,
      "macro avg": {
        "precision": 1.0,
        "recall": 1.0,
        "f1-score": 1.0,
        "support": 24.0
      },
      "weighted avg": {
        "precision": 1.0,
        "recall": 1.0,
        "f1-score": 1.0,
        "support": 24.0
      }
    },
    "confusion_matrix": [
      [
        8,
        0,
        0
      ],
      [
        0,
        8,
        0
      ],
      [
        0,
        0,
        8
      ]
    ]
  },
  "model_files": {
    "trained_model": "trained_model.joblib",
    "scaler": "scaler.joblib",
    "feature_selector": "feature_selector.joblib",
    "feature_names": "feature_names.json"
  },
  "timestamp": "2025-07-22T04:33:21.760995"
}