{
  "experiment_name": "hybrid_popolar_k20_WithModel",
  "config": {
    "dataset_path": "/home/brusc/Projects/random_forest/datasets/dataset_rgb_salt_and_pepper_25/small",
    "area_name": "popolar",
    "feature_method": "hybrid",
    "k_features": 20,
    "output_dir": "/home/brusc/Projects/random_forest/experiments_organized_2/salt_and_pepper_output/dataset_rgb_salt_and_pepper_25/popolar/small/k20/hybrid",
    "n_estimators": 10,
    "test_size": 0.2,
    "random_state": 42,
    "cv_folds": 5
  },
  "dataset_info": {
    "data_directory": "/home/brusc/Projects/random_forest/datasets/dataset_rgb_salt_and_pepper_25/small",
    "area_name": "popolar",
    "total_images": 45,
    "classes": {
      "low_veg": 15,
      "trees": 15,
      "water": 15
    },
    "image_shape": [
      3,
      128,
      128
    ],
    "total_features_available": 540,
    "feature_method": "hybrid",
    "dataset_type": "small",
    "k_features": 20
  },
  "feature_selection": {
    "method": "SelectKBest_k20",
    "num_features": 20,
    "selected_features": [
      "R_mean",
      "R_skew",
      "R_cv",
      "R_p50",
      "G_mean",
      "G_skew",
      "G_kurt",
      "G_cv",
      "G_p50",
      "B_mean",
      "B_skew",
      "B_kurt",
      "B_cv",
      "B_p50",
      "B_grad_mean",
      "R_wst_mean_0",
      "R_wst_std_0",
      "G_wst_mean_0",
      "G_wst_std_0",
      "B_wst_mean_0"
    ],
    "feature_scores": [
      0.7400343256375324,
      0.7872931778963845,
      0.772223186159726,
      0.7941899231264629,
      0.5607530783355457,
      0.7043082268906944,
      0.5523185604689986,
      0.5804644291388505,
      0.7654109065297723,
      0.8149609857602709,
      0.818092298891584,
      0.6384891221602993,
      0.8416934905639901,
      0.7824761249420766,
      0.5287537543569611,
      0.7444787700819766,
      0.6678051918930359,
      0.5863703622861631,
      0.7737393860092592,
      0.8168128376121229
    ]
  },
  "performance": {
    "test_accuracy": 0.6666666666666666,
    "cv_mean_accuracy": 0.8444444444444444,
    "cv_std_accuracy": 0.08888888888888888,
    "cv_scores": [
      0.7777777777777778,
      0.7777777777777778,
      1.0,
      0.8888888888888888,
      0.7777777777777778
    ],
    "classification_report": {
      "low_veg": {
        "precision": 0.5,
        "recall": 0.3333333333333333,
        "f1-score": 0.4,
        "support": 3.0
      },
      "trees": {
        "precision": 1.0,
        "recall": 0.6666666666666666,
        "f1-score": 0.8,
        "support": 3.0
      },
      "water": {
        "precision": 0.6,
        "recall": 1.0,
        "f1-score": 0.75,
        "support": 3.0
      },
      "accuracy": 0.6666666666666666,
      "macro avg": {
        "precision": 0.7000000000000001,
        "recall": 0.6666666666666666,
        "f1-score": 0.65,
        "support": 9.0
      },
      "weighted avg": {
        "precision": 0.7,
        "recall": 0.6666666666666666,
        "f1-score": 0.65,
        "support": 9.0
      }
    },
    "confusion_matrix": [
      [
        1,
        0,
        2
      ],
      [
        1,
        2,
        0
      ],
      [
        0,
        0,
        3
      ]
    ]
  },
  "model_files": {
    "trained_model": "trained_model.joblib",
    "scaler": "scaler.joblib",
    "feature_selector": "feature_selector.joblib",
    "feature_names": "feature_names.json"
  },
  "timestamp": "2025-07-22T15:47:34.432412"
}