{
  "experiment_name": "wst_popolar_k20_WithModel",
  "config": {
    "dataset_path": "/home/brusc/Projects/random_forest/datasets/dataset_rgb_uniform_25/mini",
    "area_name": "popolar",
    "feature_method": "wst",
    "k_features": 20,
    "output_dir": "/home/brusc/Projects/random_forest/experiments_organized/uniform_output/dataset_rgb_uniform_25/popolar/mini/k20/wst",
    "n_estimators": 3,
    "test_size": 0.2,
    "random_state": 42,
    "cv_folds": 5
  },
  "dataset_info": {
    "data_directory": "/home/brusc/Projects/random_forest/datasets/dataset_rgb_uniform_25/mini",
    "area_name": "popolar",
    "total_images": 15,
    "classes": {
      "low_veg": 5,
      "trees": 5,
      "water": 5
    },
    "image_shape": [
      3,
      128,
      128
    ],
    "total_features_available": 486,
    "feature_method": "wst",
    "dataset_type": "mini",
    "k_features": 20
  },
  "feature_selection": {
    "method": "SelectKBest_k20",
    "num_features": 20,
    "selected_features": [
      "R_wst_mean_0",
      "R_wst_mean_10",
      "R_wst_mean_11",
      "R_wst_mean_14",
      "R_wst_mean_15",
      "R_wst_mean_27",
      "R_wst_std_0",
      "G_wst_mean_1",
      "G_wst_mean_3",
      "G_wst_mean_5",
      "G_wst_mean_9",
      "G_wst_mean_10",
      "G_wst_mean_12",
      "G_wst_mean_13",
      "G_wst_mean_14",
      "G_wst_mean_15",
      "G_wst_mean_35",
      "G_wst_std_0",
      "B_wst_mean_0",
      "B_wst_mean_1"
    ],
    "feature_scores": [
      0.86960224960225,
      0.6753718503718509,
      0.673625818625819,
      0.823625818625819,
      0.7578009028009032,
      0.7385464535464543,
      0.8609274059274064,
      0.7002371702371704,
      0.6835464535464539,
      0.865371850371851,
      0.6580149480149484,
      0.73473692973693,
      0.6841020091020098,
      0.7496575646575652,
      0.7069591519591523,
      0.6876710326710325,
      0.7942607392607397,
      0.8482289932289937,
      0.810742220742221,
      0.6620313020313027
    ]
  },
  "performance": {
    "test_accuracy": 1.0,
    "cv_mean_accuracy": 0.7999999999999999,
    "cv_std_accuracy": 0.16329931618554525,
    "cv_scores": [
      0.6666666666666666,
      0.6666666666666666,
      1.0,
      1.0,
      0.6666666666666666
    ],
    "classification_report": {
      "low_veg": {
        "precision": 1.0,
        "recall": 1.0,
        "f1-score": 1.0,
        "support": 1.0
      },
      "trees": {
        "precision": 1.0,
        "recall": 1.0,
        "f1-score": 1.0,
        "support": 1.0
      },
      "water": {
        "precision": 1.0,
        "recall": 1.0,
        "f1-score": 1.0,
        "support": 1.0
      },
      "accuracy": 1.0,
      "macro avg": {
        "precision": 1.0,
        "recall": 1.0,
        "f1-score": 1.0,
        "support": 3.0
      },
      "weighted avg": {
        "precision": 1.0,
        "recall": 1.0,
        "f1-score": 1.0,
        "support": 3.0
      }
    },
    "confusion_matrix": [
      [
        1,
        0,
        0
      ],
      [
        0,
        1,
        0
      ],
      [
        0,
        0,
        1
      ]
    ]
  },
  "model_files": {
    "trained_model": "trained_model.joblib",
    "scaler": "scaler.joblib",
    "feature_selector": "feature_selector.joblib",
    "feature_names": "feature_names.json"
  },
  "timestamp": "2025-07-22T04:36:10.892161"
}