{
  "experiment_name": "wst_popolar_k20_WithModel",
  "config": {
    "dataset_path": "/home/brusc/Projects/random_forest/datasets/dataset_rgb_speckle_15/original",
    "area_name": "popolar",
    "feature_method": "wst",
    "k_features": 20,
    "output_dir": "/home/brusc/Projects/random_forest/experiments_organized/speckle_output/dataset_rgb_speckle_15/popolar/original/k20/wst",
    "n_estimators": 50,
    "test_size": 0.2,
    "random_state": 42,
    "cv_folds": 5
  },
  "dataset_info": {
    "data_directory": "/home/brusc/Projects/random_forest/datasets/dataset_rgb_speckle_15/original",
    "area_name": "popolar",
    "total_images": 121,
    "classes": {
      "low_veg": 41,
      "trees": 40,
      "water": 40
    },
    "image_shape": [
      3,
      128,
      128
    ],
    "total_features_available": 486,
    "feature_method": "wst",
    "dataset_type": "original",
    "k_features": 20
  },
  "feature_selection": {
    "method": "SelectKBest_k20",
    "num_features": 20,
    "selected_features": [
      "R_wst_mean_0",
      "R_wst_mean_41",
      "R_wst_mean_76",
      "R_wst_std_0",
      "G_wst_std_0",
      "B_wst_mean_0",
      "B_wst_mean_6",
      "B_wst_mean_20",
      "B_wst_mean_21",
      "B_wst_mean_39",
      "B_wst_mean_41",
      "B_wst_mean_42",
      "B_wst_mean_46",
      "B_wst_mean_47",
      "B_wst_mean_48",
      "B_wst_mean_56",
      "B_wst_mean_68",
      "B_wst_mean_75",
      "B_wst_mean_77",
      "B_wst_std_0"
    ],
    "feature_scores": [
      0.8454193298193147,
      0.8496955068227643,
      0.8341825318204767,
      0.9805966735024956,
      1.014501630140549,
      0.8936598588807572,
      0.8499682487683247,
      0.8808323364399728,
      0.8589521840590273,
      0.8352985419664303,
      0.8616586941758277,
      0.8462989823049405,
      0.848534600881327,
      0.8372780541575608,
      0.8811519267765366,
      0.8672594625174699,
      0.8481329349938982,
      0.8575118175525889,
      0.8351702760464434,
      0.8754493709586786
    ]
  },
  "performance": {
    "test_accuracy": 0.92,
    "cv_mean_accuracy": 0.959,
    "cv_std_accuracy": 0.03653917228278592,
    "cv_scores": [
      0.92,
      1.0,
      1.0,
      0.9583333333333334,
      0.9166666666666666
    ],
    "classification_report": {
      "low_veg": {
        "precision": 0.8888888888888888,
        "recall": 0.8888888888888888,
        "f1-score": 0.8888888888888888,
        "support": 9.0
      },
      "trees": {
        "precision": 1.0,
        "recall": 0.875,
        "f1-score": 0.9333333333333333,
        "support": 8.0
      },
      "water": {
        "precision": 0.8888888888888888,
        "recall": 1.0,
        "f1-score": 0.9411764705882353,
        "support": 8.0
      },
      "accuracy": 0.92,
      "macro avg": {
        "precision": 0.9259259259259259,
        "recall": 0.9212962962962963,
        "f1-score": 0.9211328976034858,
        "support": 25.0
      },
      "weighted avg": {
        "precision": 0.9244444444444444,
        "recall": 0.92,
        "f1-score": 0.919843137254902,
        "support": 25.0
      }
    },
    "confusion_matrix": [
      [
        8,
        0,
        1
      ],
      [
        1,
        7,
        0
      ],
      [
        0,
        0,
        8
      ]
    ]
  },
  "model_files": {
    "trained_model": "trained_model.joblib",
    "scaler": "scaler.joblib",
    "feature_selector": "feature_selector.joblib",
    "feature_names": "feature_names.json"
  },
  "timestamp": "2025-07-22T01:44:17.490108"
}