{
  "experiment_name": "hybrid_sunset_k20_WithModel",
  "config": {
    "dataset_path": "/home/brusc/Projects/random_forest/datasets/dataset_rgb_gaussian_30/mini",
    "area_name": "sunset",
    "feature_method": "hybrid",
    "k_features": 20,
    "output_dir": "/home/brusc/Projects/random_forest/experiments_organized/gaussian_output/rgb_gaussian30/sunset/mini/k20/hybrid",
    "n_estimators": 3,
    "test_size": 0.2,
    "random_state": 42,
    "cv_folds": 5
  },
  "dataset_info": {
    "data_directory": "/home/brusc/Projects/random_forest/datasets/dataset_rgb_gaussian_30/mini",
    "area_name": "sunset",
    "total_images": 15,
    "classes": {
      "garden": 5,
      "low_veg": 5,
      "trees": 5
    },
    "image_shape": [
      3,
      128,
      128
    ],
    "total_features_available": 540,
    "feature_method": "hybrid",
    "dataset_type": "mini",
    "k_features": 20
  },
  "feature_selection": {
    "method": "SelectKBest_k20",
    "num_features": 20,
    "selected_features": [
      "R_iqr",
      "B_mean",
      "B_p25",
      "B_mad",
      "R_wst_std_0",
      "G_wst_mean_15",
      "G_wst_std_0",
      "B_wst_mean_3",
      "B_wst_mean_5",
      "B_wst_mean_7",
      "B_wst_mean_11",
      "B_wst_mean_16",
      "B_wst_mean_21",
      "B_wst_mean_29",
      "B_wst_mean_46",
      "B_wst_mean_49",
      "B_wst_mean_50",
      "B_wst_mean_57",
      "B_wst_std_0",
      "B_wst_std_44"
    ],
    "feature_scores": [
      0.5968004218004221,
      0.5577768527768527,
      0.605133755133755,
      0.5320866170866174,
      0.9131496281496285,
      0.546879786879787,
      0.5542607392607395,
      0.5275916675916679,
      0.5560596810596812,
      0.5440947940947947,
      0.550845635845636,
      0.6148138898138902,
      0.5275628075628074,
      0.5519591519591522,
      0.5970072520072522,
      0.6525940725940731,
      0.6668797868797873,
      0.5574353424353429,
      0.5256893106893108,
      0.5391813741813751
    ]
  },
  "performance": {
    "test_accuracy": 1.0,
    "cv_mean_accuracy": 0.8,
    "cv_std_accuracy": 0.16329931618554522,
    "cv_scores": [
      0.6666666666666666,
      0.6666666666666666,
      0.6666666666666666,
      1.0,
      1.0
    ],
    "classification_report": {
      "garden": {
        "precision": 1.0,
        "recall": 1.0,
        "f1-score": 1.0,
        "support": 1.0
      },
      "low_veg": {
        "precision": 1.0,
        "recall": 1.0,
        "f1-score": 1.0,
        "support": 1.0
      },
      "trees": {
        "precision": 1.0,
        "recall": 1.0,
        "f1-score": 1.0,
        "support": 1.0
      },
      "accuracy": 1.0,
      "macro avg": {
        "precision": 1.0,
        "recall": 1.0,
        "f1-score": 1.0,
        "support": 3.0
      },
      "weighted avg": {
        "precision": 1.0,
        "recall": 1.0,
        "f1-score": 1.0,
        "support": 3.0
      }
    },
    "confusion_matrix": [
      [
        1,
        0,
        0
      ],
      [
        0,
        1,
        0
      ],
      [
        0,
        0,
        1
      ]
    ]
  },
  "model_files": {
    "trained_model": "trained_model.joblib",
    "scaler": "scaler.joblib",
    "feature_selector": "feature_selector.joblib",
    "feature_names": "feature_names.json"
  },
  "timestamp": "2025-07-21T19:14:37.056654"
}