{
  "experiment_name": "wst_popolar_k20_WithModel",
  "config": {
    "dataset_path": "/home/brusc/Projects/random_forest/datasets/dataset_rgb_salt_and_pepper_5/mini",
    "area_name": "popolar",
    "feature_method": "wst",
    "k_features": 20,
    "output_dir": "/home/brusc/Projects/random_forest/experiments_organized_2/salt_and_pepper_output/dataset_rgb_salt_and_pepper_5/popolar/mini/k20/wst",
    "n_estimators": 3,
    "test_size": 0.2,
    "random_state": 42,
    "cv_folds": 5
  },
  "dataset_info": {
    "data_directory": "/home/brusc/Projects/random_forest/datasets/dataset_rgb_salt_and_pepper_5/mini",
    "area_name": "popolar",
    "total_images": 15,
    "classes": {
      "low_veg": 5,
      "trees": 5,
      "water": 5
    },
    "image_shape": [
      3,
      128,
      128
    ],
    "total_features_available": 486,
    "feature_method": "wst",
    "dataset_type": "mini",
    "k_features": 20
  },
  "feature_selection": {
    "method": "SelectKBest_k20",
    "num_features": 20,
    "selected_features": [
      "R_wst_mean_0",
      "R_wst_mean_12",
      "R_wst_mean_13",
      "R_wst_mean_14",
      "R_wst_mean_16",
      "R_wst_std_0",
      "G_wst_mean_68",
      "G_wst_std_0",
      "B_wst_mean_0",
      "B_wst_mean_13",
      "B_wst_mean_14",
      "B_wst_mean_33",
      "B_wst_mean_38",
      "B_wst_mean_49",
      "B_wst_mean_62",
      "B_wst_mean_78",
      "B_wst_std_0",
      "B_wst_std_7",
      "B_wst_std_33",
      "B_wst_std_34"
    ],
    "feature_scores": [
      0.8440466940466944,
      0.6082835682835688,
      0.6273006623006627,
      0.6300784400784405,
      0.5764805564805566,
      0.73473692973693,
      0.5544435194435198,
      0.7887051837051844,
      0.9148162948162952,
      0.5216392866392869,
      0.713411773411774,
      0.5941741591741596,
      0.5485680985680987,
      0.5675868575868579,
      0.6971948421948426,
      0.5440996040996045,
      0.5438615088615091,
      0.5204199504199509,
      0.5441789691789696,
      0.5252347652347658
    ]
  },
  "performance": {
    "test_accuracy": 0.6666666666666666,
    "cv_mean_accuracy": 0.7333333333333333,
    "cv_std_accuracy": 0.24944382578492943,
    "cv_scores": [
      0.6666666666666666,
      1.0,
      0.6666666666666666,
      1.0,
      0.3333333333333333
    ],
    "classification_report": {
      "low_veg": {
        "precision": 0.5,
        "recall": 1.0,
        "f1-score": 0.6666666666666666,
        "support": 1.0
      },
      "trees": {
        "precision": 0.0,
        "recall": 0.0,
        "f1-score": 0.0,
        "support": 1.0
      },
      "water": {
        "precision": 1.0,
        "recall": 1.0,
        "f1-score": 1.0,
        "support": 1.0
      },
      "accuracy": 0.6666666666666666,
      "macro avg": {
        "precision": 0.5,
        "recall": 0.6666666666666666,
        "f1-score": 0.5555555555555555,
        "support": 3.0
      },
      "weighted avg": {
        "precision": 0.5,
        "recall": 0.6666666666666666,
        "f1-score": 0.5555555555555555,
        "support": 3.0
      }
    },
    "confusion_matrix": [
      [
        1,
        0,
        0
      ],
      [
        1,
        0,
        0
      ],
      [
        0,
        0,
        1
      ]
    ]
  },
  "model_files": {
    "trained_model": "trained_model.joblib",
    "scaler": "scaler.joblib",
    "feature_selector": "feature_selector.joblib",
    "feature_names": "feature_names.json"
  },
  "timestamp": "2025-07-22T12:09:32.629190"
}