{
  "experiment_name": "wst_assatigue_k20_WithModel",
  "config": {
    "dataset_path": "/home/brusc/Projects/random_forest/datasets/dataset_rgb_clean/small",
    "area_name": "assatigue",
    "feature_method": "wst",
    "k_features": 20,
    "output_dir": "/home/brusc/Projects/random_forest/experiments_organized/gaussian_output/rgb_clean/assatigue/small/k20/wst",
    "n_estimators": 10,
    "test_size": 0.2,
    "random_state": 42,
    "cv_folds": 5
  },
  "dataset_info": {
    "data_directory": "/home/brusc/Projects/random_forest/datasets/dataset_rgb_clean/small",
    "area_name": "assatigue",
    "total_images": 45,
    "classes": {
      "low_veg": 15,
      "trees": 15,
      "water": 15
    },
    "image_shape": [
      3,
      128,
      128
    ],
    "total_features_available": 486,
    "feature_method": "wst",
    "dataset_type": "small",
    "k_features": 20
  },
  "feature_selection": {
    "method": "SelectKBest_k20",
    "num_features": 20,
    "selected_features": [
      "R_wst_mean_1",
      "R_wst_mean_6",
      "R_wst_mean_7",
      "R_wst_mean_8",
      "R_wst_mean_14",
      "R_wst_mean_15",
      "R_wst_mean_16",
      "R_wst_mean_37",
      "R_wst_mean_60",
      "R_wst_mean_61",
      "R_wst_mean_65",
      "R_wst_mean_69",
      "R_wst_mean_70",
      "R_wst_mean_71",
      "R_wst_mean_72",
      "R_wst_std_0",
      "G_wst_mean_7",
      "G_wst_mean_15",
      "G_wst_mean_52",
      "B_wst_mean_15"
    ],
    "feature_scores": [
      0.8391411266070783,
      0.8775296081328143,
      0.8788610145622602,
      0.833306632965567,
      0.8385886108584839,
      0.9282841313873378,
      0.8381214477803816,
      0.830378734315274,
      0.8825773907786365,
      0.8696027202059267,
      0.8204189845516028,
      0.8306277354956477,
      0.856104480972393,
      0.8403405340680954,
      0.8543212973135645,
      0.8447391578423644,
      0.8229330137322985,
      0.8533928407607532,
      0.8297871037236435,
      0.8710842016874081
    ]
  },
  "performance": {
    "test_accuracy": 0.8888888888888888,
    "cv_mean_accuracy": 0.9111111111111111,
    "cv_std_accuracy": 0.08314794192830981,
    "cv_scores": [
      0.8888888888888888,
      1.0,
      1.0,
      0.8888888888888888,
      0.7777777777777778
    ],
    "classification_report": {
      "low_veg": {
        "precision": 1.0,
        "recall": 0.6666666666666666,
        "f1-score": 0.8,
        "support": 3.0
      },
      "trees": {
        "precision": 0.75,
        "recall": 1.0,
        "f1-score": 0.8571428571428571,
        "support": 3.0
      },
      "water": {
        "precision": 1.0,
        "recall": 1.0,
        "f1-score": 1.0,
        "support": 3.0
      },
      "accuracy": 0.8888888888888888,
      "macro avg": {
        "precision": 0.9166666666666666,
        "recall": 0.8888888888888888,
        "f1-score": 0.8857142857142857,
        "support": 9.0
      },
      "weighted avg": {
        "precision": 0.9166666666666666,
        "recall": 0.8888888888888888,
        "f1-score": 0.8857142857142857,
        "support": 9.0
      }
    },
    "confusion_matrix": [
      [
        2,
        1,
        0
      ],
      [
        0,
        3,
        0
      ],
      [
        0,
        0,
        3
      ]
    ]
  },
  "model_files": {
    "trained_model": "trained_model.joblib",
    "scaler": "scaler.joblib",
    "feature_selector": "feature_selector.joblib",
    "feature_names": "feature_names.json"
  },
  "timestamp": "2025-07-21T18:22:01.875998"
}