{
  "experiment_name": "wst_assatigue_k20_WithModel",
  "config": {
    "dataset_path": "/home/brusc/Projects/random_forest/datasets/dataset_rgb_speckle_55/original",
    "area_name": "assatigue",
    "feature_method": "wst",
    "k_features": 20,
    "output_dir": "/home/brusc/Projects/random_forest/experiments_organized/speckle_output/dataset_rgb_speckle_55/assatigue/original/k20/wst",
    "n_estimators": 50,
    "test_size": 0.2,
    "random_state": 42,
    "cv_folds": 5
  },
  "dataset_info": {
    "data_directory": "/home/brusc/Projects/random_forest/datasets/dataset_rgb_speckle_55/original",
    "area_name": "assatigue",
    "total_images": 116,
    "classes": {
      "low_veg": 40,
      "water": 40,
      "trees": 36
    },
    "image_shape": [
      3,
      128,
      128
    ],
    "total_features_available": 486,
    "feature_method": "wst",
    "dataset_type": "original",
    "k_features": 20
  },
  "feature_selection": {
    "method": "SelectKBest_k20",
    "num_features": 20,
    "selected_features": [
      "R_wst_mean_1",
      "R_wst_mean_28",
      "R_wst_mean_73",
      "R_wst_std_0",
      "G_wst_mean_1",
      "G_wst_mean_3",
      "G_wst_mean_5",
      "G_wst_std_0",
      "B_wst_mean_2",
      "B_wst_mean_3",
      "B_wst_mean_5",
      "B_wst_mean_7",
      "B_wst_mean_28",
      "B_wst_mean_40",
      "B_wst_mean_48",
      "B_wst_mean_51",
      "B_wst_mean_53",
      "B_wst_mean_59",
      "B_wst_mean_67",
      "B_wst_mean_72"
    ],
    "feature_scores": [
      0.7074800817839308,
      0.7032357030783456,
      0.7104953974070052,
      0.9821015381179274,
      0.7473748134890075,
      0.7090413916426543,
      0.7323803850247514,
      0.9426503312565466,
      0.7112434281119324,
      0.6998150097869624,
      0.7304329081039638,
      0.6998469188008696,
      0.7138240371580589,
      0.756641154258898,
      0.7072409641533859,
      0.7671460358033999,
      0.7583992749014665,
      0.7024509017056872,
      0.705572219461386,
      0.717055903736517
    ]
  },
  "performance": {
    "test_accuracy": 0.9166666666666666,
    "cv_mean_accuracy": 0.9489130434782609,
    "cv_std_accuracy": 0.049045713794254264,
    "cv_scores": [
      0.875,
      0.9565217391304348,
      1.0,
      0.9130434782608695,
      1.0
    ],
    "classification_report": {
      "low_veg": {
        "precision": 0.875,
        "recall": 0.875,
        "f1-score": 0.875,
        "support": 8.0
      },
      "trees": {
        "precision": 1.0,
        "recall": 1.0,
        "f1-score": 1.0,
        "support": 8.0
      },
      "water": {
        "precision": 0.875,
        "recall": 0.875,
        "f1-score": 0.875,
        "support": 8.0
      },
      "accuracy": 0.9166666666666666,
      "macro avg": {
        "precision": 0.9166666666666666,
        "recall": 0.9166666666666666,
        "f1-score": 0.9166666666666666,
        "support": 24.0
      },
      "weighted avg": {
        "precision": 0.9166666666666666,
        "recall": 0.9166666666666666,
        "f1-score": 0.9166666666666666,
        "support": 24.0
      }
    },
    "confusion_matrix": [
      [
        7,
        0,
        1
      ],
      [
        0,
        8,
        0
      ],
      [
        1,
        0,
        7
      ]
    ]
  },
  "model_files": {
    "trained_model": "trained_model.joblib",
    "scaler": "scaler.joblib",
    "feature_selector": "feature_selector.joblib",
    "feature_names": "feature_names.json"
  },
  "timestamp": "2025-07-22T03:15:33.570608"
}