{
  "experiment_name": "advanced_stats_sunset_k20_WithModel",
  "config": {
    "dataset_path": "/home/brusc/Projects/random_forest/datasets/dataset_rgb_speckle_35/original",
    "area_name": "sunset",
    "feature_method": "advanced_stats",
    "k_features": 20,
    "output_dir": "/home/brusc/Projects/random_forest/experiments_organized/speckle_output/dataset_rgb_speckle_35/sunset/original/k20/advanced_stats",
    "n_estimators": 50,
    "test_size": 0.2,
    "random_state": 42,
    "cv_folds": 5
  },
  "dataset_info": {
    "data_directory": "/home/brusc/Projects/random_forest/datasets/dataset_rgb_speckle_35/original",
    "area_name": "sunset",
    "total_images": 120,
    "classes": {
      "garden": 40,
      "low_veg": 40,
      "trees": 40
    },
    "image_shape": [
      3,
      128,
      128
    ],
    "total_features_available": 54,
    "feature_method": "advanced_stats",
    "dataset_type": "original",
    "k_features": 20
  },
  "feature_selection": {
    "method": "SelectKBest_k20",
    "num_features": 20,
    "selected_features": [
      "R_std",
      "R_var",
      "R_p90",
      "R_mad",
      "G_cv",
      "B_mean",
      "B_std",
      "B_var",
      "B_range",
      "B_skew",
      "B_kurt",
      "B_cv",
      "B_p10",
      "B_p25",
      "B_p50",
      "B_p75",
      "B_p90",
      "B_iqr",
      "B_mad",
      "B_grad_mean"
    ],
    "feature_scores": [
      0.49691402865422796,
      0.49227386017897734,
      0.5248155559901979,
      0.4679260668211309,
      0.5566364294974262,
      0.6692470878516412,
      0.6041516080448861,
      0.6021554967900025,
      0.46284779571776746,
      0.5373568759169141,
      0.5620453974138102,
      0.7991852721938395,
      0.6874610845309801,
      0.6645045079762999,
      0.6046163970403946,
      0.6502853551399084,
      0.5587245008279271,
      0.5588064844310545,
      0.656159840936299,
      0.5654890076656556
    ]
  },
  "performance": {
    "test_accuracy": 1.0,
    "cv_mean_accuracy": 0.9833333333333334,
    "cv_std_accuracy": 0.020412414523193135,
    "cv_scores": [
      0.9583333333333334,
      1.0,
      0.9583333333333334,
      1.0,
      1.0
    ],
    "classification_report": {
      "garden": {
        "precision": 1.0,
        "recall": 1.0,
        "f1-score": 1.0,
        "support": 8.0
      },
      "low_veg": {
        "precision": 1.0,
        "recall": 1.0,
        "f1-score": 1.0,
        "support": 8.0
      },
      "trees": {
        "precision": 1.0,
        "recall": 1.0,
        "f1-score": 1.0,
        "support": 8.0
      },
      "accuracy": 1.0,
      "macro avg": {
        "precision": 1.0,
        "recall": 1.0,
        "f1-score": 1.0,
        "support": 24.0
      },
      "weighted avg": {
        "precision": 1.0,
        "recall": 1.0,
        "f1-score": 1.0,
        "support": 24.0
      }
    },
    "confusion_matrix": [
      [
        8,
        0,
        0
      ],
      [
        0,
        8,
        0
      ],
      [
        0,
        0,
        8
      ]
    ]
  },
  "model_files": {
    "trained_model": "trained_model.joblib",
    "scaler": "scaler.joblib",
    "feature_selector": "feature_selector.joblib",
    "feature_names": "feature_names.json"
  },
  "timestamp": "2025-07-22T02:46:16.164302"
}