{
  "experiment_name": "wst_popolar_k20_WithModel",
  "config": {
    "dataset_path": "/home/brusc/Projects/random_forest/datasets/dataset_rgb_salt_and_pepper_25/mini",
    "area_name": "popolar",
    "feature_method": "wst",
    "k_features": 20,
    "output_dir": "/home/brusc/Projects/random_forest/experiments_organized_2/salt_and_pepper_output/dataset_rgb_salt_and_pepper_25/popolar/mini/k20/wst",
    "n_estimators": 3,
    "test_size": 0.2,
    "random_state": 42,
    "cv_folds": 5
  },
  "dataset_info": {
    "data_directory": "/home/brusc/Projects/random_forest/datasets/dataset_rgb_salt_and_pepper_25/mini",
    "area_name": "popolar",
    "total_images": 15,
    "classes": {
      "low_veg": 5,
      "trees": 5,
      "water": 5
    },
    "image_shape": [
      3,
      128,
      128
    ],
    "total_features_available": 486,
    "feature_method": "wst",
    "dataset_type": "mini",
    "k_features": 20
  },
  "feature_selection": {
    "method": "SelectKBest_k20",
    "num_features": 20,
    "selected_features": [
      "R_wst_mean_0",
      "R_wst_mean_2",
      "R_wst_mean_3",
      "R_wst_mean_4",
      "R_wst_mean_5",
      "R_wst_mean_6",
      "R_wst_mean_7",
      "R_wst_mean_9",
      "R_wst_mean_10",
      "R_wst_mean_16",
      "R_wst_std_0",
      "R_wst_std_45",
      "G_wst_std_0",
      "G_wst_std_45",
      "B_wst_mean_0",
      "B_wst_mean_5",
      "B_wst_mean_6",
      "B_wst_mean_53",
      "B_wst_std_0",
      "B_wst_std_49"
    ],
    "feature_scores": [
      0.8829355829355834,
      0.4122501572501578,
      0.4923295223295232,
      0.4744723794723804,
      0.4382819032819041,
      0.65973692973693,
      0.6358480408480414,
      0.5355851555851565,
      0.5385969585969588,
      0.39499185999186004,
      0.728361268361269,
      0.3965599215599218,
      0.5265310615310621,
      0.42714193214193275,
      0.8792607392607399,
      0.42145650645650723,
      0.4771707921707926,
      0.6323295223295224,
      0.5345493395493399,
      0.5492030192030197
    ]
  },
  "performance": {
    "test_accuracy": 0.3333333333333333,
    "cv_mean_accuracy": 0.6666666666666666,
    "cv_std_accuracy": 0.21081851067789195,
    "cv_scores": [
      1.0,
      0.6666666666666666,
      0.6666666666666666,
      0.3333333333333333,
      0.6666666666666666
    ],
    "classification_report": {
      "low_veg": {
        "precision": 0.3333333333333333,
        "recall": 1.0,
        "f1-score": 0.5,
        "support": 1.0
      },
      "trees": {
        "precision": 0.0,
        "recall": 0.0,
        "f1-score": 0.0,
        "support": 1.0
      },
      "water": {
        "precision": 0.0,
        "recall": 0.0,
        "f1-score": 0.0,
        "support": 1.0
      },
      "accuracy": 0.3333333333333333,
      "macro avg": {
        "precision": 0.1111111111111111,
        "recall": 0.3333333333333333,
        "f1-score": 0.16666666666666666,
        "support": 3.0
      },
      "weighted avg": {
        "precision": 0.1111111111111111,
        "recall": 0.3333333333333333,
        "f1-score": 0.16666666666666666,
        "support": 3.0
      }
    },
    "confusion_matrix": [
      [
        1,
        0,
        0
      ],
      [
        1,
        0,
        0
      ],
      [
        1,
        0,
        0
      ]
    ]
  },
  "model_files": {
    "trained_model": "trained_model.joblib",
    "scaler": "scaler.joblib",
    "feature_selector": "feature_selector.joblib",
    "feature_names": "feature_names.json"
  },
  "timestamp": "2025-07-22T15:25:11.394090"
}