{
  "experiment_name": "wst_assatigue_k20_WithModel",
  "config": {
    "dataset_path": "/home/brusc/Projects/random_forest/datasets/dataset_rgb_poisson_60/original",
    "area_name": "assatigue",
    "feature_method": "wst",
    "k_features": 20,
    "output_dir": "/home/brusc/Projects/random_forest/experiments_organized_2/poisson_output/dataset_rgb_poisson_60/assatigue/original/k20/wst",
    "n_estimators": 50,
    "test_size": 0.2,
    "random_state": 42,
    "cv_folds": 5
  },
  "dataset_info": {
    "data_directory": "/home/brusc/Projects/random_forest/datasets/dataset_rgb_poisson_60/original",
    "area_name": "assatigue",
    "total_images": 116,
    "classes": {
      "low_veg": 40,
      "water": 40,
      "trees": 36
    },
    "image_shape": [
      3,
      128,
      128
    ],
    "total_features_available": 486,
    "feature_method": "wst",
    "dataset_type": "original",
    "k_features": 20
  },
  "feature_selection": {
    "method": "SelectKBest_k20",
    "num_features": 20,
    "selected_features": [
      "R_wst_mean_3",
      "R_wst_mean_4",
      "R_wst_mean_35",
      "R_wst_mean_54",
      "R_wst_mean_59",
      "R_wst_mean_65",
      "R_wst_mean_78",
      "R_wst_std_0",
      "G_wst_std_0",
      "B_wst_mean_20",
      "B_wst_mean_31",
      "B_wst_mean_32",
      "B_wst_mean_38",
      "B_wst_mean_40",
      "B_wst_mean_49",
      "B_wst_mean_50",
      "B_wst_mean_55",
      "B_wst_mean_58",
      "B_wst_mean_65",
      "B_wst_mean_68"
    ],
    "feature_scores": [
      0.7512903860036537,
      0.7617622803047774,
      0.6947223977280728,
      0.6796938713468585,
      0.6907150125366213,
      0.6902145203434098,
      0.6785982609903454,
      0.9177154211759628,
      0.9082176274883271,
      0.7259208962376764,
      0.6837053127566157,
      0.6844348524189756,
      0.6949050967994683,
      0.7343991406262307,
      0.6957310963462096,
      0.6862861661285533,
      0.6857751446531635,
      0.6852596657057561,
      0.6794393007259081,
      0.721082894201398
    ]
  },
  "performance": {
    "test_accuracy": 0.9166666666666666,
    "cv_mean_accuracy": 0.9137681159420289,
    "cv_std_accuracy": 0.06150462369253028,
    "cv_scores": [
      0.9166666666666666,
      0.9565217391304348,
      0.8260869565217391,
      0.8695652173913043,
      1.0
    ],
    "classification_report": {
      "low_veg": {
        "precision": 1.0,
        "recall": 0.75,
        "f1-score": 0.8571428571428571,
        "support": 8.0
      },
      "trees": {
        "precision": 1.0,
        "recall": 1.0,
        "f1-score": 1.0,
        "support": 8.0
      },
      "water": {
        "precision": 0.8,
        "recall": 1.0,
        "f1-score": 0.8888888888888888,
        "support": 8.0
      },
      "accuracy": 0.9166666666666666,
      "macro avg": {
        "precision": 0.9333333333333332,
        "recall": 0.9166666666666666,
        "f1-score": 0.9153439153439153,
        "support": 24.0
      },
      "weighted avg": {
        "precision": 0.9333333333333332,
        "recall": 0.9166666666666666,
        "f1-score": 0.9153439153439153,
        "support": 24.0
      }
    },
    "confusion_matrix": [
      [
        6,
        0,
        2
      ],
      [
        0,
        8,
        0
      ],
      [
        0,
        0,
        8
      ]
    ]
  },
  "model_files": {
    "trained_model": "trained_model.joblib",
    "scaler": "scaler.joblib",
    "feature_selector": "feature_selector.joblib",
    "feature_names": "feature_names.json"
  },
  "timestamp": "2025-07-22T01:29:28.214155"
}