{
  "experiment_name": "wst_popolar_k20_WithModel",
  "config": {
    "dataset_path": "/home/brusc/Projects/random_forest/datasets/dataset_rgb_gaussian_50/mini",
    "area_name": "popolar",
    "feature_method": "wst",
    "k_features": 20,
    "output_dir": "/home/brusc/Projects/random_forest/experiments_organized/gaussian_output/rgb_gaussian50/popolar/mini/k20/wst",
    "n_estimators": 3,
    "test_size": 0.2,
    "random_state": 42,
    "cv_folds": 5
  },
  "dataset_info": {
    "data_directory": "/home/brusc/Projects/random_forest/datasets/dataset_rgb_gaussian_50/mini",
    "area_name": "popolar",
    "total_images": 15,
    "classes": {
      "low_veg": 5,
      "trees": 5,
      "water": 5
    },
    "image_shape": [
      3,
      128,
      128
    ],
    "total_features_available": 486,
    "feature_method": "wst",
    "dataset_type": "mini",
    "k_features": 20
  },
  "feature_selection": {
    "method": "SelectKBest_k20",
    "num_features": 20,
    "selected_features": [
      "R_wst_mean_0",
      "R_wst_mean_20",
      "R_wst_mean_78",
      "R_wst_std_0",
      "R_wst_std_32",
      "R_wst_std_62",
      "G_wst_mean_9",
      "G_wst_mean_74",
      "G_wst_std_0",
      "B_wst_mean_0",
      "B_wst_mean_3",
      "B_wst_mean_4",
      "B_wst_mean_7",
      "B_wst_mean_39",
      "B_wst_mean_47",
      "B_wst_mean_69",
      "B_wst_std_23",
      "B_wst_std_45",
      "B_wst_std_73",
      "B_wst_std_77"
    ],
    "feature_scores": [
      0.7940466940466944,
      0.4868268768268773,
      0.49613664113664147,
      0.7529908979908986,
      0.7466897916897921,
      0.5114805564805571,
      0.40372923372923397,
      0.4682265882265888,
      0.7397369297369301,
      0.8709274059274061,
      0.5806604506604511,
      0.6817739667739675,
      0.4249197099197102,
      0.5287027787027794,
      0.44947237947238006,
      0.5629355829355833,
      0.5137316387316391,
      0.40467846967847043,
      0.40279849779849797,
      0.5172982572982574
    ]
  },
  "performance": {
    "test_accuracy": 1.0,
    "cv_mean_accuracy": 0.9333333333333332,
    "cv_std_accuracy": 0.13333333333333336,
    "cv_scores": [
      1.0,
      0.6666666666666666,
      1.0,
      1.0,
      1.0
    ],
    "classification_report": {
      "low_veg": {
        "precision": 1.0,
        "recall": 1.0,
        "f1-score": 1.0,
        "support": 1.0
      },
      "trees": {
        "precision": 1.0,
        "recall": 1.0,
        "f1-score": 1.0,
        "support": 1.0
      },
      "water": {
        "precision": 1.0,
        "recall": 1.0,
        "f1-score": 1.0,
        "support": 1.0
      },
      "accuracy": 1.0,
      "macro avg": {
        "precision": 1.0,
        "recall": 1.0,
        "f1-score": 1.0,
        "support": 3.0
      },
      "weighted avg": {
        "precision": 1.0,
        "recall": 1.0,
        "f1-score": 1.0,
        "support": 3.0
      }
    },
    "confusion_matrix": [
      [
        1,
        0,
        0
      ],
      [
        0,
        1,
        0
      ],
      [
        0,
        0,
        1
      ]
    ]
  },
  "model_files": {
    "trained_model": "trained_model.joblib",
    "scaler": "scaler.joblib",
    "feature_selector": "feature_selector.joblib",
    "feature_names": "feature_names.json"
  },
  "timestamp": "2025-07-21T20:03:38.851563"
}