{
  "experiment_name": "hybrid_assatigue_k10_WithModel",
  "config": {
    "dataset_path": "/home/brusc/Projects/random_forest/datasets/dataset_rgb_gaussian_30/original",
    "area_name": "assatigue",
    "feature_method": "hybrid",
    "k_features": 10,
    "output_dir": "/home/brusc/Projects/random_forest/experiments_organized/gaussian_output/rgb_gaussian30/assatigue/original/k10/hybrid",
    "n_estimators": 50,
    "test_size": 0.2,
    "random_state": 42,
    "cv_folds": 5
  },
  "dataset_info": {
    "data_directory": "/home/brusc/Projects/random_forest/datasets/dataset_rgb_gaussian_30/original",
    "area_name": "assatigue",
    "total_images": 116,
    "classes": {
      "low_veg": 40,
      "water": 40,
      "trees": 36
    },
    "image_shape": [
      3,
      128,
      128
    ],
    "total_features_available": 540,
    "feature_method": "hybrid",
    "dataset_type": "original",
    "k_features": 10
  },
  "feature_selection": {
    "method": "SelectKBest_k10",
    "num_features": 10,
    "selected_features": [
      "G_p25",
      "G_iqr",
      "B_mean",
      "B_cv",
      "B_p10",
      "B_p25",
      "B_p50",
      "R_wst_std_0",
      "G_wst_std_0",
      "B_wst_mean_0"
    ],
    "feature_scores": [
      0.6760877791631803,
      0.7562497969166089,
      0.6604978066611786,
      0.6979700515842451,
      0.6918829753463072,
      0.6841502387342597,
      0.6901702415060271,
      0.8843930919756184,
      0.9198168420053223,
      0.6619891298335363
    ]
  },
  "performance": {
    "test_accuracy": 0.875,
    "cv_mean_accuracy": 0.9315217391304348,
    "cv_std_accuracy": 0.042876267224600056,
    "cv_scores": [
      0.875,
      0.9565217391304348,
      0.9130434782608695,
      0.9130434782608695,
      1.0
    ],
    "classification_report": {
      "low_veg": {
        "precision": 0.8571428571428571,
        "recall": 0.75,
        "f1-score": 0.8,
        "support": 8.0
      },
      "trees": {
        "precision": 1.0,
        "recall": 1.0,
        "f1-score": 1.0,
        "support": 8.0
      },
      "water": {
        "precision": 0.7777777777777778,
        "recall": 0.875,
        "f1-score": 0.8235294117647058,
        "support": 8.0
      },
      "accuracy": 0.875,
      "macro avg": {
        "precision": 0.8783068783068783,
        "recall": 0.875,
        "f1-score": 0.8745098039215686,
        "support": 24.0
      },
      "weighted avg": {
        "precision": 0.8783068783068783,
        "recall": 0.875,
        "f1-score": 0.8745098039215686,
        "support": 24.0
      }
    },
    "confusion_matrix": [
      [
        6,
        0,
        2
      ],
      [
        0,
        8,
        0
      ],
      [
        1,
        0,
        7
      ]
    ]
  },
  "model_files": {
    "trained_model": "trained_model.joblib",
    "scaler": "scaler.joblib",
    "feature_selector": "feature_selector.joblib",
    "feature_names": "feature_names.json"
  },
  "timestamp": "2025-07-21T19:37:32.321135"
}