{
  "experiment_name": "wst_sunset_k20_WithModel",
  "config": {
    "dataset_path": "/home/brusc/Projects/random_forest/datasets/dataset_rgb_gaussian_30/mini",
    "area_name": "sunset",
    "feature_method": "wst",
    "k_features": 20,
    "output_dir": "/home/brusc/Projects/random_forest/experiments_organized/gaussian_output/rgb_gaussian30/sunset/mini/k20/wst",
    "n_estimators": 3,
    "test_size": 0.2,
    "random_state": 42,
    "cv_folds": 5
  },
  "dataset_info": {
    "data_directory": "/home/brusc/Projects/random_forest/datasets/dataset_rgb_gaussian_30/mini",
    "area_name": "sunset",
    "total_images": 15,
    "classes": {
      "garden": 5,
      "low_veg": 5,
      "trees": 5
    },
    "image_shape": [
      3,
      128,
      128
    ],
    "total_features_available": 486,
    "feature_method": "wst",
    "dataset_type": "mini",
    "k_features": 20
  },
  "feature_selection": {
    "method": "SelectKBest_k20",
    "num_features": 20,
    "selected_features": [
      "R_wst_mean_12",
      "R_wst_std_0",
      "G_wst_mean_12",
      "G_wst_mean_15",
      "G_wst_std_0",
      "B_wst_mean_0",
      "B_wst_mean_4",
      "B_wst_mean_5",
      "B_wst_mean_8",
      "B_wst_mean_10",
      "B_wst_mean_12",
      "B_wst_mean_13",
      "B_wst_mean_16",
      "B_wst_mean_46",
      "B_wst_mean_49",
      "B_wst_mean_50",
      "B_wst_mean_57",
      "B_wst_std_0",
      "B_wst_std_15",
      "B_wst_std_44"
    ],
    "feature_scores": [
      0.5285464535464539,
      0.7726734376734381,
      0.5418797868797869,
      0.5624353424353428,
      0.5548162948162951,
      0.538887963887964,
      0.5184117734117741,
      0.5916152366152372,
      0.5324281274281277,
      0.5168004218004221,
      0.5380389980389986,
      0.5280702630702632,
      0.6425916675916679,
      0.5886739186739189,
      0.542435342435343,
      0.6613242313242316,
      0.5796575646575648,
      0.555689310689311,
      0.5595709845709844,
      0.5447369297369302
    ]
  },
  "performance": {
    "test_accuracy": 1.0,
    "cv_mean_accuracy": 0.6666666666666667,
    "cv_std_accuracy": 0.21081851067789195,
    "cv_scores": [
      0.6666666666666666,
      0.6666666666666666,
      0.6666666666666666,
      0.3333333333333333,
      1.0
    ],
    "classification_report": {
      "garden": {
        "precision": 1.0,
        "recall": 1.0,
        "f1-score": 1.0,
        "support": 1.0
      },
      "low_veg": {
        "precision": 1.0,
        "recall": 1.0,
        "f1-score": 1.0,
        "support": 1.0
      },
      "trees": {
        "precision": 1.0,
        "recall": 1.0,
        "f1-score": 1.0,
        "support": 1.0
      },
      "accuracy": 1.0,
      "macro avg": {
        "precision": 1.0,
        "recall": 1.0,
        "f1-score": 1.0,
        "support": 3.0
      },
      "weighted avg": {
        "precision": 1.0,
        "recall": 1.0,
        "f1-score": 1.0,
        "support": 3.0
      }
    },
    "confusion_matrix": [
      [
        1,
        0,
        0
      ],
      [
        0,
        1,
        0
      ],
      [
        0,
        0,
        1
      ]
    ]
  },
  "model_files": {
    "trained_model": "trained_model.joblib",
    "scaler": "scaler.joblib",
    "feature_selector": "feature_selector.joblib",
    "feature_names": "feature_names.json"
  },
  "timestamp": "2025-07-21T19:13:29.055615"
}