{
  "experiment_name": "wst_assatigue_k20_WithModel",
  "config": {
    "dataset_path": "/home/brusc/Projects/random_forest/datasets/dataset_rgb_uniform_10/original",
    "area_name": "assatigue",
    "feature_method": "wst",
    "k_features": 20,
    "output_dir": "/home/brusc/Projects/random_forest/experiments_organized/uniform_output/dataset_rgb_uniform_10/assatigue/original/k20/wst",
    "n_estimators": 50,
    "test_size": 0.2,
    "random_state": 42,
    "cv_folds": 5
  },
  "dataset_info": {
    "data_directory": "/home/brusc/Projects/random_forest/datasets/dataset_rgb_uniform_10/original",
    "area_name": "assatigue",
    "total_images": 116,
    "classes": {
      "low_veg": 40,
      "water": 40,
      "trees": 36
    },
    "image_shape": [
      3,
      128,
      128
    ],
    "total_features_available": 486,
    "feature_method": "wst",
    "dataset_type": "original",
    "k_features": 20
  },
  "feature_selection": {
    "method": "SelectKBest_k20",
    "num_features": 20,
    "selected_features": [
      "R_wst_mean_2",
      "R_wst_mean_3",
      "R_wst_mean_4",
      "R_wst_mean_5",
      "R_wst_mean_6",
      "R_wst_mean_7",
      "R_wst_mean_10",
      "R_wst_mean_14",
      "R_wst_mean_15",
      "R_wst_mean_43",
      "R_wst_mean_53",
      "R_wst_std_0",
      "G_wst_mean_3",
      "G_wst_mean_6",
      "G_wst_mean_10",
      "G_wst_mean_14",
      "G_wst_mean_15",
      "G_wst_mean_61",
      "G_wst_std_0",
      "B_wst_mean_4"
    ],
    "feature_scores": [
      0.8361573068446893,
      0.8351359997750194,
      0.8436470268724678,
      0.8847346542327792,
      0.897485960329923,
      0.8168219573795574,
      0.8341830417385927,
      0.8710827147194642,
      0.8885786353474634,
      0.8332335159529125,
      0.8276871924882232,
      0.8914609885334124,
      0.8292248677096876,
      0.8467776929470174,
      0.8339003141518788,
      0.8344943012078763,
      0.8461742264692311,
      0.8123012764893902,
      0.9113219295276445,
      0.8127952859785124
    ]
  },
  "performance": {
    "test_accuracy": 1.0,
    "cv_mean_accuracy": 0.9568840579710145,
    "cv_std_accuracy": 0.03889488956614392,
    "cv_scores": [
      0.9583333333333334,
      0.9130434782608695,
      0.9130434782608695,
      1.0,
      1.0
    ],
    "classification_report": {
      "low_veg": {
        "precision": 1.0,
        "recall": 1.0,
        "f1-score": 1.0,
        "support": 8.0
      },
      "trees": {
        "precision": 1.0,
        "recall": 1.0,
        "f1-score": 1.0,
        "support": 8.0
      },
      "water": {
        "precision": 1.0,
        "recall": 1.0,
        "f1-score": 1.0,
        "support": 8.0
      },
      "accuracy": 1.0,
      "macro avg": {
        "precision": 1.0,
        "recall": 1.0,
        "f1-score": 1.0,
        "support": 24.0
      },
      "weighted avg": {
        "precision": 1.0,
        "recall": 1.0,
        "f1-score": 1.0,
        "support": 24.0
      }
    },
    "confusion_matrix": [
      [
        8,
        0,
        0
      ],
      [
        0,
        8,
        0
      ],
      [
        0,
        0,
        8
      ]
    ]
  },
  "model_files": {
    "trained_model": "trained_model.joblib",
    "scaler": "scaler.joblib",
    "feature_selector": "feature_selector.joblib",
    "feature_names": "feature_names.json"
  },
  "timestamp": "2025-07-22T04:06:28.276307"
}