{
  "experiment_name": "wst_sunset_k20_WithModel",
  "config": {
    "dataset_path": "/home/brusc/Projects/random_forest/datasets/dataset_rgb_poisson_40/small",
    "area_name": "sunset",
    "feature_method": "wst",
    "k_features": 20,
    "output_dir": "/home/brusc/Projects/random_forest/experiments_organized_2/poisson_output/dataset_rgb_poisson_40/sunset/small/k20/wst",
    "n_estimators": 10,
    "test_size": 0.2,
    "random_state": 42,
    "cv_folds": 5
  },
  "dataset_info": {
    "data_directory": "/home/brusc/Projects/random_forest/datasets/dataset_rgb_poisson_40/small",
    "area_name": "sunset",
    "total_images": 45,
    "classes": {
      "garden": 15,
      "low_veg": 15,
      "trees": 15
    },
    "image_shape": [
      3,
      128,
      128
    ],
    "total_features_available": 486,
    "feature_method": "wst",
    "dataset_type": "small",
    "k_features": 20
  },
  "feature_selection": {
    "method": "SelectKBest_k20",
    "num_features": 20,
    "selected_features": [
      "R_wst_mean_10",
      "R_wst_mean_11",
      "R_wst_std_0",
      "R_wst_std_11",
      "R_wst_std_12",
      "G_wst_mean_10",
      "G_wst_mean_12",
      "G_wst_std_0",
      "G_wst_std_11",
      "G_wst_std_12",
      "B_wst_mean_9",
      "B_wst_mean_10",
      "B_wst_mean_11",
      "B_wst_mean_12",
      "B_wst_mean_13",
      "B_wst_mean_14",
      "B_wst_mean_15",
      "B_wst_mean_16",
      "B_wst_std_10",
      "B_wst_std_17"
    ],
    "feature_scores": [
      0.7865356021388086,
      0.837452709722583,
      0.7927100463445715,
      0.7206045578744311,
      0.7221148993847726,
      0.7382722605421339,
      0.7670773751805815,
      0.7280592636624701,
      0.7426386479241804,
      0.7981996389008845,
      0.8130243820589611,
      0.8451352650031774,
      0.7904527253206375,
      0.8314844713523837,
      0.8687921967844643,
      0.8374287869790253,
      0.8257378015370864,
      0.7773388856381704,
      0.7752328217674009,
      0.7329280457691336
    ]
  },
  "performance": {
    "test_accuracy": 1.0,
    "cv_mean_accuracy": 0.9333333333333332,
    "cv_std_accuracy": 0.054433105395181765,
    "cv_scores": [
      1.0,
      1.0,
      0.8888888888888888,
      0.8888888888888888,
      0.8888888888888888
    ],
    "classification_report": {
      "garden": {
        "precision": 1.0,
        "recall": 1.0,
        "f1-score": 1.0,
        "support": 3.0
      },
      "low_veg": {
        "precision": 1.0,
        "recall": 1.0,
        "f1-score": 1.0,
        "support": 3.0
      },
      "trees": {
        "precision": 1.0,
        "recall": 1.0,
        "f1-score": 1.0,
        "support": 3.0
      },
      "accuracy": 1.0,
      "macro avg": {
        "precision": 1.0,
        "recall": 1.0,
        "f1-score": 1.0,
        "support": 9.0
      },
      "weighted avg": {
        "precision": 1.0,
        "recall": 1.0,
        "f1-score": 1.0,
        "support": 9.0
      }
    },
    "confusion_matrix": [
      [
        3,
        0,
        0
      ],
      [
        0,
        3,
        0
      ],
      [
        0,
        0,
        3
      ]
    ]
  },
  "model_files": {
    "trained_model": "trained_model.joblib",
    "scaler": "scaler.joblib",
    "feature_selector": "feature_selector.joblib",
    "feature_names": "feature_names.json"
  },
  "timestamp": "2025-07-21T21:26:14.971237"
}